29000004
81c52000
01000000
01000000
29000004
81c5228c
a1480000
01000000
29000004
81c5228c
a1480000
01000000
29000004
81c5228c
a1480000
01000000
29000004
81c5228c
a1480000
01000000
29000004
81c5228c
a1480000
01000000
29000004
81c5228c
a1480000
01000000
29000004
81c5228c
a1480000
01000000
29000004
81c5228c
a1480000
01000000
29000004
81c5228c
a1480000
01000000
29000004
81c5228c
a1480000
01000000
29000004
81c5228c
a1480000
01000000
29000004
81c5228c
a1480000
01000000
29000004
81c5228c
a1480000
01000000
29000004
81c5228c
a1480000
01000000
29000004
81c5228c
a1480000
01000000
29000004
81c5228c
a1480000
01000000
29000004
81c5228c
a1480000
01000000
29000004
81c5228c
a1480000
01000000
29000004
81c5228c
a1480000
01000000
29000004
81c5228c
a1480000
01000000
29000004
81c5228c
a1480000
01000000
29000004
81c5228c
a1480000
01000000
29000004
81c5228c
a1480000
01000000
29000004
81c5228c
a1480000
01000000
29000004
81c5228c
a1480000
01000000
29000004
81c5228c
a1480000
01000000
29000004
81c5228c
a1480000
01000000
29000004
81c5228c
a1480000
01000000
29000004
81c5228c
a1480000
01000000
29000004
81c5228c
a1480000
01000000
29000004
81c5228c
a1480000
01000000
29000004
81c5228c
a1480000
01000000
29000004
81c5228c
a1480000
01000000
29000004
81c5228c
a1480000
01000000
29000004
81c5228c
a1480000
01000000
29000004
81c5228c
a1480000
01000000
29000004
81c5228c
a1480000
01000000
29000004
81c5228c
a1480000
01000000
29000004
81c5228c
a1480000
01000000
29000004
81c5228c
a1480000
01000000
29000004
81c5228c
a1480000
01000000
29000004
81c5228c
a1480000
01000000
29000004
81c5228c
a1480000
01000000
29000004
81c5228c
a1480000
01000000
29000004
81c5228c
a1480000
01000000
29000004
81c5228c
a1480000
01000000
29000004
81c5228c
a1480000
01000000
29000004
81c5228c
a1480000
01000000
29000004
81c5228c
a1480000
01000000
29000004
81c5228c
a1480000
01000000
29000004
81c5228c
a1480000
01000000
29000004
81c5228c
a1480000
01000000
29000004
81c5228c
a1480000
01000000
29000004
81c5228c
a1480000
01000000
29000004
81c5228c
a1480000
01000000
29000004
81c5228c
a1480000
01000000
29000004
81c5228c
a1480000
01000000
29000004
81c5228c
a1480000
01000000
29000004
81c5228c
a1480000
01000000
29000004
81c5228c
a1480000
01000000
29000004
81c5228c
a1480000
01000000
29000004
81c5228c
a1480000
01000000
29000004
81c5228c
a1480000
01000000
29000004
81c5228c
a1480000
01000000
29000004
81c5228c
a1480000
01000000
29000004
81c5228c
a1480000
01000000
29000004
81c5228c
a1480000
01000000
29000004
81c5228c
a1480000
01000000
29000004
81c5228c
a1480000
01000000
29000004
81c5228c
a1480000
01000000
29000004
81c5228c
a1480000
01000000
29000004
81c5228c
a1480000
01000000
29000004
81c5228c
a1480000
01000000
29000004
81c5228c
a1480000
01000000
29000004
81c5228c
a1480000
01000000
29000004
81c5228c
a1480000
01000000
29000004
81c5228c
a1480000
01000000
29000004
81c5228c
a1480000
01000000
29000004
81c5228c
a1480000
01000000
29000004
81c5228c
a1480000
01000000
29000004
81c5228c
a1480000
01000000
29000004
81c5228c
a1480000
01000000
29000004
81c5228c
a1480000
01000000
29000004
81c5228c
a1480000
01000000
29000004
81c5228c
a1480000
01000000
29000004
81c5228c
a1480000
01000000
29000004
81c5228c
a1480000
01000000
29000004
81c5228c
a1480000
01000000
29000004
81c5228c
a1480000
01000000
29000004
81c5228c
a1480000
01000000
29000004
81c5228c
a1480000
01000000
29000004
81c5228c
a1480000
01000000
29000004
81c5228c
a1480000
01000000
29000004
81c5228c
a1480000
01000000
29000004
81c5228c
a1480000
01000000
29000004
81c5228c
a1480000
01000000
29000004
81c5228c
a1480000
01000000
29000004
81c5228c
a1480000
01000000
29000004
81c5228c
a1480000
01000000
29000004
81c5228c
a1480000
01000000
29000004
81c5228c
a1480000
01000000
29000004
81c5228c
a1480000
01000000
29000004
81c5228c
a1480000
01000000
29000004
81c5228c
a1480000
01000000
29000004
81c5228c
a1480000
01000000
29000004
81c5228c
a1480000
01000000
29000004
81c5228c
a1480000
01000000
29000004
81c5228c
a1480000
01000000
29000004
81c5228c
a1480000
01000000
29000004
81c5228c
a1480000
01000000
29000004
81c5228c
a1480000
01000000
29000004
81c5228c
a1480000
01000000
29000004
81c5228c
a1480000
01000000
29000004
81c5228c
a1480000
01000000
29000004
81c5228c
a1480000
01000000
29000004
81c5228c
a1480000
01000000
29000004
81c5228c
a1480000
01000000
29000004
81c5228c
a1480000
01000000
29000004
81c5228c
a1480000
01000000
29000004
81c5228c
a1480000
01000000
29000004
81c5228c
a1480000
01000000
29000004
81c5228c
a1480000
01000000
29000004
81c5228c
a1480000
01000000
29000004
81c5228c
a1480000
01000000
29000004
81c5228c
a1480000
01000000
29000004
81c5228c
a1480000
01000000
29000004
81c5228c
a1480000
01000000
29000004
81c5228c
a1480000
01000000
29000004
81c5228c
a1480000
01000000
29000004
81c5228c
a1480000
01000000
29000004
81c5228c
a1480000
01000000
29000004
81c5228c
a1480000
01000000
29000004
81c5228c
a1480000
01000000
29000004
81c5228c
a1480000
01000000
29000004
81c5228c
a1480000
01000000
29000004
81c5228c
a1480000
01000000
29000004
81c5228c
a1480000
01000000
29000004
81c5228c
a1480000
01000000
29000004
81c5228c
a1480000
01000000
29000004
81c5228c
a1480000
01000000
29000004
81c5228c
a1480000
01000000
29000004
81c5228c
a1480000
01000000
29000004
81c5228c
a1480000
01000000
29000004
81c5228c
a1480000
01000000
29000004
81c5228c
a1480000
01000000
29000004
81c5228c
a1480000
01000000
29000004
81c5228c
a1480000
01000000
29000004
81c5228c
a1480000
01000000
29000004
81c5228c
a1480000
01000000
29000004
81c5228c
a1480000
01000000
29000004
81c5228c
a1480000
01000000
29000004
81c5228c
a1480000
01000000
29000004
81c5228c
a1480000
01000000
29000004
81c5228c
a1480000
01000000
29000004
81c5228c
a1480000
01000000
29000004
81c5228c
a1480000
01000000
29000004
81c5228c
a1480000
01000000
29000004
81c5228c
a1480000
01000000
29000004
81c5228c
a1480000
01000000
29000004
81c5228c
a1480000
01000000
29000004
81c5228c
a1480000
01000000
29000004
81c5228c
a1480000
01000000
29000004
81c5228c
a1480000
01000000
29000004
81c5228c
a1480000
01000000
29000004
81c5228c
a1480000
01000000
29000004
81c5228c
a1480000
01000000
29000004
81c5228c
a1480000
01000000
29000004
81c5228c
a1480000
01000000
29000004
81c5228c
a1480000
01000000
29000004
81c5228c
a1480000
01000000
29000004
81c5228c
a1480000
01000000
29000004
81c5228c
a1480000
01000000
29000004
81c5228c
a1480000
01000000
29000004
81c5228c
a1480000
01000000
29000004
81c5228c
a1480000
01000000
29000004
81c5228c
a1480000
01000000
29000004
81c5228c
a1480000
01000000
29000004
81c5228c
a1480000
01000000
29000004
81c5228c
a1480000
01000000
29000004
81c5228c
a1480000
01000000
29000004
81c5228c
a1480000
01000000
29000004
81c5228c
a1480000
01000000
29000004
81c5228c
a1480000
01000000
29000004
81c5228c
a1480000
01000000
29000004
81c5228c
a1480000
01000000
29000004
81c5228c
a1480000
01000000
29000004
81c5228c
a1480000
01000000
29000004
81c5228c
a1480000
01000000
29000004
81c5228c
a1480000
01000000
29000004
81c5228c
a1480000
01000000
29000004
81c5228c
a1480000
01000000
29000004
81c5228c
a1480000
01000000
29000004
81c5228c
a1480000
01000000
29000004
81c5228c
a1480000
01000000
29000004
81c5228c
a1480000
01000000
29000004
81c5228c
a1480000
01000000
29000004
81c5228c
a1480000
01000000
29000004
81c5228c
a1480000
01000000
29000004
81c5228c
a1480000
01000000
29000004
81c5228c
a1480000
01000000
29000004
81c5228c
a1480000
01000000
29000004
81c5228c
a1480000
01000000
29000004
81c5228c
a1480000
01000000
29000004
81c5228c
a1480000
01000000
29000004
81c5228c
a1480000
01000000
29000004
81c5228c
a1480000
01000000
29000004
81c5228c
a1480000
01000000
29000004
81c5228c
a1480000
01000000
29000004
81c5228c
a1480000
01000000
29000004
81c5228c
a1480000
01000000
29000004
81c5228c
a1480000
01000000
29000004
81c5228c
a1480000
01000000
29000004
81c5228c
a1480000
01000000
29000004
81c5228c
a1480000
01000000
29000004
81c5228c
a1480000
01000000
29000004
81c5228c
a1480000
01000000
29000004
81c5228c
a1480000
01000000
29000004
81c5228c
a1480000
01000000
29000004
81c5228c
a1480000
01000000
29000004
81c5228c
a1480000
01000000
29000004
81c5228c
a1480000
01000000
29000004
81c5228c
a1480000
01000000
29000004
81c5228c
a1480000
01000000
29000004
81c5228c
a1480000
01000000
29000004
81c5228c
a1480000
01000000
29000004
81c5228c
a1480000
01000000
29000004
81c5228c
a1480000
01000000
29000004
81c5228c
a1480000
01000000
29000004
81c5228c
a1480000
01000000
29000004
81c5228c
a1480000
01000000
29000004
81c5228c
a1480000
01000000
29000004
81c5228c
a1480000
01000000
29000004
81c5228c
a1480000
01000000
29000004
81c5228c
a1480000
01000000
29000004
81c5228c
a1480000
01000000
29000004
81c5228c
a1480000
01000000
29000004
81c5228c
a1480000
01000000
29000004
81c5228c
a1480000
01000000
29000004
81c5228c
a1480000
01000000
29000004
81c5228c
a1480000
01000000
29000004
81c5228c
a1480000
01000000
29000004
81c5228c
a1480000
01000000
29000004
81c5228c
a1480000
01000000
29000004
81c5228c
a1480000
01000000
29000004
81c5228c
a1480000
01000000
29000004
81c5228c
a1480000
01000000
29000004
81c5228c
a1480000
01000000
29000004
81c5228c
a1480000
01000000
29000004
81c5228c
a1480000
01000000
29000004
81c5228c
a1480000
01000000
29000004
81c5228c
a1480000
01000000
29000004
81c5228c
a1480000
01000000
29000004
81c5228c
a1480000
01000000
29000004
81c5228c
a1480000
01000000
29000004
81c5228c
a1480000
01000000
e0800080
a1342002
a08c2003
12800055
01000000
81882fc0
01000000
01000000
01000000
81902000
01000000
01000000
01000000
03000000
82106000
81980001
01000000
01000000
01000000
033c0000
0500009c
8410a268
86100000
c88045e3
c820c000
8600e004
80a0c002
0abffffc
01000000
0f000400
82100000
c021c001
82006004
80a06080
06bffffd
01000000
82103fff
c221e000
c221e004
c221e010
83480000
c221e03c
81903fff
01000000
01000000
01000000
83500000
84100000
80886001
32800002
8400a001
83306001
80904000
12bffffb
01000000
c421e024
81902002
01000000
01000000
01000000
83480000
05000004
82104002
81880001
01000000
01000000
01000000
83480000
80884002
02800005
01000000
86102001
c621e028
c109e044
1d0007fc
bc100000
83480000
82106020
81880001
01000000
01000000
01000000
400000cf
01000000
4000014b
01000000
10800000
01000000
e0800080
a1342002
a00c2003
a12c2002
23000600
a2044010
25000600
a414a010
a4048010
27380008
e884c5e0
e8a44400
e8848400
a8052001
e8a48400
ab2c2002
2d000600
ac15a100
ac058015
ee858400
8095c000
02bfffeb
01000000
a205a004
d0844400
a205a008
d2844400
9fc5c000
01000000
a205a00c
d0a44400
c0a58400
10bfffe0
01000000
912a2004
19000600
98132100
98030008
9a032004
d4a34400
9a032008
d6a34400
81c3e008
d2a30400
912a2004
19000600
98132100
98030008
17000061
9612e2a0
d4830400
80928000
02800006
92102000
96a2e001
12bffffb
01000000
92102001
9803200c
81c3e008
d0830400
912a2002
13000600
92126010
92024008
d4824400
961027d0
96a2e001
12bfffff
01000000
d0824400
9022000a
80a00008
81c3e008
90402000
a7580000
a734e004
a60ce0ff
80a4e005
0280003a
01000000
80a4e006
02800059
01000000
80a4e0fe
0280001a
01000000
e801e034
a8052001
e821e034
e801e000
80a50013
12800016
01000000
e621e004
e221e008
e421e00c
e021e04c
a8103fff
e821e000
e801e054
80950000
0280001d
01000000
c021e054
81880010
01000000
01000000
01000000
81c50000
81cd2004
a0142040
10800013
01000000
e621e010
e221e014
e801e018
a8052001
e821e018
80a4e011
0680000b
01000000
80a4e01f
14800008
01000000
81880010
01000000
01000000
01000000
81c44000
81cc8000
81880010
01000000
01000000
01000000
81c48000
81cca004
a7500000
ae100001
8334e001
a92ce007
82150001
820860ff
81900000
01000000
01000000
01000000
81e00000
e03ba000
e43ba008
e83ba010
ec3ba018
f03ba020
f43ba028
f83ba030
fc3ba038
81e80000
81900001
01000000
01000000
01000000
82100017
e801e01c
a8052001
e821e01c
81880010
01000000
01000000
01000000
81c44000
81cc8000
a7500000
a92ce001
ab34e007
aa154014
aa0d60ff
81900015
01000000
01000000
01000000
81e80000
81e80000
e01ba000
e41ba008
e81ba010
ec1ba018
f01ba020
f41ba028
f81ba030
fc1ba038
81e00000
81e00000
e801e020
a8052001
e821e020
81880010
01000000
01000000
01000000
81c44000
81cc8000
133c4400
92126004
15000020
9412a160
d60a8000
80a2e0ff
02800009
01000000
d6aa45e0
98102040
98a32001
12bfffff
01000000
10bffff7
9402a001
81c3e008
01000000
133c4400
92126004
170000c3
9612e140
d48a45e0
808aa004
12800005
01000000
96a2e001
12bffffb
01000000
133c4400
92126006
81c3e008
d0aa45e0
9de3bfa0
e00e0000
80940000
0280000b
01000000
80a4200a
12800004
01000000
7fffffe9
9010200d
7fffffe7
90100010
10bffff5
b0062001
81c7e008
81e80000
9de3bfa0
a010201c
a3360010
a20c600f
80a4600a
06800003
90046030
90046057
7fffffd9
01000000
a0a42004
16bffff7
01000000
81c7e008
81e80000
9de3bfa0
21000020
a0142138
a4100000
e2040000
80944000
02800011
01000000
a6100000
80a60011
0a800005
01000000
b0260011
10bffffc
a604e001
8094c012
02800005
01000000
a4102001
7fffffbf
9004e030
10bfffef
a0042004
7fffffbb
90062030
81c7e008
81e80000
9de3bfa0
80a6401a
02800020
01000000
e001e018
a0042001
e021e018
e001e038
80a42010
16800019
a0042001
e021e038
11000020
901221b3
7fffffb8
01000000
7fffffc6
90100018
11000020
901221be
7fffffb2
01000000
7fffffc0
9010001a
11000020
901221c4
7fffffac
01000000
7fffffba
90100019
11000020
9012219f
7fffffa6
01000000
81c7e008
81e80000
9de3bfa0
11000020
90122179
7fffff9f
01000000
11000020
90122183
7fffff9b
01000000
11000020
90122188
7fffff97
01000000
7fffffa5
d001e03c
11000020
9012218e
7fffff91
01000000
7fffffae
d001e024
11000020
90122199
7fffff8b
01000000
7fffffa8
d001e028
11000020
9012219f
7fffff85
01000000
2100009c
a0142058
e2040000
80944000
02800043
01000000
e4042004
c021e018
c021e038
c021e044
a6103fff
e621e000
e621e004
e621e010
9fc48000
01000000
e601e044
8094c000
12800012
01000000
e601e018
8094c000
12800008
01000000
11000020
901221a1
e601e02c
a604e001
1080000d
e621e02c
11000020
901221a7
e601e030
a604e001
10800007
e621e030
11000020
901221ad
e601e048
a604e001
e621e048
7fffff5a
01000000
7fffff58
90100011
11000020
9012219f
7fffff54
01000000
e601e010
80a4ffff
02800012
01000000
11000020
901221ca
7fffff4c
01000000
7fffff5a
90100013
11000020
901221e2
7fffff46
01000000
7fffff54
d001e014
11000020
9012219f
7fffff40
01000000
10bfffbd
a0042008
11000020
901221e7
7fffff3a
01000000
7fffff57
d001e02c
11000020
901221fa
7fffff34
01000000
7fffff51
d001e030
11000020
90122201
7fffff2e
01000000
7fffff4b
d001e048
11000020
9012219f
7fffff28
01000000
81c7e008
81e80000
81828000
01000000
01000000
01000000
80a0000b
90020009
81c3e008
01000000
81828000
01000000
01000000
01000000
80a0000b
90820009
81c3e008
01000000
81828000
01000000
01000000
01000000
80a0000b
90420009
81c3e008
01000000
81828000
01000000
01000000
01000000
80a0000b
90c20009
81c3e008
01000000
81828000
01000000
01000000
01000000
80a0000b
90220009
81c3e008
01000000
81828000
01000000
01000000
01000000
80a0000b
90a20009
81c3e008
01000000
81828000
01000000
01000000
01000000
80a0000b
90620009
81c3e008
01000000
81828000
01000000
01000000
01000000
80a0000b
90e20009
81c3e008
01000000
81828000
01000000
01000000
01000000
80a0000b
900a0009
81c3e008
01000000
81828000
01000000
01000000
01000000
80a0000b
908a0009
81c3e008
01000000
81828000
01000000
01000000
01000000
80a0000b
902a0009
81c3e008
01000000
81828000
01000000
01000000
01000000
80a0000b
90aa0009
81c3e008
01000000
81828000
01000000
01000000
01000000
80a0000b
90120009
81c3e008
01000000
81828000
01000000
01000000
01000000
80a0000b
90920009
81c3e008
01000000
81828000
01000000
01000000
01000000
80a0000b
90320009
81c3e008
01000000
81828000
01000000
01000000
01000000
80a0000b
90b20009
81c3e008
01000000
81828000
01000000
01000000
01000000
80a0000b
901a0009
81c3e008
01000000
81828000
01000000
01000000
01000000
80a0000b
909a0009
81c3e008
01000000
81828000
01000000
01000000
01000000
80a0000b
903a0009
81c3e008
01000000
81828000
01000000
01000000
01000000
80a0000b
90ba0009
81c3e008
01000000
81828000
01000000
01000000
01000000
80a0000b
912a0009
81c3e008
01000000
81828000
01000000
01000000
01000000
80a0000b
91320009
81c3e008
01000000
81828000
01000000
01000000
01000000
80a0000b
913a0009
81c3e008
01000000
81828000
01000000
01000000
01000000
80a0000b
90520009
81c3e008
01000000
81828000
01000000
01000000
01000000
80a0000b
90d20009
81c3e008
01000000
81828000
01000000
01000000
01000000
80a0000b
905a0009
81c3e008
01000000
81828000
01000000
01000000
01000000
80a0000b
90da0009
81c3e008
01000000
81828000
01000000
01000000
01000000
80a0000b
90720009
81c3e008
01000000
81828000
01000000
01000000
01000000
80a0000b
90f20009
81c3e008
01000000
81828000
01000000
01000000
01000000
80a0000b
907a0009
81c3e008
01000000
81828000
01000000
01000000
01000000
80a0000b
90fa0009
81c3e008
01000000
81828000
01000000
01000000
01000000
80a0000b
91220009
81c3e008
01000000
81828000
01000000
01000000
01000000
80a0000b
91020009
81c3e008
01000000
81828000
01000000
01000000
01000000
80a0000b
910a0009
81c3e008
01000000
81828000
01000000
01000000
01000000
80a0000b
91120009
81c3e008
01000000
81828000
01000000
01000000
01000000
80a0000b
911a0009
81c3e008
01000000
81828000
01000000
01000000
01000000
80a0000b
90023000
81c3e008
01000000
81828000
01000000
01000000
01000000
80a0000b
90022fff
81c3e008
01000000
81828000
01000000
01000000
01000000
80a0000b
90823fff
81c3e008
01000000
81828000
01000000
01000000
01000000
80a0000b
90822001
81c3e008
01000000
81828000
01000000
01000000
01000000
80a0000b
90a22001
81c3e008
01000000
81828000
01000000
01000000
01000000
80a0000b
90a23000
81c3e008
01000000
81828000
01000000
01000000
01000000
80a0000b
90c22000
81c3e008
01000000
81828000
01000000
01000000
01000000
80a0000b
90e22000
81c3e008
01000000
81828000
01000000
01000000
01000000
80a0000b
900a2fff
81c3e008
01000000
81828000
01000000
01000000
01000000
80a0000b
908a3ffe
81c3e008
01000000
81828000
01000000
01000000
01000000
80a0000b
90123fff
81c3e008
01000000
81828000
01000000
01000000
01000000
80a0000b
90922000
81c3e008
01000000
81828000
01000000
01000000
01000000
80a0000b
901a3fff
81c3e008
01000000
81828000
01000000
01000000
01000000
80a0000b
90ba2000
81c3e008
01000000
81828000
01000000
01000000
01000000
80a0000b
912a201f
81c3e008
01000000
81828000
01000000
01000000
01000000
80a0000b
912a2001
81c3e008
01000000
81828000
01000000
01000000
01000000
80a0000b
9132201f
81c3e008
01000000
81828000
01000000
01000000
01000000
80a0000b
91322001
81c3e008
01000000
81828000
01000000
01000000
01000000
80a0000b
913a201f
81c3e008
01000000
81828000
01000000
01000000
01000000
80a0000b
913a2004
81c3e008
01000000
81828000
01000000
01000000
01000000
80a0000b
90522003
81c3e008
01000000
81828000
01000000
01000000
01000000
80a0000b
905a3ffd
81c3e008
01000000
81828000
01000000
01000000
01000000
80a0000b
90722003
81c3e008
01000000
81828000
01000000
01000000
01000000
80a0000b
907a3ffe
81c3e008
01000000
81828000
01000000
01000000
01000000
80a0000b
91222000
81c3e008
01000000
81828000
01000000
01000000
01000000
80a0000b
91022001
81c3e008
01000000
81828000
01000000
01000000
01000000
80a0000b
910a2004
81c3e008
01000000
95480000
173fc3ff
9612e3ff
940a800b
932a6014
94128009
8188000a
01000000
01000000
01000000
15000008
9412a090
912a2004
81c28008
01000000
00800040
01000000
81c3e008
90102000
0280003c
01000000
81c3e008
90102000
04800038
01000000
81c3e008
90102000
06800034
01000000
81c3e008
90102000
08800030
01000000
81c3e008
90102000
0a80002c
01000000
81c3e008
90102000
0c800028
01000000
81c3e008
90102000
0e800024
01000000
81c3e008
90102000
10800020
01000000
81c3e008
90102000
1280001c
01000000
81c3e008
90102000
14800018
01000000
81c3e008
90102000
16800014
01000000
81c3e008
90102000
18800010
01000000
81c3e008
90102000
1a80000c
01000000
81c3e008
90102000
1c800008
01000000
81c3e008
90102000
1e800004
01000000
81c3e008
90102000
81c3e008
90102001
9de3bfa0
a0103fff
e021e004
a01020a1
e021e000
a5480000
273fc3ff
a614e3ff
a40c8013
a32e6014
a4148011
81880012
01000000
01000000
01000000
25000008
a414a210
a32e2004
9fc48011
01000000
e001e004
a2103fff
e221e000
80a420a1
22800003
b0102001
b0102000
81c7e008
81e80000
01000000
81d02021
81c3e008
01000000
01000000
83d02021
81c3e008
01000000
01000000
85d02021
81c3e008
01000000
01000000
87d02021
81c3e008
01000000
01000000
89d02021
81c3e008
01000000
01000000
8bd02021
81c3e008
01000000
01000000
8dd02021
81c3e008
01000000
01000000
8fd02021
81c3e008
01000000
01000000
91d02021
81c3e008
01000000
01000000
93d02021
81c3e008
01000000
01000000
95d02021
81c3e008
01000000
01000000
97d02021
81c3e008
01000000
01000000
99d02021
81c3e008
01000000
01000000
9bd02021
81c3e008
01000000
01000000
9dd02021
81c3e008
01000000
01000000
9fd02021
81c3e008
01000000
01000000
9de3bfa0
a0100000
25000020
a414a208
a72c2002
e8048013
a2100000
aa100000
90100011
7fffff48
92100010
912a0011
aa154008
a2046001
80a46010
06bffff9
01000000
92100015
94100014
7ffffca4
90100010
a0042001
80a42010
06bfffeb
01000000
81c7e008
81e80000
9de3bfa0
a0100000
25000020
a414a208
a72c2002
e8048013
a2100000
aa100000
90100011
7fffff7e
92100010
912a0011
aa154008
a2046001
80a46010
06bffff9
01000000
92100015
94100014
7ffffc89
90100010
a0042001
80a42010
06bfffeb
01000000
81c7e008
81e80000
9de3bfa0
a2100000
80a02001
22800002
a2102001
92100011
94102000
90102001
7ffffc79
01000000
a2100000
80a00000
22800003
a2102002
a2102099
92100011
94102002
90102002
7ffffc6f
01000000
a2100000
30800002
a2102003
92100011
94102000
90102003
7ffffc67
01000000
a2100000
10800002
a2102004
92100011
94102004
90102004
7ffffc5f
01000000
a2100000
20800003
a2102005
a2046010
92100011
94102010
90102005
7ffffc56
01000000
a2100000
00800003
a2102006
a2046020
92100011
94102026
90102006
7ffffc4d
01000000
a2100000
80a02001
02800003
a2102007
a2046030
92100011
94102037
90102007
7ffffc43
01000000
81c7e008
81e80000
9de3bfa0
40000004
01000000
10800005
01000000
a010000f
81c3e008
01000000
23000009
a21460f4
92100010
94100011
90102001
7ffffc32
01000000
25000009
a414a140
a7c48000
01000000
a8102bad
23000009
a2146134
92100013
94100011
90102002
7ffffc26
01000000
25000009
a414a168
81c4a008
a8102061
a8102bad
92100014
94102061
90102003
7ffffc1c
01000000
25000009
a414a1a6
90103fff
d021e004
90102007
d021e000
81c48000
01000000
d201e004
94102007
90102004
7ffffc0f
01000000
90103fff
d021e000
81c7e008
81e80000
9de3bfa0
90103fff
d021e004
90102090
d021e000
91d02010
d201e004
94102090
90102001
7ffffc00
01000000
90103fff
d021e000
21000009
a01421dc
e201e008
92100011
94100010
90102002
7ffffbf6
01000000
a0042004
e201e00c
92100011
94100010
90102003
7ffffbef
01000000
a4102075
90103fff
d021e004
901020ff
d021e000
91d4a00a
d201e004
941020ff
90102004
7ffffbe4
01000000
90103fff
d021e000
a4102081
90103fff
d021e004
90102081
d021e000
91d00012
d201e004
94102081
90102005
7ffffbd7
01000000
90103fff
d021e000
81c7e008
81e80000
9de3bfa0
90103fff
d021e004
90102002
d021e000
00001234
d201e004
94102002
90102001
7ffffbc8
01000000
90103fff
d021e000
90103fff
d021e004
90102002
d021e000
82480000
d201e004
94102002
90102002
7ffffbbc
01000000
90103fff
d021e000
90103fff
d021e004
90102002
d021e000
c0400000
d201e004
94102002
90102003
7ffffbb0
01000000
90103fff
d021e000
81c7e008
81e80000
9de3bfa0
21000009
a0142368
90103fff
d021e004
90102002
d021e000
81c40000
81cc2004
01000000
c201e004
80a07fff
12800003
01000000
9de3bfa0
d201e004
94102002
90102001
7ffffb98
01000000
90103fff
d021e000
e201e00c
92100011
94100010
90102002
7ffffb90
01000000
81c7e008
81e80000
9de3bfa0
90103fff
d021e004
90102003
d021e000
25000009
a414a3f4
a1480000
a22c2080
81880011
01000000
01000000
01000000
81cc8000
91d0207e
c201e004
80a07fff
12800003
01000000
9de3bfa0
d201e004
94102003
90102001
7ffffb75
01000000
90103fff
d021e000
27000009
a614e3f0
e201e008
92100011
94100013
90102002
7ffffb6b
01000000
e201e04c
a20c6040
92100011
94102000
90102003
7ffffb64
01000000
a3480000
a20c6080
92100011
94102080
90102004
7ffffb5d
01000000
81c7e008
81e80000
9de3bfa0
81800000
01000000
01000000
01000000
a0102005
a2102077
90103fff
d021e004
9010202a
d021e000
a2740000
d201e004
9410202a
90102001
7ffffb4a
01000000
90103fff
d021e000
92100011
94102077
90102002
7ffffb43
01000000
90103fff
d021e004
9010202a
d021e000
a2fc2000
d201e004
9410202a
90102003
7ffffb39
01000000
90103fff
d021e000
81c7e008
81e80000
9de3bfa0
a0102001
a2102004
a4102055
90103fff
d021e004
9010200a
d021e000
a5140011
d201e004
9410200a
90102001
7ffffb27
01000000
90103fff
d021e000
92100012
94102055
90102002
7ffffb20
01000000
90103fff
d021e004
9010200a
d021e000
a5144011
d201e004
94103fff
90102003
7ffffb16
01000000
90103fff
d021e000
92100012
94102008
90102004
7ffffb0f
01000000
271fffff
a614e3fc
90103fff
d021e004
9010200a
d021e000
a514c011
d201e004
9410200a
90102005
7ffffb03
01000000
90103fff
d021e000
90103fff
d021e004
9010200a
d021e000
a51c6002
d201e004
9410200a
90102006
7ffffaf7
01000000
90103fff
d021e000
81c7e008
81e80000
9de3bfa0
a1480000
23000004
a42c0011
81880012
01000000
01000000
01000000
90103fff
d021e004
90102004
d021e000
83a00020
d201e004
94102004
90102001
7ffffae1
01000000
90103fff
d021e000
90103fff
d021e004
90102004
d021e000
c501c000
d201e004
94102004
90102002
7ffffad5
01000000
90103fff
d021e000
90103fff
d021e004
90102004
d021e000
03800002
01000000
d201e004
94102004
90102003
7ffffac8
01000000
90103fff
d021e000
81880010
01000000
01000000
01000000
81c7e008
81e80000
9de3bfa0
90103fff
d021e004
90102024
d021e000
81b00000
d201e004
94102024
90102001
7ffffab5
01000000
90103fff
d021e000
90103fff
d021e004
90102024
d021e000
09c00002
01000000
d201e004
94102024
90102002
7ffffaa8
01000000
90103fff
d021e000
81c7e008
81e80000
9de3bfa0
a12e2008
a2142011
a4142022
a6142033
a8142044
aa142055
ac142066
ae142077
ba100018
90a62001
02800004
90102000
7ffffff3
90262001
b0020018
932f6008
94126077
80a5c00a
1280000a
94126011
80a4400a
12800007
94126044
80a5000a
12800004
01000000
81c7e008
81e80000
31200000
81c7e008
81e80000
9de3bfa0
90102123
82102456
a1480000
9de3bfa0
85480000
92100018
94102123
90102001
7ffffa79
01000000
92100001
94102456
90102002
7ffffa74
01000000
b2102789
81e80000
92100009
94102789
90102003
7ffffa6d
01000000
a208a01f
a00c201f
a2046001
e401e024
80a44012
32800003
01000000
a2100000
92100011
94100010
90102004
7ffffa60
01000000
9010200a
97e22005
b410000b
99eea001
9210000c
94102010
90102005
7ffffa57
01000000
81c7e008
81e80000
9de3bfa0
c021e01c
c021e020
7fffffae
90102028
92100008
94102334
90102001
7ffffa4b
01000000
e001e01c
e201e020
a4240011
92100012
94102002
90102002
7ffffa43
01000000
e401e024
a610202a
a624c012
80a40013
3a800003
a8102001
a8102000
92100014
94102001
90102003
7ffffa37
01000000
81c7e008
81e80000
9de3bfa0
e001e024
92100010
94102008
90102001
7ffffa2e
01000000
81c7e008
81e80000
9de3bfa0
a1480000
233fc000
a41c0011
81880012
01000000
01000000
01000000
a7480000
92100013
94100010
90102001
7ffffa1e
01000000
a42c2f00
a414a500
81880012
01000000
01000000
01000000
a7480000
a80cef00
92100014
94102500
90102002
7ffffa11
01000000
81880010
01000000
01000000
01000000
91480000
133fc3ff
921263ff
900a0009
13002800
90120009
81880008
01000000
01000000
01000000
ab480000
ab356014
aa0d600f
92100015
9410200a
90102003
7ffff9fb
01000000
81c7e008
81e80000
9de3bfa0
90103fff
d021e004
901020b3
d021e000
91d02033
d201e004
941020b3
90102001
7ffff9ee
01000000
90103fff
d021e000
a1580000
a20c2fff
92100011
94102b30
90102002
7ffff9e5
01000000
25000000
a414a000
a62c2fff
92100013
94100012
90102003
7ffff9dd
01000000
a814aff0
81980014
01000000
01000000
01000000
ab580000
92100015
94100010
90102004
7ffff9d2
01000000
81980012
01000000
01000000
01000000
81c7e008
81e80000
9de3bfa0
d001e028
80920000
12800006
01000000
90102001
d021e044
81c7e008
81e80000
c109e044
110fe000
d021e080
c101e080
11100000
d021e080
c301e080
85a00821
c521e080
e001e080
92100010
15101000
90102001
7ffff9b4
01000000
85a008a1
c521e080
e001e080
92100010
152fe000
90102002
7ffff9ac
01000000
110ff000
d021e080
c701e080
85a0c921
c521e080
e001e080
92100010
15101000
90102003
7ffff9a1
01000000
11101000
d021e080
c901e080
85a009a4
c521e080
e001e080
92100010
150faaaa
9412a2ab
90102004
7ffff995
01000000
85a00521
c521e080
e001e080
92100010
150fed41
9412a0f3
90102005
7ffff98c
01000000
85a000a0
c521e080
e001e080
92100010
152fe000
90102006
7ffff984
01000000
8ba00122
cb21e080
e001e080
92100010
150fe000
90102007
7ffff97c
01000000
8da00024
cd21e080
e001e080
92100010
15101000
90102008
7ffff974
01000000
81c7e008
81e80000
9de3bfa0
d001e028
80920000
12800006
01000000
90102001
d021e044
81c7e008
81e80000
c109e044
110ffc00
d021e080
c101e080
90102000
d021e080
c301e080
110f2c00
d021e080
c501e080
90102000
d021e080
c701e080
89a00842
c921e080
e001e080
cb21e080
e201e080
92100010
150ffc00
90102001
7ffff952
01000000
92100011
94102001
90102002
7ffff94d
01000000
11100200
d021e080
cd01e080
90102000
d021e080
cf01e080
91a009c6
d121e080
e001e080
d321e080
e201e080
92100010
150ff555
9412a155
90102003
7ffff93c
01000000
92100011
15155555
9412a155
90102004
7ffff936
01000000
95a20946
d521e080
e001e080
d721e080
e201e080
92100010
150ffc00
90102005
7ffff92c
01000000
92100011
94102000
90102006
7ffff927
01000000
11100000
d021e080
d901e080
90102000
d021e080
db01e080
9da0054c
dd21e080
e001e080
df21e080
e201e080
92100010
150ffda8
9412a09e
90102007
7ffff916
01000000
92100011
15199fce
9412a3cd
90102008
7ffff910
01000000
a1a008cc
e121e080
e001e080
92100010
152ffc00
90102009
7ffff908
01000000
81c7e008
81e80000
9de3bfa0
d001e028
80920000
12800006
01000000
90102001
d021e044
81c7e008
81e80000
c109e044
90103ff9
d021e080
c101e080
83a01880
c321e080
e001e080
92100010
15303800
90102001
7ffff8f1
01000000
85a01900
c521e080
e001e080
c721e080
e201e080
92100010
15300700
90102002
7ffff8e7
01000000
92100011
94102000
90102003
7ffff8e2
01000000
11100b33
901220cd
d021e080
c901e080
8ba01a24
cb21e080
e001e080
92100010
94102002
90102004
7ffff8d6
01000000
11300166
90122199
d021e080
cd01e080
11266666
9012219a
d021e080
cf01e080
91a01a46
d121e080
e001e080
92100010
94103ffe
90102005
7ffff8c6
01000000
110ff000
d021e080
d301e080
95a01929
d521e080
e001e080
d721e080
e201e080
92100010
150ffe00
90102006
7ffff8b9
01000000
92100011
94102000
90102007
7ffff8b4
01000000
110ff555
90122155
d021e080
d901e080
11155555
90122155
d021e080
db01e080
9da018cc
dd21e080
e001e080
92100010
150faaaa
9412a2ab
90102008
7ffff8a3
01000000
81c7e008
81e80000
9de3bfa0
d001e028
80920000
12800006
01000000
90102001
d021e044
81c7e008
81e80000
c109e044
110fe000
d021e080
c101e080
11100000
d021e080
c301e080
111ff000
d021e080
c501e080
81a80a21
01000000
c129e080
e001e080
a134200a
a00c2003
92100010
94102001
90102001
7ffff883
01000000
81a84a20
01000000
c129e080
e001e080
a134200a
a00c2003
92100010
94102002
90102002
7ffff878
01000000
81a80a20
01000000
c129e080
e001e080
a134200a
a00c2003
92100010
94102000
90102003
7ffff86d
01000000
81a80a22
01000000
c129e080
e001e080
a134200a
a00c2003
92100010
94102003
90102004
7ffff862
01000000
a2100000
0f800003
01000000
a2102001
92100011
94102000
90102005
7ffff859
01000000
81a80a21
01000000
a2100000
29800003
a2102002
a2102003
92100011
94102002
90102006
7ffff84e
01000000
81a80a21
01000000
a2100000
17800003
01000000
a2102004
92100011
94102004
90102007
7ffff843
01000000
81c7e008
81e80000
9de3bfa0
d001e028
80920000
12800006
01000000
90102001
d021e044
81c7e008
81e80000
c109e044
110fe000
d021e080
c101e080
11101000
d021e080
c301e080
90102000
d021e080
c501e080
87a009a1
c129e080
e001e080
2f3ffc7f
ae15e3ff
a00c0017
92100010
94102021
90102001
7ffff823
01000000
87a009a2
c721e080
e201e080
92100011
151fe000
90102002
7ffff81b
01000000
c129e080
e001e080
a00c0017
92100010
94102062
90102003
7ffff813
01000000
87a089a2
c129e080
e001e080
a00c0017
92100010
94102270
90102004
7ffff80a
01000000
87a00820
c129e080
e001e080
a00c0017
92100010
94102260
90102005
7ffff801
01000000
81c7e008
81e80000
9de3bfa0
d001e028
80920000
12800006
01000000
90102001
d021e044
81c7e008
81e80000
c109e044
11002000
d021e080
c301e080
11048d15
90122278
d021e080
c701e080
11000400
d021e080
c901e080
90102000
d021e080
cb01e080
11048d15
90122278
d021e080
cd01e080
1126af37
901222f0
d021e080
cf01e080
1103e000
d021e080
c109e080
21000800
a0142100
c0240000
c0242004
90103fff
d021e004
90102008
d021e000
87a04921
c7240000
01000000
d201e004
94102008
90102001
7ffff7cd
01000000
90103fff
d021e000
c131e080
c129e080
e201e080
2f3ffc7f
ae15e3ff
a20c4017
92100011
1503e010
9412a005
90102002
7ffff7bf
01000000
e4040000
92100012
94102000
90102003
7ffff7b9
01000000
e4042004
92100012
94102000
90102004
7ffff7b3
01000000
1103e000
d021e080
c109e080
21000800
a0142100
c0240000
c0242004
90103fff
d021e004
90102008
d021e000
8da10944
cd3c0000
01000000
d201e004
94102008
90102005
7ffff7a0
01000000
90103fff
d021e000
c131e080
c129e080
e201e080
2f3ffc7f
ae15e3ff
a20c4017
92100011
1503e010
9412a005
90102006
7ffff792
01000000
e4040000
92100012
94102000
90102007
7ffff78c
01000000
e4042004
92100012
94102000
90102008
7ffff786
01000000
c109e044
87a04921
c721e080
e401e080
92100012
94102000
90102009
7ffff77d
01000000
c129e080
e201e080
a20c4017
92100011
941020a5
9010200a
7ffff775
01000000
8da10944
cd21e080
e401e080
92100012
94102000
9010200b
7ffff76d
01000000
cf21e080
e401e080
92100012
94102000
9010200c
7ffff766
01000000
c129e080
e201e080
a20c4017
92100011
941020a5
9010200d
7ffff75e
01000000
81c7e008
81e80000
8210000f
110008c0
92102400
400000a2
01000000
110008c1
92102100
4000009e
01000000
110008c2
92102100
4000009a
01000000
11000900
92102800
40000096
01000000
1900008c
98132001
1b000900
d8a34400
1900008c
98132041
1b0008c0
d8a34400
9810208e
1b0008c0
9a136100
d8a34400
110008c1
92100000
952a6012
9532a004
9412a08e
80a2600a
12800004
01000000
1500008c
9412a081
d4a20400
92026001
80a26040
06bffff5
90022004
110008c2
13000a00
94100000
19000004
97326004
9612e08e
d6a20400
9402a001
9202400c
80a2a040
06bffffa
90022004
98102000
1b0008c2
9a136040
d8a34400
19002af3
98132103
1b0008c2
9a136044
d8a34400
190000a4
98132202
1b0008c2
9a136048
d8a34400
190000a4
9813231a
1b0008c2
9a13604c
d8a34400
190000a5
9813200e
1b0008c2
9a136050
d8a34400
190000a5
9813228e
1b0008c2
9a136054
d8a34400
110008d0
92102c00
4000004e
01000000
110008d4
92102c00
4000004a
01000000
110008d8
92102c00
40000046
01000000
1900008d
98132001
1b000900
9a136004
d8a34400
1900008d
98132101
1b000901
9a136004
d8a34400
1900008d
98132201
1b000980
9a136004
d8a34400
1900008c
98132041
1b0008d0
d8a34400
1900008c
98132041
1b0008d4
d8a34400
1900008c
98132041
1b0008d8
d8a34400
1900008d
98132041
1b0008d0
9a136010
d8a34400
1900008d
98132141
1b0008d4
9a136010
d8a34400
1900008d
98132241
1b0008d8
9a136010
d8a34400
1900008d
98132081
1b0008d1
d8a34400
1900008d
98132181
1b0008d5
d8a34400
1900008d
98132281
1b0008d9
d8a34400
190000a8
9813208e
1b0008d2
d8a34400
190000a8
9813218e
1b0008d6
d8a34400
190000a8
9813228e
1b0008da
d8a34400
81c06008
01000000
92020009
c0a20400
90022004
80a20009
0abffffd
01000000
81c3e008
01000000
13000090
90102100
d2a20080
90102200
c0a20080
90102400
81c3e008
c0a20060
13000090
90102100
d2a20080
90102200
c0a20080
90102400
c0a20060
d4800080
17000008
942a800b
17000010
9612e301
9412800b
d4a00080
01000000
01000000
01000000
01000000
81c3e008
01000000
92020009
c0a20200
90022020
80a20009
0abffffd
01000000
81c3e008
01000000
8210000f
11000400
7ffffff6
92102080
110007f4
13000008
7ffffff2
01000000
11000a00
13000040
7fffffee
01000000
d4800080
17000010
9612e303
942a800b
17000008
9412800b
d4a00080
01000000
01000000
01000000
01000000
c0a006e0
c0a006c0
90100000
13000004
c0a201c0
c0a20180
90022020
80a20009
0abffffc
01000000
90102200
c0a20080
90102400
c0a20060
81c06008
01000000
9de3bfa0
a0102200
ec840080
a2102100
ee844080
a4102001
a6100000
e4a40080
d2840080
1500003f
9412a3ff
940c800a
7ffff656
9004e100
a604e001
80a4e020
06bffff7
a52ca001
25169696
a414a25a
e4a40080
e8840080
92100014
15000016
9412a25a
90102140
7ffff648
01000000
25296969
a414a1a5
e4a40080
e8840080
92100014
15000029
9412a1a5
90102141
7ffff63e
01000000
a4102040
a6102006
e4a44080
d2844080
94103fc0
920a400a
94100012
7ffff635
9004e200
a604e001
80a4e020
06bffff7
a52ca001
eca40080
eea44080
81c7e008
81e80000
92102200
d0a24080
92102400
81c3e008
c0a24060
9de3bfa0
7ffffecb
01000000
19280000
98132001
1b000a80
d8a34400
192c0000
98132101
1b000a84
d8a34400
19300020
98132001
1b000a88
d8a34400
7fffff72
01000000
21010000
7fffffe9
90102001
e2040000
90102101
7fffffe5
01000000
e4040000
11000020
90122001
7fffffe0
01000000
e6040000
7fffffdd
90102001
e8040000
7fffff7c
01000000
92100011
15280000
9412a001
90102001
7ffff5ff
01000000
92100012
152c0000
9412a101
90102002
7ffff5f9
01000000
92100013
15300020
9412a001
90102003
7ffff5f3
01000000
92100014
15280000
9412a001
90102004
7ffff5ed
01000000
81c7e008
81e80000
9de3bfa0
7ffffe8e
01000000
191e8000
98132016
1b000a58
d8a34400
191e8000
98132017
1b000a5c
d8a34400
191e8000
98132018
1b000a60
d8a34400
191e8000
98132019
1b000a64
d8a34400
191e8000
9813201a
1b000a68
d8a34400
191e8000
9813201b
1b000a6c
d8a34400
7fffff29
01000000
21000a54
e2040000
190000a5
9813238e
1b0008c2
9a136054
d8234000
c0a40200
e4040000
c0a40200
c0a40060
e8040000
190000a6
9813208e
1b0008c2
9a136054
d8234000
c0a40200
11000a00
90122100
c0a20060
ea040000
190000a6
9813218e
1b0008c2
9a136054
d8234000
c0a40200
90102200
c0a20060
ec040000
190000a6
9813228e
1b0008c2
9a136054
d8234000
c0a40200
90102300
c0a20060
ee040000
190000a6
9813238e
1b0008c2
9a136054
d8234000
c0a40200
90102400
c0a20060
f0040000
190000a5
9813228e
1b0008c2
9a136054
d8234000
c0a40200
7fffff0c
01000000
92100011
151e8000
9412a016
90102001
7ffff58f
01000000
92100012
151e8000
9412a016
90102002
7ffff589
01000000
92100014
151e8000
9412a017
90102004
7ffff583
01000000
92100015
151e8000
9412a018
90102005
7ffff57d
01000000
92100016
151e8000
9412a019
90102006
7ffff577
01000000
92100017
151e8000
9412a01a
90102007
7ffff571
01000000
92100018
151e8000
9412a01b
90102008
7ffff56b
01000000
81c7e008
81e80000
9de3bfa0
7ffffe0c
01000000
190000a0
981320ee
1b0008c2
d8a34400
19000040
981320ee
1b0008c1
9a136010
d8a34400
7ffffeae
01000000
21000a00
e2840060
92100011
150000a0
9412a0ee
90102001
7ffff553
01000000
21000a00
a0142100
e2840060
92100011
1500008c
9412a081
90102002
7ffff54a
01000000
21000a00
a0142200
e2840060
92100011
1500008c
9412a041
90102003
7ffff541
01000000
a0102300
e2840060
92100011
1500008c
9412a001
90102004
7ffff539
01000000
21000a01
e2840060
92100011
150000a0
9412a0ee
90102005
7ffff531
01000000
21000401
e2840060
92100011
15000040
9412a0ee
90102006
7ffff529
01000000
21000400
a0142100
e2840060
92100011
15000040
9412a0ee
90102007
7ffff520
01000000
21000a40
e2840060
92100011
94102000
90102008
7ffff519
01000000
21200000
e2840060
92100011
94102000
90102009
7ffff512
01000000
21000a44
e2840060
92100011
94102000
9010200a
7ffff50b
01000000
21000400
e2840060
92100011
94102000
9010200b
7ffff504
01000000
81c7e008
81e80000
9de3bfa0
7ffffda5
01000000
7ffffe58
01000000
ac102300
ae102400
c0858080
21000a40
90103fff
d021e004
90102009
d021e000
e2040000
d201e004
94102009
90102001
7ffff4ef
01000000
90103fff
d021e000
e2858080
92100011
94102326
90102002
7ffff4e7
01000000
e285c080
a4103000
a20c4012
92100011
15000a40
90102003
7ffff4df
01000000
e2858080
92100011
94102000
90102004
7ffff4d9
01000000
21200000
90103fff
d021e004
90102009
d021e000
e2040000
d201e004
94102009
90102005
7ffff4ce
01000000
90103fff
d021e000
e2858080
92100011
94102126
90102006
7ffff4c6
01000000
e285c080
a20c4012
92100011
15200000
90102007
7ffff4bf
01000000
21000a44
90103fff
d021e004
90102009
d021e000
e2040000
d201e004
94102009
90102008
7ffff4b4
01000000
90103fff
d021e000
e2858080
92100011
94102332
90102009
7ffff4ac
01000000
21000a48
90103fff
d021e004
90102009
d021e000
c0240000
d201e004
94102009
9010200a
7ffff4a1
01000000
90103fff
d021e000
e2858080
92100011
941023aa
9010200b
7ffff499
01000000
21000a4c
90103fff
d021e004
90102009
d021e000
a7480000
a82ce080
81880014
01000000
01000000
01000000
e2040000
91d0207e
d201e004
94102009
9010200c
7ffff487
01000000
90103fff
d021e000
e2858080
92100011
9410230e
9010200d
7ffff47f
01000000
21000a40
90103fff
d021e004
90102009
d021e000
e2040000
d201e004
94102009
9010200e
7ffff474
01000000
90103fff
d021e000
90103fff
d021e004
90102009
d021e000
e2040000
d201e004
94102009
9010200f
7ffff468
01000000
90103fff
d021e000
e2858080
92100011
94102327
90102010
7ffff460
01000000
e6800080
a814e002
e8a00080
90103fff
d021e004
90102009
d021e000
e2040000
d201e004
94103fff
90102011
7ffff453
01000000
90103fff
d021e000
e2858080
a22c6001
92100011
94102326
90102012
7ffff44a
01000000
e6a00080
7ffffdbe
01000000
81c7e008
81e80000
9de3bfa0
7ffffce8
01000000
7ffffd9b
01000000
ac102300
c0858080
21000a42
a01420b8
11000011
90122128
d021e054
90103fff
d021e004
90102001
d021e000
81c40000
01000000
d201e004
94102001
90102001
7ffff42e
01000000
90103fff
d021e000
e201e008
92100011
94100010
90102002
7ffff426
01000000
e2858080
92100011
94102366
90102003
7ffff420
01000000
e2858080
92100011
94102000
90102004
7ffff41a
01000000
c021e054
7ffffd8e
01000000
81c7e008
81e80000
9de3bfa0
7ffffcb8
01000000
19044440
1b000a00
9a136100
d8a34400
19240408
98132001
1b000a04
d8a34400
192070f8
98132008
1b000a04
9a136004
d8a34400
19004000
1b000a04
9a136008
d8a34400
7ffffd5a
01000000
21000a00
a0142100
e2040000
ea800080
a8102100
902d4014
d0a00080
11088880
d0a40400
c0a006e0
eaa00080
e4040000
d0040000
902d4014
d0a00080
110cccc0
d0240000
c0a006e0
eaa00080
e6040000
29000a04
9fc50000
01000000
ac100008
92102200
902d4009
d0a00080
11240408
90122002
d0a50400
c0a006c0
eaa00080
9fc50000
01000000
ae100008
7ffffd51
01000000
92100011
15044440
90102001
7ffff3d5
01000000
92100012
15088880
90102002
7ffff3d0
01000000
92100013
150cccc0
90102003
7ffff3cb
01000000
92100016
94102001
90102004
7ffff3c6
01000000
92100017
94102002
90102005
7ffff3c1
01000000
81c7e008
81e80000
9de3bfa0
7ffffc62
01000000
7ffffd15
01000000
21000a00
37000010
a2100000
90040011
e2a20400
a2046004
80a4401b
06bffffc
01000000
a2100000
d0040011
a2046004
80a4401b
06bffffd
01000000
25200000
a2100000
90144012
d0240011
a2046004
80a4401b
06bffffc
01000000
a6100000
a2100000
d0040011
92144012
80a20009
02800003
01000000
a604e001
a2046004
80a4401b
06bffff8
01000000
a8100000
aa100000
a2100000
90040011
d0820400
80a20011
12800004
01000000
10800007
a8052001
92144012
80a20009
12800003
01000000
aa056001
a2046004
80a4401b
06bffff2
01000000
90100010
13000010
7ffffcef
01000000
ac100000
a2100000
90040011
d0820400
92144012
80a20009
12800003
01000000
ac05a001
a2046004
80a4401b
06bffff7
01000000
7ffffce8
01000000
2f000004
80a54017
02800006
92102001
80a50017
02800003
92102002
92102000
d221e050
11000099
901223c8
7ffff32a
01000000
d001e050
912a2002
13000099
921263dc
d0024008
7ffff323
01000000
11000020
9012219f
7ffff31f
01000000
92100013
94102000
90102001
7ffff354
01000000
92050015
92100009
15000004
90102002
7ffff34e
01000000
92100016
15000004
90102003
7ffff349
01000000
81c7e008
81e80000
9de3bfa0
7ffffbea
01000000
19145440
1b000a14
9a136080
d8a34400
7ffffc99
01000000
23100a14
a2146080
e4044000
e001e050
80a42002
12800006
01000000
11149480
d0244000
10800006
01000000
11149480
13000a14
92126080
d0a24400
90102000
c0020000
11000100
c0020000
11000200
c0020000
11000300
c0020000
11000400
c0020000
11000500
c0020000
c0a44200
11000a14
90122080
e6820400
e8044000
7ffffc93
01000000
92100012
15145440
90102001
7ffff317
01000000
92100013
15149480
90102002
7ffff312
01000000
92100014
15149480
90102003
7ffff30d
01000000
81c7e008
81e80000
9de3bfa0
7ffffbae
01000000
19044444
98132111
1b000a24
9a136040
d8a34400
19088888
98132222
1b000a24
9a136044
d8a34400
190ccccc
98132333
1b000a24
9a136048
d8a34400
19111111
98132044
1b000a24
9a13604c
d8a34400
7ffffc4d
01000000
21000a24
a0142040
c0040000
a2042004
e46c4000
e6040000
e8044000
a2042008
2b155555
aa156155
ea7c4000
ec044000
a204200c
ee044000
f0840400
a2042004
f2844400
c0a40200
f4844400
a2042008
f6844400
7ffffc52
01000000
92100012
94102022
90102001
7ffff2d6
01000000
92100013
15044444
9412a111
90102002
7ffff2d0
01000000
92100014
153fc888
9412a222
90102003
7ffff2ca
01000000
92100015
150ccccc
9412a333
90102004
7ffff2c4
01000000
92100016
15155555
9412a155
90102005
7ffff2be
01000000
92100017
15111111
9412a044
90102006
7ffff2b8
01000000
92100018
15044444
9412a111
90102007
7ffff2b2
01000000
9210001a
153fc888
9412a222
90102008
7ffff2ac
01000000
9210001b
15155555
9412a155
90102009
7ffff2a6
01000000
81c7e008
81e80000
9de3bfa0
7ffffb47
01000000
21000a24
a0142080
90100000
c0a40408
90022004
80a22020
06bffffd
01000000
7ffffbf2
01000000
c0040000
a2102001
a4100000
a6100000
a8100000
e2240000
d06c2005
c02c2005
d2040000
80a24011
32800002
a404a001
e2240000
94100011
d47c2008
d2040000
80a24011
32800002
a604e001
d06c200c
80920000
32800002
a8052001
e2242004
c02c200c
a2046001
80a46201
06bfffea
01000000
c0a40200
f0840400
90042004
f2820400
9004200c
f4820400
7ffffbe9
01000000
92100012
94102000
90102001
7ffff26d
01000000
92100013
94102000
90102002
7ffff268
01000000
92100014
94102000
90102003
7ffff263
01000000
92100018
94102200
90102004
7ffff25e
01000000
92100019
94102200
90102005
7ffff259
01000000
b536a018
9210001a
94102000
90102006
7ffff253
01000000
81c7e008
81e80000
9de3bfa0
7ffffaf4
01000000
21000a30
a2100000
a4100000
a6046001
a92ce008
a6150013
a72ce010
a92ca008
a8150012
a814c014
e8a40400
a0042004
a404a001
80a4a008
06bffff9
01000000
a2046001
80a46020
06bffff0
01000000
7ffffb93
01000000
21000a30
a0142004
a2102020
e46c0000
c0a40200
a0042020
a2a46001
12bffffc
01000000
7ffffba4
01000000
21000a30
a2100000
a4100000
a6046001
a92ce008
a6150013
a72ce010
a92ca008
a8150012
9414c014
80a4a001
12800007
01000000
2d003fff
ac15a3ff
940a8016
2d3fc000
94128016
d2840400
11000a30
7ffff217
90240008
a0042004
a404a001
80a4a008
06bfffee
01000000
a2046001
80a46020
06bfffe5
01000000
81c7e008
81e80000
9de3bfa0
7ffffaaf
01000000
19240408
98132001
1b000a08
d8a34400
192070f8
98132008
1b000a08
9a136004
d8a34400
19004000
1b000a08
9a136008
d8a34400
7ffffb55
01000000
29000a08
9fc50000
01000000
a2100008
11240408
90122002
d0250000
81dd0000
01000000
01000000
01000000
01000000
01000000
9fc50000
01000000
a4100008
7ffffb5f
01000000
92100011
94102001
90102001
7ffff1e3
01000000
92100012
94102002
90102002
7ffff1de
01000000
81c7e008
81e80000
13000a70
15000ab0
961a4008
d6a24400
92026004
80a2400a
0abffffc
01000000
81c3e008
01000000
9de3bfa0
7ffffa75
01000000
11169684
90122234
7ffffff1
01000000
7ffffb24
01000000
21000a70
23000ab0
25169684
a414a234
a6100000
a8100000
aa100000
d0040000
d204201c
d4042018
d6042014
d8042010
da04200c
f0042008
f2042004
82042000
84184012
80a20002
02800008
01000000
a604e001
80a52000
12800004
01000000
a8100001
aa100008
8204201c
84184012
80a24002
02800008
01000000
a604e001
80a52000
12800004
01000000
a8100001
aa100009
82042018
84184012
80a28002
02800008
01000000
a604e001
80a52000
12800004
01000000
a8100001
aa10000a
82042014
84184012
80a2c002
02800008
01000000
a604e001
80a52000
12800004
01000000
a8100001
aa10000b
82042010
84184012
80a30002
02800008
01000000
a604e001
80a52000
12800004
01000000
a8100001
aa10000c
8204200c
84184012
80a34002
02800008
01000000
a604e001
80a52000
12800004
01000000
a8100001
aa10000d
82042008
84184012
80a60002
02800008
01000000
a604e001
80a52000
12800004
01000000
a8100001
aa100018
82042004
84184012
80a64002
02800008
01000000
a604e001
80a52000
12800004
01000000
a8100001
aa100019
a0042020
80a40011
0abfff9e
01000000
b4100013
b6100014
b8100015
2d30f0ea
ac15a3cd
21000a70
23000ab0
a6100000
a8100000
aa100000
d0040000
8204201c
84184016
c424201c
82042018
84184016
c4242018
82042014
84184016
c4242014
82042010
84184016
c4242010
8204200c
84184016
c424200c
82042008
84184016
c4242008
82042004
84184016
c4242004
c0840400
d204201c
d4042018
d6042014
d8042010
da04200c
f0042008
f2042004
a4100016
8204201c
84184012
80a24002
02800008
01000000
a604e001
80a52000
12800004
01000000
a8100001
aa100009
82042018
84184012
80a28002
02800008
01000000
a604e001
80a52000
12800004
01000000
a8100001
aa10000a
82042014
84184012
80a2c002
02800008
01000000
a604e001
80a52000
12800004
01000000
a8100001
aa10000b
82042010
84184012
80a30002
02800008
01000000
a604e001
80a52000
12800004
01000000
a8100001
aa10000c
8204200c
84184012
80a34002
02800008
01000000
a604e001
80a52000
12800004
01000000
a8100001
aa10000d
82042008
84184012
80a60002
02800008
01000000
a604e001
80a52000
12800004
01000000
a8100001
aa100018
82042004
84184012
80a64002
02800008
01000000
a604e001
80a52000
12800004
01000000
a8100001
aa100019
a0042020
80a40011
0abfff92
01000000
11000a70
13000040
7ffffa4f
01000000
7ffffa55
01000000
9210001a
94102000
90102001
7ffff0d9
01000000
9210001b
94102000
90102002
7ffff0d4
01000000
9210001c
94102000
90102003
7ffff0cf
01000000
92100013
94102000
90102004
7ffff0ca
01000000
92100014
94102000
90102005
7ffff0c5
01000000
92100015
94102000
90102006
7ffff0c0
01000000
81c7e008
81e80000
96102007
d2a20400
90022004
96a2e001
12bffffd
01000000
d4a20400
90022004
19004000
96102008
d8a20400
90022004
96a2e001
12bffffd
01000000
81c3e008
01000000
9de3bfa0
7ffff950
01000000
21000ab0
a0142100
23004000
252070f8
a414a008
a610200a
a8100000
90100010
92100011
80a52004
06800004
94100012
13240088
92124014
7fffffde
01000000
17000004
a004000b
a6a4e001
12bffff4
a8052001
7ffff9ee
01000000
21000ab0
a014211c
a6102004
9fc40000
01000000
17000004
a6a4e001
12bffffc
a004000b
aa100000
ac100000
ae100000
b0102040
21000ac0
a0142100
a8102004
90100000
9fc40000
01000000
832d2003
82204014
80a20001
02800009
01000000
aa056001
80a5a000
12800005
01000000
ad2d2010
ac158018
ae100008
17000004
a004000b
a8052001
80a5200a
06bfffed
01000000
b0a62001
12bfffe7
01000000
7ffff9e0
01000000
92100015
94102000
90102001
7ffff064
01000000
92100016
94102000
90102002
7ffff05f
01000000
92100017
94102000
90102003
7ffff05a
01000000
81c7e008
81e80000
9de3bfa0
d001e028
80920000
12800006
01000000
90102001
d021e044
81c7e008
81e80000
c109e044
110fe000
d021e080
c101e080
90102000
d021e080
c301e080
11004000
d021e080
c109e080
21000800
a0142040
2304488c
a2146344
e2240000
e2242004
90103fff
d021e004
90102008
d021e000
85a009a1
01000000
01000000
ea01e004
90103fff
d021e000
80a57fff
02800005
01000000
c131e080
c129e080
ec01e080
90103fff
d021e004
90102007
d021e000
c5242002
d201e004
94102007
90102001
7ffff025
01000000
90103fff
d021e000
e4040000
92100012
1504488c
9412a344
90102002
7ffff01c
01000000
e4042004
92100012
1504488c
9412a344
90102003
7ffff015
01000000
80a57fff
12800013
01000000
90103fff
d021e004
90102008
d021e000
c5240000
d201e004
94102008
90102004
7ffff008
01000000
90103fff
d021e000
c131e080
c129e080
ec01e080
1080000e
01000000
90103fff
d021e004
90102008
d021e000
c5240000
d201e004
94103fff
90102004
7fffeff7
01000000
90103fff
d021e000
af35a00e
ae0de007
92100017
94102001
90102005
7fffefee
01000000
ae0da01f
92100017
94102002
90102006
7fffefe8
01000000
c109e044
81c7e008
81e80000
9de3bfa0
d001e028
80920000
12800006
01000000
90102001
d021e044
81c7e008
81e80000
c109e044
110fe000
d021e080
c101e080
90102000
d021e080
c301e080
11004000
d021e080
c109e080
90103fff
d021e004
90102008
d021e000
85a009a1
01000000
ea01e004
80a57fff
12800004
01000000
87a00022
01000000
d201e004
94102008
90102001
7fffefc1
01000000
90103fff
d021e000
c129e080
e201e080
a534600d
a40ca001
92100012
94102001
90102002
7fffefb6
01000000
21000800
a0142040
c1340000
e6040000
29000015
a81522bc
92100013
94100014
90102003
7fffefab
01000000
e6042004
ea050000
92100013
94100015
90102004
7fffefa4
01000000
c129e080
e201e080
a534600d
a40ca001
92100012
94102000
90102005
7fffef9b
01000000
90103fff
d021e004
90102003
d021e000
ad480000
ae2da080
81880017
01000000
01000000
01000000
c1340000
91d0207e
d201e004
94102003
90102006
7fffef8a
01000000
90103fff
d021e000
90103fff
d021e004
90102008
d021e000
c1340000
01000000
ea01e004
80a57fff
12800004
01000000
81a00020
01000000
d201e004
94102008
90102007
7fffef77
01000000
90103fff
d021e000
c129e080
e201e080
a534600e
a40ca007
92100012
94102004
90102008
7fffef6c
01000000
81c7e008
81e80000
9de3bfa0
21000800
23171717
a214605c
e2240000
e2242004
90103fff
d021e004
90102024
d021e000
c1842000
d201e004
94102024
90102001
7fffef5a
01000000
90103fff
d021e000
90103fff
d021e004
90102024
d021e000
c18c2000
d201e004
94102024
90102002
7fffef4e
01000000
90103fff
d021e000
90103fff
d021e004
90102024
d021e000
c19c2000
d201e004
94102024
90102003
7fffef42
01000000
90103fff
d021e000
90103fff
d021e004
90102024
d021e000
c1a42000
d201e004
94102024
90102004
7fffef36
01000000
90103fff
d021e000
90103fff
d021e004
90102024
d021e000
c1ac2000
d201e004
94102024
90102005
7fffef2a
01000000
90103fff
d021e000
90103fff
d021e004
90102024
d021e000
c1b42000
d201e004
94102024
90102006
7fffef1e
01000000
90103fff
d021e000
90103fff
d021e004
90102024
d021e000
c1bc2000
d201e004
94102024
90102007
7fffef12
01000000
90103fff
d021e000
e4040000
92100012
15171717
9412a05c
90102008
7fffef09
01000000
e4042004
92100012
15171717
9412a05c
90102009
7fffef02
01000000
90103fff
d021e004
90102024
d021e000
ad480000
ae2da080
81880017
01000000
01000000
01000000
c1a42000
91d0207e
d201e004
94102024
9010200a
7fffeef1
01000000
90103fff
d021e000
e4040000
92100012
15171717
9412a05c
9010200b
7fffeee8
01000000
81c7e008
81e80000
9de3bfa0
83480000
c401e024
8628601f
8410c002
90103fff
d021e004
90102002
d021e000
81880002
01000000
01000000
01000000
81880001
01000000
01000000
01000000
d201e004
94102002
90102001
7fffeed0
01000000
90103fff
d021e000
a1480000
a00c201f
a208601f
92100010
94100011
90102002
7fffeec6
01000000
81c7e008
81e80000
9de3bfa0
11169684
90122234
81800008
01000000
01000000
01000000
a0100000
a2100000
a4100000
2902eb42
a81523ad
90103fff
d021e004
90102002
d021e000
a1404000
a3408000
a543c000
83850000
01000000
01000000
01000000
a7400000
d201e004
94103fff
90102001
7fffeea7
01000000
90103fff
d021e000
92100010
15169684
9412a234
90102002
7fffee9f
01000000
92100011
15169684
9412a234
90102003
7fffee99
01000000
92100012
15169684
9412a234
90102004
7fffee93
01000000
92100013
15169684
9412a234
90102005
7fffee8d
01000000
21000800
230e8e8e
a214623a
e2240000
23044444
a2146111
90103fff
d021e004
90102002
d021e000
e5e40171
d201e004
94102002
90102006
7fffee7d
01000000
90103fff
d021e000
e4040000
92100012
150e8e8e
9412a23a
90102007
7fffee74
01000000
81c7e008
81e80000
9de3bfa0
90102100
d0a00180
e0800180
c0a00980
e2800180
92100011
94100010
90102001
7fffee67
01000000
c0a00180
a410200a
27048d15
a614e278
e4b80700
a8102100
ac102005
2f26af37
ae15e2f0
ecbd0700
e4980700
92100012
9410200a
90102002
7fffee57
01000000
92100013
15048d15
9412a278
90102003
7fffee51
01000000
ec9d0700
92100016
94102005
90102004
7fffee4b
01000000
92100017
1526af37
9412a2f0
90102005
7fffee45
01000000
a4100000
a6100000
e4b80700
e4bd0700
11000004
d0a00980
ea800980
92100015
15000004
90102006
7fffee39
01000000
90102aaa
d0a00980
ea800980
92100015
94102aaa
90102007
7fffee31
01000000
c0a00980
ea800980
92100015
94102000
90102008
7fffee2a
01000000
81c7e008
81e80000
81c3e008
01000000
9de3bfa0
a207e008
a407e00c
a1480000
a0142040
a02c2020
81880010
01000000
01000000
01000000
29000820
81c44000
81cc8000
a610000f
81c0c000
01000000
9de3bfa0
a207e008
a407e00c
a1480000
a0142040
a02c2020
81880010
01000000
01000000
01000000
29000820
e8250000
81c44000
81cc8000
a610000f
81c0c000
01000000
9de3bfa0
a207e008
a407e00c
a1480000
a0142040
a02c2020
81880010
01000000
01000000
01000000
29000820
e8250000
e8250000
81c44000
81cc8000
a610000f
81c0c000
01000000
9de3bfa0
a207e008
a407e00c
a1480000
a0142040
a02c2020
81880010
01000000
01000000
01000000
29000820
e8250000
e8250000
e8250000
e8250000
81c44000
81cc8000
a610000f
81c0c000
01000000
9de3bfa0
a207e008
a407e00c
a1480000
a0142040
a02c2020
81880010
01000000
01000000
01000000
29000820
e8250000
e8250000
e8250000
e8250000
e8250000
e8250000
e8250000
e8250000
81c44000
81cc8000
a610000f
81c0c000
01000000
9de3bfa0
7ffff66a
01000000
7ffff71d
01000000
03000017
82106154
ac102010
07000017
8610e314
7fffff97
01000000
9fc04000
01000000
a610000f
2b000017
aa156308
92100013
94100015
90102010
7fffedb1
01000000
aca5a001
12bffff1
01000000
ac102010
07000017
8610e35c
7fffff95
01000000
9fc04000
01000000
a610000f
2b000017
aa156350
92100013
94100015
90102011
7fffed9f
01000000
aca5a001
12bffff1
01000000
ac102010
07000017
8610e3a4
7fffff94
01000000
9fc04000
01000000
a610000f
2b000017
aa156398
92100013
94100015
90102012
7fffed8d
01000000
aca5a001
12bffff1
01000000
ac102010
07000017
8610e3ec
7fffff94
01000000
9fc04000
01000000
a610000f
2b000017
aa1563e0
92100013
94100015
90102014
7fffed7b
01000000
aca5a001
12bffff1
01000000
ac102010
07000018
8610e034
7fffff96
01000000
9fc04000
01000000
a610000f
2b000018
aa156028
92100013
94100015
90102018
7fffed69
01000000
aca5a001
12bffff1
01000000
7ffff6db
01000000
81c7e008
81e80000
80a2400a
02800009
01000000
80908000
12800005
8400a001
86100009
8810000a
8a10000d
8400a001
81c3e008
01000000
9de3bfa0
a0100000
80a63fff
02800003
92102000
932c0018
9b2c200c
9a136000
d2a340c0
80964000
02800003
92102000
92100010
9b2c200c
9a136100
d2a340c0
80a72002
12800004
9210001a
920c2003
92126020
9b2c200c
9a136200
d2a340c0
9b2c200c
9a136300
c0a340c0
a0042001
80a42040
12bfffe5
01000000
80a72002
12800010
01000000
9a102400
c0a34060
a0100000
9b2c200c
9a136200
d48340c0
7fffffcc
920c2003
a0042001
80a42040
12bffff9
01000000
81c7e008
81e80000
a0100000
80a72001
12800003
9a102200
e0a34080
80a63fff
02800003
9a102000
9b2c0018
932ee008
9a134009
c0a34060
9b2c200c
9a136200
d48340c0
7fffffb5
922ea020
80a4203f
02800007
a2042001
9b2c600c
9a136200
d48340c0
7fffffad
9210001a
a0042001
80a42040
12bfffe6
01000000
81c7e008
81e80000
9de3bfa0
84100000
86100000
88100000
8a100000
2f00009a
ae15e3cc
ac102004
a8100000
d205c000
9b2d200c
9a136000
d2a340c0
d205e004
9b2d200c
9a136100
d2a340c0
d205e008
9b2d200c
9a136200
d2a340c0
d205e00c
9b2d200c
9a136300
d2a340c0
9b2d200c
9a136000
d48340c0
7fffff89
d205c000
9b2d200c
9a136100
d48340c0
7fffff84
d205e004
9b2d200c
9a136200
d48340c0
7fffff7f
d205e008
9b2d200c
9a136300
d48340c0
7fffff7a
d205e00c
a8052001
80a52040
12bfffda
01000000
aca5a001
12bfffd6
ae05e010
92100004
94100003
90102001
7fffecce
01000000
92100002
94100000
90102002
7fffecc9
01000000
a0100005
92100010
94100000
90102003
7fffecc3
01000000
81c7e008
81e80000
9de3bfa0
aa102200
ec854080
84100000
86100000
88100000
8a100000
90103fff
92102001
94102020
96102003
7fffff60
98102001
92100002
94100000
90102010
7fffecaf
01000000
c0a54080
84100000
90102018
92102000
94102021
96102002
7fffff53
98102000
92100002
94100000
90102011
7fffeca2
01000000
84100000
90102012
92102000
94102022
96102001
7fffff47
98102000
92100002
94100000
90102012
7fffec96
01000000
84100000
9010200c
92102000
94102023
96102000
7fffff3b
98102000
92100002
94100000
90102013
7fffec8a
01000000
84100000
9010200c
92102001
94102020
96102004
7fffff2f
98102002
92100002
94100000
90102014
7fffec7e
01000000
92100004
94100003
90102015
7fffec79
01000000
a0100005
92100010
94100000
90102016
7fffec73
01000000
a8100000
9b2d200c
9a136000
c0a340c0
9b2d200c
9a136100
c0a340c0
9b2d200c
9a136200
c0a340c0
9b2d200c
9a136300
c0a340c0
a8052001
80a52040
12bffff2
01000000
eca54080
81c7e008
81e80000
9de3bfa0
7ffff502
01000000
19130800
98132016
1b000a58
d8a34400
19130800
98132017
1b000a5c
d8a34400
190000a5
9813228e
1b0008c2
9a136054
d8a34400
7ffff5a8
01000000
d0800080
90122040
d0a00080
01000000
01000000
01000000
21000a54
e2040000
190000a5
9813238e
1b0008c2
9a136054
d8234000
c0a40200
e4040000
c0a40200
9a102200
c0a340c0
e6040000
190000a5
9813228e
1b0008c2
9a136054
d8234000
c0a40200
7ffff5a9
01000000
d0800080
902a2040
d0a00080
01000000
01000000
01000000
92100011
15130800
9412a016
90102001
7fffec26
01000000
92100012
15130800
9412a016
90102002
7fffec20
01000000
92100013
15130800
9412a017
90102003
7fffec1a
01000000
81c7e008
81e80000
9de3bfa0
7ffff4bb
01000000
19130800
98132016
1b000a58
d8a34400
19130800
98132018
1b000a60
d8a34400
190000a5
9813228e
1b0008c2
9a136054
d8a34400
7ffff561
01000000
d0800080
90122040
d0a00080
01000000
01000000
01000000
21000a54
e2040000
d0800080
902a2040
d0a00080
01000000
01000000
01000000
190000a6
9813208e
1b0008c2
9a136054
d8234000
c0a40200
c0a40200
25000a00
29000004
a6102008
c0048000
a6a4e001
12bffffe
a4048014
a4102100
e6848080
a8102100
e6a48080
a8a52001
12bffffe
01000000
d0800080
90122040
d0a00080
01000000
01000000
01000000
ea040000
190000a5
9813228e
1b0008c2
9a136054
d8234000
c0a40200
7ffff54b
01000000
d0800080
902a2040
d0a00080
01000000
01000000
01000000
92100011
15130800
9412a016
90102001
7fffebc8
01000000
92100015
15130800
9412a018
90102002
7fffebc2
01000000
81c7e008
81e80000
9de3bfa0
7ffff463
01000000
19130800
98132016
1b000a58
d8a34400
190000a5
9813228e
1b0008c2
9a136054
d8a34400
7ffff50d
01000000
d0800080
90122040
d0a00080
01000000
01000000
01000000
21000a54
e2040000
190000a6
9813218e
1b0008c2
9a136054
d8234000
c0a40200
1b000a55
e4834060
190000a5
9813228e
1b0008c2
9a136054
d8234000
c0a40200
7ffff511
01000000
d0800080
902a2040
d0a00080
01000000
01000000
01000000
92100011
15130800
9412a016
90102001
7fffeb8e
01000000
92100012
150000a6
9412a18e
90102002
7fffeb88
01000000
81c7e008
81e80000
a810000f
ac100000
ae100000
a6100000
9b2da01a
9a134018
912dc01a
9a134008
912ce003
9fc74000
9a134008
a604e001
80a4c01c
12bffff7
01000000
ae05c006
80a5c01b
0abffff2
01000000
ac05a001
80a58019
12bfffed
01000000
81c52008
01000000
9410000d
963b4000
81c3e008
d4bb41e0
9410000d
963b4000
81c3e008
d4bb41a0
d49b41e0
923b4000
80a3400a
02800009
01000000
8400a001
80a0a001
12800005
01000000
8610000d
8810000a
8a10000d
80a2400b
02800009
01000000
8400a001
80a0a001
12800005
01000000
86100009
8810000b
8a10000d
81c3e008
01000000
d49b41a0
923b4000
80a3400a
02800009
01000000
8400a001
80a0a001
12800005
01000000
8610000d
8810000a
8a10000d
80a2400b
02800009
01000000
8400a001
80a0a001
12800005
01000000
86100009
8810000b
8a10000d
81c3e008
01000000
94100010
96100011
81c3e008
d4bb41c0
94100010
96100011
81c3e008
d4bb4180
9133601a
900a2007
912a2008
93336005
920a607f
90120009
96120011
94100010
81c3e008
d4bb41c0
9133601a
900a2007
912a2008
93336006
920a603f
90120009
96120011
94100010
81c3e008
d4bb4180
d49b41c0
80a4000a
02800009
01000000
8400a001
80a0a001
12800005
01000000
86100010
8810000a
8a10000d
80a4400b
02800009
01000000
8400a001
80a0a001
12800005
01000000
86100011
8810000b
8a10000d
81c3e008
01000000
d49b4180
80a4000a
02800009
01000000
8400a001
80a0a001
12800005
01000000
86100010
8810000a
8a10000d
80a4400b
02800009
01000000
8400a001
80a0a001
12800005
01000000
86100011
8810000b
8a10000d
81c3e008
01000000
9133601a
900a2007
912a2008
93336005
920a607f
90120009
92120011
d49b41c0
80a4000a
02800009
01000000
8400a001
80a0a001
12800005
01000000
86100010
8810000a
8a10000d
80a2400b
02800009
01000000
8400a001
80a0a001
12800005
01000000
86100009
8810000b
8a10000d
81c3e008
01000000
9133601a
900a2007
912a2008
93336006
920a603f
90120009
92120011
d49b4180
80a4000a
02800009
01000000
8400a001
80a0a001
12800005
01000000
86100010
8810000a
8a10000d
80a2400b
02800009
01000000
8400a001
80a0a001
12800005
01000000
86100009
8810000b
8a10000d
81c3e008
01000000
9de3bfa0
90102d00
d0820080
80920000
12800006
01000000
90102001
d021e044
81c7e008
81e80000
84100000
86100000
88100000
8a100000
c0a006e0
c0a006c0
3b00001a
ba176040
b0102000
b2102004
b4102005
b6102080
8c102007
7fffff12
b8102004
3b00001a
ba176060
b0102000
b2102004
b4102005
b6102080
8c102007
7fffff09
b8102004
92100004
94100003
90102001
7fffea88
01000000
92100002
94100000
90102002
7fffea83
01000000
96100005
9210000b
94100000
90102003
7fffea7d
01000000
84100000
86100000
88100000
8a100000
3b00001a
ba176050
b0102000
b2102005
b4102006
b6102040
8c102005
7ffffeec
b8102008
3b00001a
ba1760c0
b0102000
b2102005
b4102006
b6102040
8c102005
7ffffee3
b8102008
92100004
94100003
90102004
7fffea62
01000000
92100002
94100000
90102005
7fffea5d
01000000
96100005
9210000b
94100000
90102006
7fffea57
01000000
84100000
86100000
88100000
8a100000
3b00001a
ba176060
b0102000
b2102004
b4102005
b6102080
8c102007
7ffffec6
b8102004
92100004
94100003
90102007
7fffea45
01000000
92100002
94100000
90102008
7fffea40
01000000
96100005
9210000b
94100000
90102009
7fffea3a
01000000
81c7e008
81e80000
9de3bfa0
90102d00
d0820080
80920000
12800006
01000000
90102001
d021e044
81c7e008
81e80000
84100000
86100000
88100000
8a100000
a0103fff
a2103fff
3b00001a
ba176120
31200000
b2102004
b4102005
b6102080
8c102003
7ffffe9b
b8102001
21004040
a0142100
23003fff
a21463ff
3b00001a
ba176190
31200000
b2102004
b4102005
b6102080
8c102003
7ffffe8e
b8102001
92100004
94100003
90102001
7fffea0d
01000000
92100002
94100000
90102002
7fffea08
01000000
96100005
9210000b
94100000
90102003
7fffea02
01000000
84100000
86100000
88100000
8a100000
a0103fff
a2103fff
3b00001a
ba176130
31200000
b2102005
b4102006
b6102040
8c102003
7ffffe6f
b8102001
2100c000
23003fff
a21463ff
3b00001a
ba1761ec
31200000
b2102005
b4102006
b6102040
8c102003
7ffffe63
b8102001
92100004
94100003
90102004
7fffe9e2
01000000
92100002
94100000
90102005
7fffe9dd
01000000
96100005
9210000b
94100000
90102006
7fffe9d7
01000000
84100000
86100000
88100000
8a100000
a0102000
a2103fff
3b00001a
ba176120
31100000
b2102001
b4102005
b6102080
8c102003
7ffffe44
b8102001
3b00001a
ba176130
31100000
b2102001
b4102006
b6102040
8c102003
7ffffe3b
b8102001
a2102f0e
3b00001a
ba176190
31100000
b2102001
b4102005
b6102080
8c102003
7ffffe31
b8102001
23000007
a214631e
3b00001a
ba1761ec
31100000
b2102001
b4102006
b6102040
8c102003
7ffffe26
b8102001
92100004
94100003
90102007
7fffe9a5
01000000
92100002
94100000
90102008
7fffe9a0
01000000
96100005
9210000b
94100000
90102009
7fffe99a
01000000
84100000
86100000
88100000
8a100000
21004000
23001400
3b00001a
ba176140
31200000
b2102004
b4102005
b6102080
8c102003
7ffffe07
b8102001
2100c000
23001800
3b00001a
ba176168
31200000
b2102005
b4102006
b6102040
8c102003
7ffffdfc
b8102001
21004000
23001400
3b00001a
ba176248
31200000
b2102004
b4102005
b6102080
8c102003
7ffffdf1
b8102001
2100c000
23001800
3b00001a
ba1762c0
31200000
b2102005
b4102006
b6102040
8c102003
7ffffde6
b8102001
a0102000
a2102f0e
3b00001a
ba176190
31100000
b2102001
b4102005
b6102080
8c102003
7ffffddb
b8102001
23000007
a214631e
3b00001a
ba1761ec
31100000
b2102001
b4102006
b6102040
8c102003
7ffffdd0
b8102001
92100004
94100003
9010200a
7fffe94f
01000000
92100002
94100000
9010200b
7fffe94a
01000000
96100005
9210000b
94100000
9010200c
7fffe944
01000000
84100000
86100000
88100000
8a100000
a0100000
a2100000
3b00001a
ba176120
31200000
b2102004
b4102005
b6102080
8c102003
7ffffdb1
b8102001
3b00001a
ba176130
31200000
b2102005
b4102006
b6102040
8c102003
7ffffda8
b8102001
3b00001a
ba176120
31100000
b2102001
b4102005
b6102080
8c102003
7ffffd9f
b8102001
3b00001a
ba176130
31100000
b2102001
b4102006
b6102040
8c102003
7ffffd96
b8102001
3b00001a
ba176190
31200000
b2102004
b4102005
b6102080
8c102003
7ffffd8d
b8102001
3b00001a
ba1761ec
31200000
b2102005
b4102006
b6102040
8c102003
7ffffd84
b8102001
3b00001a
ba176190
31100000
b2102001
b4102005
b6102080
8c102003
7ffffd7b
b8102001
3b00001a
ba1761ec
31100000
b2102001
b4102006
b6102040
8c102003
7ffffd72
b8102001
92100004
94100003
9010200d
7fffe8f1
01000000
92100002
94100000
9010200e
7fffe8ec
01000000
96100005
9210000b
94100000
9010200f
7fffe8e6
01000000
81c7e008
81e80000
9de3bfa0
90102d00
d0820080
80920000
12800006
01000000
90102001
d021e044
81c7e008
81e80000
84100000
86100000
88100000
8a100000
2b200000
a0102000
a2102f0e
3b00001a
ba176120
31100000
b2102001
b4102005
b6102080
8c102003
7ffffd46
b8102001
a0102000
23000007
a214631e
3b00001a
ba176130
31100000
b2102001
b4102006
b6102040
8c102003
7ffffd3a
b8102001
21004000
a2102502
3b00001a
ba176120
31200000
b2102004
b4102005
b6102080
8c102003
7ffffd2f
b8102001
2100c000
a2102502
3b00001a
ba176130
31200000
b2102005
b4102006
b6102040
8c102003
7ffffd24
b8102001
c0a546e0
a0102000
a2102f00
3b00001a
ba176190
31100000
b2102001
b4102005
b6102080
8c102003
7ffffd18
b8102001
a0102000
23000007
a214631e
3b00001a
ba1761ec
31100000
b2102001
b4102006
b6102040
8c102003
7ffffd0c
b8102001
21004000
a2102502
3b00001a
ba176190
31200000
b2102004
b4102005
b6102080
8c102003
7ffffd01
b8102001
2100c000
a2102502
3b00001a
ba1761ec
31200000
b2102005
b4102006
b6102040
8c102003
7ffffcf6
b8102001
92100004
94100003
90102001
7fffe875
01000000
92100002
94100000
90102002
7fffe870
01000000
96100005
9210000b
94100000
90102003
7fffe86a
01000000
84100000
86100000
88100000
8a100000
a0102000
a2102f0e
3b00001a
ba176120
31100000
b2102001
b4102005
b6102080
8c102003
7ffffcd7
b8102001
a0102000
23000007
a214631e
3b00001a
ba176130
31100000
b2102001
b4102006
b6102040
8c102003
7ffffccb
b8102001
21004000
a2102502
3b00001a
ba176120
31200000
b2102004
b4102005
b6102080
8c102003
7ffffcc0
b8102001
2100c000
a2102502
3b00001a
ba176130
31200000
b2102005
b4102006
b6102040
8c102003
7ffffcb5
b8102001
c0a006e0
a0102000
a210200e
3b00001a
ba176190
31100000
b2102001
b4102005
b6102080
8c102003
7ffffca9
b8102001
a0102000
23000007
a214631e
3b00001a
ba1761ec
31100000
b2102001
b4102006
b6102040
8c102003
7ffffc9d
b8102001
a0102000
a2102502
3b00001a
ba176190
31200000
b2102004
b4102005
b6102080
8c102003
7ffffc92
b8102001
2100c000
a2102502
3b00001a
ba1761ec
31200000
b2102005
b4102006
b6102040
8c102003
7ffffc87
b8102001
92100004
94100003
90102004
7fffe806
01000000
92100002
94100000
90102005
7fffe801
01000000
96100005
9210000b
94100000
90102006
7fffe7fb
01000000
84100000
86100000
88100000
8a100000
a0102000
a2102f0e
3b00001a
ba176120
31100000
b2102001
b4102005
b6102080
8c102003
7ffffc68
b8102001
a0102000
23000007
a214631e
3b00001a
ba176130
31100000
b2102001
b4102006
b6102040
8c102003
7ffffc5c
b8102001
21004000
a2102502
3b00001a
ba176120
31200000
b2102004
b4102005
b6102080
8c102003
7ffffc51
b8102001
2100c000
a2102502
3b00001a
ba176130
31200000
b2102005
b4102006
b6102040
8c102003
7ffffc46
b8102001
c0a546c0
a0102000
a2102f0e
3b00001a
ba176190
31100000
b2102001
b4102005
b6102080
8c102003
7ffffc3a
b8102001
a0102000
23000007
a2146300
3b00001a
ba1761ec
31100000
b2102001
b4102006
b6102040
8c102003
7ffffc2e
b8102001
21004000
a2102502
3b00001a
ba176190
31200000
b2102004
b4102005
b6102080
8c102003
7ffffc23
b8102001
2100c000
a2102502
3b00001a
ba1761ec
31200000
b2102005
b4102006
b6102040
8c102003
7ffffc18
b8102001
92100004
94100003
90102007
7fffe797
01000000
92100002
94100000
90102008
7fffe792
01000000
96100005
9210000b
94100000
90102009
7fffe78c
01000000
84100000
86100000
88100000
8a100000
a0102000
a2102f0e
3b00001a
ba176120
31100000
b2102001
b4102005
b6102080
8c102003
7ffffbf9
b8102001
a0102000
23000007
a214631e
3b00001a
ba176130
31100000
b2102001
b4102006
b6102040
8c102003
7ffffbed
b8102001
21004000
a2102502
3b00001a
ba176120
31200000
b2102004
b4102005
b6102080
8c102003
7ffffbe2
b8102001
2100c000
a2102502
3b00001a
ba176130
31200000
b2102005
b4102006
b6102040
8c102003
7ffffbd7
b8102001
c0a006c0
a0102000
a2102f0e
3b00001a
ba176190
31100000
b2102001
b4102005
b6102080
8c102003
7ffffbcb
b8102001
a0102000
a210201e
3b00001a
ba1761ec
31100000
b2102001
b4102006
b6102040
8c102003
7ffffbc0
b8102001
21004000
a2102502
3b00001a
ba176190
31200000
b2102004
b4102005
b6102080
8c102003
7ffffbb5
b8102001
a0102000
a2102502
3b00001a
ba1761ec
31200000
b2102005
b4102006
b6102040
8c102003
7ffffbaa
b8102001
92100004
94100003
9010200a
7fffe729
01000000
92100002
94100000
9010200b
7fffe724
01000000
96100005
9210000b
94100000
9010200c
7fffe71e
01000000
84100000
86100000
88100000
8a100000
c0a006e0
c0a546e0
c0a006c0
c0a546c0
a0102000
a2102000
3b00001a
ba176190
31100000
b2102001
b4102005
b6102080
8c102003
7ffffb87
b8102001
a0102000
a2102000
3b00001a
ba1761ec
31100000
b2102001
b4102006
b6102040
8c102003
7ffffb7c
b8102001
a0102000
a2102502
3b00001a
ba176190
31200000
b2102004
b4102005
b6102080
8c102003
7ffffb71
b8102001
a0102000
a2102502
3b00001a
ba1761ec
31200000
b2102005
b4102006
b6102040
8c102003
7ffffb66
b8102001
92100004
94100003
9010200d
7fffe6e5
01000000
92100002
94100000
9010200e
7fffe6e0
01000000
96100005
9210000b
94100000
9010200f
7fffe6da
01000000
84100000
86100000
88100000
8a100000
a0100000
a2100000
3b00001a
ba176120
31200000
b2102004
b4102005
b6102080
8c102003
7ffffb47
b8102001
3b00001a
ba176130
31200000
b2102005
b4102006
b6102040
8c102003
7ffffb3e
b8102001
c0a006e0
c0a006c0
81c7e008
81e80000
9de3bfa0
7fffef61
01000000
19044440
1b000a50
9a136040
d8a34400
7ffff010
01000000
2d0008c2
ac15a050
e6058000
21000a50
a0142040
e2040000
e8058000
11088880
d0a40400
e4040000
110cccc0
d0240000
ea058000
ee840400
d201e050
80a26002
12800003
01000000
2f0cccc0
7ffff017
01000000
92100011
15044440
90102001
7fffe69b
01000000
92100012
15044440
90102002
7fffe696
01000000
92100017
150cccc0
90102003
7fffe691
01000000
170000a5
9612e00e
92100013
9410000b
90102004
7fffe68a
01000000
9612e020
92100014
9410000b
90102005
7fffe684
01000000
9612e060
92100015
9410000b
90102006
7fffe67e
01000000
81c7e008
81e80000
90102300
c0820080
90103fff
d021e004
90102029
d021e000
92102010
c28245c0
d201e004
90103fff
d021e000
90102300
c0820080
80a26029
22800003
90102001
90102000
81c3e008
01000000
9de3bfa0
7fffffec
01000000
80920000
12800006
01000000
90102001
d021e044
81c7e008
81e80000
ac102300
ae102400
a0102010
23169684
a2146234
90103fff
d021e004
90102029
d021e000
e28405c0
d201e004
94102029
90102001
7fffe650
01000000
90103fff
d021e000
92100011
15169684
9412a234
90102002
7fffe648
01000000
e4858080
92100012
94102816
90102003
7fffe642
01000000
e485c080
92100012
94100010
90102004
7fffe63c
01000000
e4858080
92100012
94102000
90102005
7fffe636
01000000
23169695
a2146278
90103fff
d021e004
90102029
d021e000
e2ec05c0
d201e004
94102029
90102006
7fffe62a
01000000
90103fff
d021e000
92100011
15169695
9412a278
90102007
7fffe622
01000000
e4858080
92100012
94102896
90102008
7fffe61c
01000000
a6042004
90103fff
d021e004
90102029
d021e000
e28405c0
d201e004
94102029
90102009
7fffe611
01000000
90103fff
d021e000
90103fff
d021e004
90102029
d021e000
e284c5c0
d201e004
94102029
9010200a
7fffe605
01000000
90103fff
d021e000
e4858080
92100012
94102817
9010200b
7fffe5fd
01000000
e485c080
92100012
94100013
9010200c
7fffe5f7
01000000
90103fff
d021e004
90102029
d021e000
e28c05c0
d201e004
94102029
9010200d
7fffe5ed
01000000
90103fff
d021e000
c0858080
e8800080
aa152002
eaa00080
90103fff
d021e004
90102029
d021e000
e28405c0
d201e004
94103fff
9010200e
7fffe5dd
01000000
90103fff
d021e000
e8a00080
e4858080
92100012
94102816
9010200f
7fffe5d4
01000000
90103fff
d021e004
90102029
d021e000
c0a405c0
d201e004
94103fff
90102010
7fffe5ca
01000000
90103fff
d021e000
e4858080
92100012
94102000
90102011
7fffe5c2
01000000
81c7e008
81e80000
9de3bfa0
7fffff43
01000000
80920000
12800006
01000000
90102001
d021e044
81c7e008
81e80000
7fffee5a
01000000
19380000
9813200e
1b0008c2
9a136054
d8a34400
7fffef08
01000000
ac102300
ae102400
c0858080
21000a54
a0142010
23169684
a2146234
90103fff
d021e004
90102029
d021e000
e2040000
d201e004
94102029
90102001
7fffe59c
01000000
90103fff
d021e000
92100011
15169684
9412a234
90102002
7fffe594
01000000
e4858080
92100012
94102836
90102003
7fffe58e
01000000
e485c080
92100012
94100010
90102004
7fffe588
01000000
21000a54
a0142020
11000020
90122000
d021e054
90103fff
d021e004
90102021
d021e000
81c40000
01000000
d201e004
94102021
90102005
7fffe578
01000000
90103fff
d021e000
c021e054
e201e008
92100011
94100010
90102006
7fffe56f
01000000
e4858080
92100012
94102874
90102007
7fffe569
01000000
e4858080
92100012
94102000
90102008
7fffe563
01000000
19380000
98132001
1b0008c1
9a136028
d8a34400
90102400
c0a20060
21000a00
a0142030
23169684
a2146234
90103fff
d021e004
90102009
d021e000
e2040000
d201e004
94102009
90102009
7fffe54e
01000000
90103fff
d021e000
92100011
15169684
9412a234
9010200a
7fffe546
01000000
e4858080
92100012
94102b32
9010200b
7fffe540
01000000
e485c080
92100012
94100010
9010200c
7fffe53a
01000000
1900008c
98132081
1b0008c1
9a136028
d8a34400
90102400
c0a20060
7fffeea8
01000000
81c7e008
81e80000
3b9aca00
05f5e100
00989680
000f4240
000186a0
00002710
000003e8
00000064
0000000a
00000000
09800444
03c00560
0a000b50
0c0e0d00
0e020e03
03c105ea
ff0a4350
55544553
54200073
73323000
20707372
3d00206e
77696e64
6f77733d
00206670
753d000a
00504153
53200046
41494c20
00534b49
50200020
20202063
6865636b
20002065
78703d00
206f6273
3d002020
2020756e
65787065
63746564
20747261
70207474
3d002070
633d0043
50555445
53542044
4f4e4520
70617373
3d002066
61696c3d
0020736b
69703d00
0000ff00
0000cf30
0000738c
000043bc
0000e916
0000c936
0000619e
000041be
0000b34c
0000837c
00003fc0
00000ff0
0000a15e
0000817e
000029d6
000009f6
00001874
00000000
00000000
5a5a5a5a
00000000
00000000
00000004
5a5a5a5a
00001874
00000000
00000001
5a5a5a5a
00000000
00000001
00000004
5a5a5a5a
00001874
00000000
7fffffff
5a5a5a5a
00000000
7fffffff
00000004
5a5a5a5a
00001874
00000000
80000000
5a5a5a5a
00000000
80000000
00000004
5a5a5a5a
00001874
00000000
ffffffff
5a5a5a5a
00000000
ffffffff
00000004
5a5a5a5a
00001874
00000000
55555555
5a5a5a5a
00000000
55555555
00000004
5a5a5a5a
00001874
00000000
00000003
5a5a5a5a
00000000
00000003
00000004
5a5a5a5a
00001874
00000000
fffffffe
5a5a5a5a
00000000
fffffffe
00000004
5a5a5a5a
00001874
00000000
12345678
5a5a5a5a
00000000
12345678
00000004
5a5a5a5a
00001874
00000001
00000000
5a5a5a5a
00000000
00000001
00000004
5a5a5a5a
00001874
00000001
00000001
5a5a5a5a
00000000
00000002
00000004
5a5a5a5a
00001874
00000001
7fffffff
5a5a5a5a
00000000
80000000
00000004
5a5a5a5a
00001874
00000001
80000000
5a5a5a5a
00000000
80000001
00000004
5a5a5a5a
00001874
00000001
ffffffff
5a5a5a5a
00000000
00000000
00000004
5a5a5a5a
00001874
00000001
55555555
5a5a5a5a
00000000
55555556
00000004
5a5a5a5a
00001874
00000001
00000003
5a5a5a5a
00000000
00000004
00000004
5a5a5a5a
00001874
00000001
fffffffe
5a5a5a5a
00000000
ffffffff
00000004
5a5a5a5a
00001874
00000001
12345678
5a5a5a5a
00000000
12345679
00000004
5a5a5a5a
00001874
7fffffff
00000000
5a5a5a5a
00000000
7fffffff
00000004
5a5a5a5a
00001874
7fffffff
00000001
5a5a5a5a
00000000
80000000
00000004
5a5a5a5a
00001874
7fffffff
7fffffff
5a5a5a5a
00000000
fffffffe
00000004
5a5a5a5a
00001874
7fffffff
80000000
5a5a5a5a
00000000
ffffffff
00000004
5a5a5a5a
00001874
7fffffff
ffffffff
5a5a5a5a
00000000
7ffffffe
00000004
5a5a5a5a
00001874
7fffffff
55555555
5a5a5a5a
00000000
d5555554
00000004
5a5a5a5a
00001874
7fffffff
00000003
5a5a5a5a
00000000
80000002
00000004
5a5a5a5a
00001874
7fffffff
fffffffe
5a5a5a5a
00000000
7ffffffd
00000004
5a5a5a5a
00001874
7fffffff
12345678
5a5a5a5a
00000000
92345677
00000004
5a5a5a5a
00001874
80000000
00000000
5a5a5a5a
00000000
80000000
00000004
5a5a5a5a
00001874
80000000
00000001
5a5a5a5a
00000000
80000001
00000004
5a5a5a5a
00001874
80000000
7fffffff
5a5a5a5a
00000000
ffffffff
00000004
5a5a5a5a
00001874
80000000
80000000
5a5a5a5a
00000000
00000000
00000004
5a5a5a5a
00001874
80000000
ffffffff
5a5a5a5a
00000000
7fffffff
00000004
5a5a5a5a
00001874
80000000
55555555
5a5a5a5a
00000000
d5555555
00000004
5a5a5a5a
00001874
80000000
00000003
5a5a5a5a
00000000
80000003
00000004
5a5a5a5a
00001874
80000000
fffffffe
5a5a5a5a
00000000
7ffffffe
00000004
5a5a5a5a
00001874
80000000
12345678
5a5a5a5a
00000000
92345678
00000004
5a5a5a5a
00001874
ffffffff
00000000
5a5a5a5a
00000000
ffffffff
00000004
5a5a5a5a
00001874
ffffffff
00000001
5a5a5a5a
00000000
00000000
00000004
5a5a5a5a
00001874
ffffffff
7fffffff
5a5a5a5a
00000000
7ffffffe
00000004
5a5a5a5a
00001874
ffffffff
80000000
5a5a5a5a
00000000
7fffffff
00000004
5a5a5a5a
00001874
ffffffff
ffffffff
5a5a5a5a
00000000
fffffffe
00000004
5a5a5a5a
00001874
ffffffff
55555555
5a5a5a5a
00000000
55555554
00000004
5a5a5a5a
00001874
ffffffff
00000003
5a5a5a5a
00000000
00000002
00000004
5a5a5a5a
00001874
ffffffff
fffffffe
5a5a5a5a
00000000
fffffffd
00000004
5a5a5a5a
00001874
ffffffff
12345678
5a5a5a5a
00000000
12345677
00000004
5a5a5a5a
00001874
55555555
00000000
5a5a5a5a
00000000
55555555
00000004
5a5a5a5a
00001874
55555555
00000001
5a5a5a5a
00000000
55555556
00000004
5a5a5a5a
00001874
55555555
7fffffff
5a5a5a5a
00000000
d5555554
00000004
5a5a5a5a
00001874
55555555
80000000
5a5a5a5a
00000000
d5555555
00000004
5a5a5a5a
00001874
55555555
ffffffff
5a5a5a5a
00000000
55555554
00000004
5a5a5a5a
00001874
55555555
55555555
5a5a5a5a
00000000
aaaaaaaa
00000004
5a5a5a5a
00001874
55555555
00000003
5a5a5a5a
00000000
55555558
00000004
5a5a5a5a
00001874
55555555
fffffffe
5a5a5a5a
00000000
55555553
00000004
5a5a5a5a
00001874
55555555
12345678
5a5a5a5a
00000000
6789abcd
00000004
5a5a5a5a
00001874
00000003
00000000
5a5a5a5a
00000000
00000003
00000004
5a5a5a5a
00001874
00000003
00000001
5a5a5a5a
00000000
00000004
00000004
5a5a5a5a
00001874
00000003
7fffffff
5a5a5a5a
00000000
80000002
00000004
5a5a5a5a
00001874
00000003
80000000
5a5a5a5a
00000000
80000003
00000004
5a5a5a5a
00001874
00000003
ffffffff
5a5a5a5a
00000000
00000002
00000004
5a5a5a5a
00001874
00000003
55555555
5a5a5a5a
00000000
55555558
00000004
5a5a5a5a
00001874
00000003
00000003
5a5a5a5a
00000000
00000006
00000004
5a5a5a5a
00001874
00000003
fffffffe
5a5a5a5a
00000000
00000001
00000004
5a5a5a5a
00001874
00000003
12345678
5a5a5a5a
00000000
1234567b
00000004
5a5a5a5a
00001874
fffffffe
00000000
5a5a5a5a
00000000
fffffffe
00000004
5a5a5a5a
00001874
fffffffe
00000001
5a5a5a5a
00000000
ffffffff
00000004
5a5a5a5a
00001874
fffffffe
7fffffff
5a5a5a5a
00000000
7ffffffd
00000004
5a5a5a5a
00001874
fffffffe
80000000
5a5a5a5a
00000000
7ffffffe
00000004
5a5a5a5a
00001874
fffffffe
ffffffff
5a5a5a5a
00000000
fffffffd
00000004
5a5a5a5a
00001874
fffffffe
55555555
5a5a5a5a
00000000
55555553
00000004
5a5a5a5a
00001874
fffffffe
00000003
5a5a5a5a
00000000
00000001
00000004
5a5a5a5a
00001874
fffffffe
fffffffe
5a5a5a5a
00000000
fffffffc
00000004
5a5a5a5a
00001874
fffffffe
12345678
5a5a5a5a
00000000
12345676
00000004
5a5a5a5a
00001874
12345678
00000000
5a5a5a5a
00000000
12345678
00000004
5a5a5a5a
00001874
12345678
00000001
5a5a5a5a
00000000
12345679
00000004
5a5a5a5a
00001874
12345678
7fffffff
5a5a5a5a
00000000
92345677
00000004
5a5a5a5a
00001874
12345678
80000000
5a5a5a5a
00000000
92345678
00000004
5a5a5a5a
00001874
12345678
ffffffff
5a5a5a5a
00000000
12345677
00000004
5a5a5a5a
00001874
12345678
55555555
5a5a5a5a
00000000
6789abcd
00000004
5a5a5a5a
00001874
12345678
00000003
5a5a5a5a
00000000
1234567b
00000004
5a5a5a5a
00001874
12345678
fffffffe
5a5a5a5a
00000000
12345676
00000004
5a5a5a5a
00001874
12345678
12345678
5a5a5a5a
00000000
2468acf0
00000004
5a5a5a5a
00001874
f120b5a2
d74e2c76
3dd03727
00000000
c86ee218
00000004
3dd03727
00001874
082f195d
bf9c5410
9b1a4c0e
00000000
c7cb6d6d
00000004
9b1a4c0e
00001874
c9770889
929e0a50
c45f8d56
00000000
5c1512d9
00000004
c45f8d56
00001874
c141c45f
6510cb14
d12e0027
00000000
26528f73
00000004
d12e0027
00001874
f4777381
ec88a2d5
aa1b4338
00000001
e1001656
00000009
aa1b4338
00001874
13eb74c9
4418d039
002c4931
00000000
58044502
00000004
002c4931
00001874
d2348d4f
fe6c1bee
1f895e19
00000000
d0a0a93d
00000004
1f895e19
00001874
0de6681a
6a415d80
71876f3e
00000000
7827c59a
00000004
71876f3e
00001894
00000000
00000000
5a5a5a5a
00000000
00000000
00000004
5a5a5a5a
00001894
00000000
00000001
5a5a5a5a
00000000
00000001
00000000
5a5a5a5a
00001894
00000000
7fffffff
5a5a5a5a
00000000
7fffffff
00000000
5a5a5a5a
00001894
00000000
80000000
5a5a5a5a
00000000
80000000
00000008
5a5a5a5a
00001894
00000000
ffffffff
5a5a5a5a
00000000
ffffffff
00000008
5a5a5a5a
00001894
00000000
55555555
5a5a5a5a
00000000
55555555
00000000
5a5a5a5a
00001894
00000000
00000003
5a5a5a5a
00000000
00000003
00000000
5a5a5a5a
00001894
00000000
fffffffe
5a5a5a5a
00000000
fffffffe
00000008
5a5a5a5a
00001894
00000000
12345678
5a5a5a5a
00000000
12345678
00000000
5a5a5a5a
00001894
00000001
00000000
5a5a5a5a
00000000
00000001
00000000
5a5a5a5a
00001894
00000001
00000001
5a5a5a5a
00000000
00000002
00000000
5a5a5a5a
00001894
00000001
7fffffff
5a5a5a5a
00000000
80000000
0000000a
5a5a5a5a
00001894
00000001
80000000
5a5a5a5a
00000000
80000001
00000008
5a5a5a5a
00001894
00000001
ffffffff
5a5a5a5a
00000000
00000000
00000005
5a5a5a5a
00001894
00000001
55555555
5a5a5a5a
00000000
55555556
00000000
5a5a5a5a
00001894
00000001
00000003
5a5a5a5a
00000000
00000004
00000000
5a5a5a5a
00001894
00000001
fffffffe
5a5a5a5a
00000000
ffffffff
00000008
5a5a5a5a
00001894
00000001
12345678
5a5a5a5a
00000000
12345679
00000000
5a5a5a5a
00001894
7fffffff
00000000
5a5a5a5a
00000000
7fffffff
00000000
5a5a5a5a
00001894
7fffffff
00000001
5a5a5a5a
00000000
80000000
0000000a
5a5a5a5a
00001894
7fffffff
7fffffff
5a5a5a5a
00000000
fffffffe
0000000a
5a5a5a5a
00001894
7fffffff
80000000
5a5a5a5a
00000000
ffffffff
00000008
5a5a5a5a
00001894
7fffffff
ffffffff
5a5a5a5a
00000000
7ffffffe
00000001
5a5a5a5a
00001894
7fffffff
55555555
5a5a5a5a
00000000
d5555554
0000000a
5a5a5a5a
00001894
7fffffff
00000003
5a5a5a5a
00000000
80000002
0000000a
5a5a5a5a
00001894
7fffffff
fffffffe
5a5a5a5a
00000000
7ffffffd
00000001
5a5a5a5a
00001894
7fffffff
12345678
5a5a5a5a
00000000
92345677
0000000a
5a5a5a5a
00001894
80000000
00000000
5a5a5a5a
00000000
80000000
00000008
5a5a5a5a
00001894
80000000
00000001
5a5a5a5a
00000000
80000001
00000008
5a5a5a5a
00001894
80000000
7fffffff
5a5a5a5a
00000000
ffffffff
00000008
5a5a5a5a
00001894
80000000
80000000
5a5a5a5a
00000000
00000000
00000007
5a5a5a5a
00001894
80000000
ffffffff
5a5a5a5a
00000000
7fffffff
00000003
5a5a5a5a
00001894
80000000
55555555
5a5a5a5a
00000000
d5555555
00000008
5a5a5a5a
00001894
80000000
00000003
5a5a5a5a
00000000
80000003
00000008
5a5a5a5a
00001894
80000000
fffffffe
5a5a5a5a
00000000
7ffffffe
00000003
5a5a5a5a
00001894
80000000
12345678
5a5a5a5a
00000000
92345678
00000008
5a5a5a5a
00001894
ffffffff
00000000
5a5a5a5a
00000000
ffffffff
00000008
5a5a5a5a
00001894
ffffffff
00000001
5a5a5a5a
00000000
00000000
00000005
5a5a5a5a
00001894
ffffffff
7fffffff
5a5a5a5a
00000000
7ffffffe
00000001
5a5a5a5a
00001894
ffffffff
80000000
5a5a5a5a
00000000
7fffffff
00000003
5a5a5a5a
00001894
ffffffff
ffffffff
5a5a5a5a
00000000
fffffffe
00000009
5a5a5a5a
00001894
ffffffff
55555555
5a5a5a5a
00000000
55555554
00000001
5a5a5a5a
00001894
ffffffff
00000003
5a5a5a5a
00000000
00000002
00000001
5a5a5a5a
00001894
ffffffff
fffffffe
5a5a5a5a
00000000
fffffffd
00000009
5a5a5a5a
00001894
ffffffff
12345678
5a5a5a5a
00000000
12345677
00000001
5a5a5a5a
00001894
55555555
00000000
5a5a5a5a
00000000
55555555
00000000
5a5a5a5a
00001894
55555555
00000001
5a5a5a5a
00000000
55555556
00000000
5a5a5a5a
00001894
55555555
7fffffff
5a5a5a5a
00000000
d5555554
0000000a
5a5a5a5a
00001894
55555555
80000000
5a5a5a5a
00000000
d5555555
00000008
5a5a5a5a
00001894
55555555
ffffffff
5a5a5a5a
00000000
55555554
00000001
5a5a5a5a
00001894
55555555
55555555
5a5a5a5a
00000000
aaaaaaaa
0000000a
5a5a5a5a
00001894
55555555
00000003
5a5a5a5a
00000000
55555558
00000000
5a5a5a5a
00001894
55555555
fffffffe
5a5a5a5a
00000000
55555553
00000001
5a5a5a5a
00001894
55555555
12345678
5a5a5a5a
00000000
6789abcd
00000000
5a5a5a5a
00001894
00000003
00000000
5a5a5a5a
00000000
00000003
00000000
5a5a5a5a
00001894
00000003
00000001
5a5a5a5a
00000000
00000004
00000000
5a5a5a5a
00001894
00000003
7fffffff
5a5a5a5a
00000000
80000002
0000000a
5a5a5a5a
00001894
00000003
80000000
5a5a5a5a
00000000
80000003
00000008
5a5a5a5a
00001894
00000003
ffffffff
5a5a5a5a
00000000
00000002
00000001
5a5a5a5a
00001894
00000003
55555555
5a5a5a5a
00000000
55555558
00000000
5a5a5a5a
00001894
00000003
00000003
5a5a5a5a
00000000
00000006
00000000
5a5a5a5a
00001894
00000003
fffffffe
5a5a5a5a
00000000
00000001
00000001
5a5a5a5a
00001894
00000003
12345678
5a5a5a5a
00000000
1234567b
00000000
5a5a5a5a
00001894
fffffffe
00000000
5a5a5a5a
00000000
fffffffe
00000008
5a5a5a5a
00001894
fffffffe
00000001
5a5a5a5a
00000000
ffffffff
00000008
5a5a5a5a
00001894
fffffffe
7fffffff
5a5a5a5a
00000000
7ffffffd
00000001
5a5a5a5a
00001894
fffffffe
80000000
5a5a5a5a
00000000
7ffffffe
00000003
5a5a5a5a
00001894
fffffffe
ffffffff
5a5a5a5a
00000000
fffffffd
00000009
5a5a5a5a
00001894
fffffffe
55555555
5a5a5a5a
00000000
55555553
00000001
5a5a5a5a
00001894
fffffffe
00000003
5a5a5a5a
00000000
00000001
00000001
5a5a5a5a
00001894
fffffffe
fffffffe
5a5a5a5a
00000000
fffffffc
00000009
5a5a5a5a
00001894
fffffffe
12345678
5a5a5a5a
00000000
12345676
00000001
5a5a5a5a
00001894
12345678
00000000
5a5a5a5a
00000000
12345678
00000000
5a5a5a5a
00001894
12345678
00000001
5a5a5a5a
00000000
12345679
00000000
5a5a5a5a
00001894
12345678
7fffffff
5a5a5a5a
00000000
92345677
0000000a
5a5a5a5a
00001894
12345678
80000000
5a5a5a5a
00000000
92345678
00000008
5a5a5a5a
00001894
12345678
ffffffff
5a5a5a5a
00000000
12345677
00000001
5a5a5a5a
00001894
12345678
55555555
5a5a5a5a
00000000
6789abcd
00000000
5a5a5a5a
00001894
12345678
00000003
5a5a5a5a
00000000
1234567b
00000000
5a5a5a5a
00001894
12345678
fffffffe
5a5a5a5a
00000000
12345676
00000001
5a5a5a5a
00001894
12345678
12345678
5a5a5a5a
00000000
2468acf0
00000000
5a5a5a5a
00001894
a3f21bd6
81b61a1f
9b40d13c
00000000
25a835f5
00000003
9b40d13c
00001894
87280336
82a37e3e
8245f831
00000001
09cb8174
00000003
8245f831
00001894
6c0554d0
462d0188
411c7d22
00000000
b2325658
0000000a
411c7d22
00001894
9f1c8582
3d761f61
9a4ea423
00000001
dc92a4e3
00000008
9a4ea423
00001894
34d69eef
c3f59095
2fde288f
00000000
f8cc2f84
00000008
2fde288f
00001894
413781ac
92f47882
248d2d0c
00000001
d42bfa2e
00000008
248d2d0c
00001894
af1f3f6a
7d5d67d3
f182a34a
00000000
2c7ca73d
00000001
f182a34a
00001894
b4245217
c9556c4f
2ba5dfca
00000001
7d79be66
00000003
2ba5dfca
000018b4
00000000
00000000
5a5a5a5a
00000000
00000000
00000004
5a5a5a5a
000018b4
00000000
00000001
5a5a5a5a
00000000
00000001
00000004
5a5a5a5a
000018b4
00000000
7fffffff
5a5a5a5a
00000000
7fffffff
00000004
5a5a5a5a
000018b4
00000000
80000000
5a5a5a5a
00000000
80000000
00000004
5a5a5a5a
000018b4
00000000
ffffffff
5a5a5a5a
00000000
ffffffff
00000004
5a5a5a5a
000018b4
00000000
55555555
5a5a5a5a
00000000
55555555
00000004
5a5a5a5a
000018b4
00000000
00000003
5a5a5a5a
00000000
00000003
00000004
5a5a5a5a
000018b4
00000000
fffffffe
5a5a5a5a
00000000
fffffffe
00000004
5a5a5a5a
000018b4
00000000
12345678
5a5a5a5a
00000000
12345678
00000004
5a5a5a5a
000018b4
00000001
00000000
5a5a5a5a
00000000
00000001
00000004
5a5a5a5a
000018b4
00000001
00000001
5a5a5a5a
00000000
00000002
00000004
5a5a5a5a
000018b4
00000001
7fffffff
5a5a5a5a
00000000
80000000
00000004
5a5a5a5a
000018b4
00000001
80000000
5a5a5a5a
00000000
80000001
00000004
5a5a5a5a
000018b4
00000001
ffffffff
5a5a5a5a
00000000
00000000
00000004
5a5a5a5a
000018b4
00000001
55555555
5a5a5a5a
00000000
55555556
00000004
5a5a5a5a
000018b4
00000001
00000003
5a5a5a5a
00000000
00000004
00000004
5a5a5a5a
000018b4
00000001
fffffffe
5a5a5a5a
00000000
ffffffff
00000004
5a5a5a5a
000018b4
00000001
12345678
5a5a5a5a
00000000
12345679
00000004
5a5a5a5a
000018b4
7fffffff
00000000
5a5a5a5a
00000000
7fffffff
00000004
5a5a5a5a
000018b4
7fffffff
00000001
5a5a5a5a
00000000
80000000
00000004
5a5a5a5a
000018b4
7fffffff
7fffffff
5a5a5a5a
00000000
fffffffe
00000004
5a5a5a5a
000018b4
7fffffff
80000000
5a5a5a5a
00000000
ffffffff
00000004
5a5a5a5a
000018b4
7fffffff
ffffffff
5a5a5a5a
00000000
7ffffffe
00000004
5a5a5a5a
000018b4
7fffffff
55555555
5a5a5a5a
00000000
d5555554
00000004
5a5a5a5a
000018b4
7fffffff
00000003
5a5a5a5a
00000000
80000002
00000004
5a5a5a5a
000018b4
7fffffff
fffffffe
5a5a5a5a
00000000
7ffffffd
00000004
5a5a5a5a
000018b4
7fffffff
12345678
5a5a5a5a
00000000
92345677
00000004
5a5a5a5a
000018b4
80000000
00000000
5a5a5a5a
00000000
80000000
00000004
5a5a5a5a
000018b4
80000000
00000001
5a5a5a5a
00000000
80000001
00000004
5a5a5a5a
000018b4
80000000
7fffffff
5a5a5a5a
00000000
ffffffff
00000004
5a5a5a5a
000018b4
80000000
80000000
5a5a5a5a
00000000
00000000
00000004
5a5a5a5a
000018b4
80000000
ffffffff
5a5a5a5a
00000000
7fffffff
00000004
5a5a5a5a
000018b4
80000000
55555555
5a5a5a5a
00000000
d5555555
00000004
5a5a5a5a
000018b4
80000000
00000003
5a5a5a5a
00000000
80000003
00000004
5a5a5a5a
000018b4
80000000
fffffffe
5a5a5a5a
00000000
7ffffffe
00000004
5a5a5a5a
000018b4
80000000
12345678
5a5a5a5a
00000000
92345678
00000004
5a5a5a5a
000018b4
ffffffff
00000000
5a5a5a5a
00000000
ffffffff
00000004
5a5a5a5a
000018b4
ffffffff
00000001
5a5a5a5a
00000000
00000000
00000004
5a5a5a5a
000018b4
ffffffff
7fffffff
5a5a5a5a
00000000
7ffffffe
00000004
5a5a5a5a
000018b4
ffffffff
80000000
5a5a5a5a
00000000
7fffffff
00000004
5a5a5a5a
000018b4
ffffffff
ffffffff
5a5a5a5a
00000000
fffffffe
00000004
5a5a5a5a
000018b4
ffffffff
55555555
5a5a5a5a
00000000
55555554
00000004
5a5a5a5a
000018b4
ffffffff
00000003
5a5a5a5a
00000000
00000002
00000004
5a5a5a5a
000018b4
ffffffff
fffffffe
5a5a5a5a
00000000
fffffffd
00000004
5a5a5a5a
000018b4
ffffffff
12345678
5a5a5a5a
00000000
12345677
00000004
5a5a5a5a
000018b4
55555555
00000000
5a5a5a5a
00000000
55555555
00000004
5a5a5a5a
000018b4
55555555
00000001
5a5a5a5a
00000000
55555556
00000004
5a5a5a5a
000018b4
55555555
7fffffff
5a5a5a5a
00000000
d5555554
00000004
5a5a5a5a
000018b4
55555555
80000000
5a5a5a5a
00000000
d5555555
00000004
5a5a5a5a
000018b4
55555555
ffffffff
5a5a5a5a
00000000
55555554
00000004
5a5a5a5a
000018b4
55555555
55555555
5a5a5a5a
00000000
aaaaaaaa
00000004
5a5a5a5a
000018b4
55555555
00000003
5a5a5a5a
00000000
55555558
00000004
5a5a5a5a
000018b4
55555555
fffffffe
5a5a5a5a
00000000
55555553
00000004
5a5a5a5a
000018b4
55555555
12345678
5a5a5a5a
00000000
6789abcd
00000004
5a5a5a5a
000018b4
00000003
00000000
5a5a5a5a
00000000
00000003
00000004
5a5a5a5a
000018b4
00000003
00000001
5a5a5a5a
00000000
00000004
00000004
5a5a5a5a
000018b4
00000003
7fffffff
5a5a5a5a
00000000
80000002
00000004
5a5a5a5a
000018b4
00000003
80000000
5a5a5a5a
00000000
80000003
00000004
5a5a5a5a
000018b4
00000003
ffffffff
5a5a5a5a
00000000
00000002
00000004
5a5a5a5a
000018b4
00000003
55555555
5a5a5a5a
00000000
55555558
00000004
5a5a5a5a
000018b4
00000003
00000003
5a5a5a5a
00000000
00000006
00000004
5a5a5a5a
000018b4
00000003
fffffffe
5a5a5a5a
00000000
00000001
00000004
5a5a5a5a
000018b4
00000003
12345678
5a5a5a5a
00000000
1234567b
00000004
5a5a5a5a
000018b4
fffffffe
00000000
5a5a5a5a
00000000
fffffffe
00000004
5a5a5a5a
000018b4
fffffffe
00000001
5a5a5a5a
00000000
ffffffff
00000004
5a5a5a5a
000018b4
fffffffe
7fffffff
5a5a5a5a
00000000
7ffffffd
00000004
5a5a5a5a
000018b4
fffffffe
80000000
5a5a5a5a
00000000
7ffffffe
00000004
5a5a5a5a
000018b4
fffffffe
ffffffff
5a5a5a5a
00000000
fffffffd
00000004
5a5a5a5a
000018b4
fffffffe
55555555
5a5a5a5a
00000000
55555553
00000004
5a5a5a5a
000018b4
fffffffe
00000003
5a5a5a5a
00000000
00000001
00000004
5a5a5a5a
000018b4
fffffffe
fffffffe
5a5a5a5a
00000000
fffffffc
00000004
5a5a5a5a
000018b4
fffffffe
12345678
5a5a5a5a
00000000
12345676
00000004
5a5a5a5a
000018b4
12345678
00000000
5a5a5a5a
00000000
12345678
00000004
5a5a5a5a
000018b4
12345678
00000001
5a5a5a5a
00000000
12345679
00000004
5a5a5a5a
000018b4
12345678
7fffffff
5a5a5a5a
00000000
92345677
00000004
5a5a5a5a
000018b4
12345678
80000000
5a5a5a5a
00000000
92345678
00000004
5a5a5a5a
000018b4
12345678
ffffffff
5a5a5a5a
00000000
12345677
00000004
5a5a5a5a
000018b4
12345678
55555555
5a5a5a5a
00000000
6789abcd
00000004
5a5a5a5a
000018b4
12345678
00000003
5a5a5a5a
00000000
1234567b
00000004
5a5a5a5a
000018b4
12345678
fffffffe
5a5a5a5a
00000000
12345676
00000004
5a5a5a5a
000018b4
12345678
12345678
5a5a5a5a
00000000
2468acf0
00000004
5a5a5a5a
000018b4
c6cc1193
2f17617b
18182ea3
00000001
f5e3730f
00000009
18182ea3
000018b4
1c5fd96b
2f838f29
6df99bbe
00000001
4be36895
00000009
6df99bbe
000018b4
e465e930
41ab8e41
010d5ad8
00000000
26117771
00000004
010d5ad8
000018b4
2b7353b1
d289c7e0
3e60e9c5
00000000
fdfd1b91
00000004
3e60e9c5
000018b4
49e117d9
bd038850
ab0f9394
00000001
06e4a02a
00000009
ab0f9394
000018b4
67a50e8f
59997e33
e3b3abd9
00000000
c13e8cc2
00000004
e3b3abd9
000018b4
8dba98ae
79e933db
abda3373
00000000
07a3cc89
00000004
abda3373
000018b4
7a518dc3
8b3558e0
3a988426
00000001
0586e6a4
00000009
3a988426
000018b4
ffffffff
00000000
00000000
00000001
00000000
00000009
00000000
000018b4
7fffffff
00000000
00000000
00000001
80000000
00000009
00000000
000018b4
00000000
00000000
00000000
00000001
00000001
00000009
00000000
000018b4
80000000
00000000
00000000
00000001
80000001
00000009
00000000
000018b4
00000000
ffffffff
00000000
00000001
00000000
00000009
00000000
000018d4
00000000
00000000
5a5a5a5a
00000000
00000000
00000004
5a5a5a5a
000018d4
00000000
00000001
5a5a5a5a
00000000
00000001
00000000
5a5a5a5a
000018d4
00000000
7fffffff
5a5a5a5a
00000000
7fffffff
00000000
5a5a5a5a
000018d4
00000000
80000000
5a5a5a5a
00000000
80000000
00000008
5a5a5a5a
000018d4
00000000
ffffffff
5a5a5a5a
00000000
ffffffff
00000008
5a5a5a5a
000018d4
00000000
55555555
5a5a5a5a
00000000
55555555
00000000
5a5a5a5a
000018d4
00000000
00000003
5a5a5a5a
00000000
00000003
00000000
5a5a5a5a
000018d4
00000000
fffffffe
5a5a5a5a
00000000
fffffffe
00000008
5a5a5a5a
000018d4
00000000
12345678
5a5a5a5a
00000000
12345678
00000000
5a5a5a5a
000018d4
00000001
00000000
5a5a5a5a
00000000
00000001
00000000
5a5a5a5a
000018d4
00000001
00000001
5a5a5a5a
00000000
00000002
00000000
5a5a5a5a
000018d4
00000001
7fffffff
5a5a5a5a
00000000
80000000
0000000a
5a5a5a5a
000018d4
00000001
80000000
5a5a5a5a
00000000
80000001
00000008
5a5a5a5a
000018d4
00000001
ffffffff
5a5a5a5a
00000000
00000000
00000005
5a5a5a5a
000018d4
00000001
55555555
5a5a5a5a
00000000
55555556
00000000
5a5a5a5a
000018d4
00000001
00000003
5a5a5a5a
00000000
00000004
00000000
5a5a5a5a
000018d4
00000001
fffffffe
5a5a5a5a
00000000
ffffffff
00000008
5a5a5a5a
000018d4
00000001
12345678
5a5a5a5a
00000000
12345679
00000000
5a5a5a5a
000018d4
7fffffff
00000000
5a5a5a5a
00000000
7fffffff
00000000
5a5a5a5a
000018d4
7fffffff
00000001
5a5a5a5a
00000000
80000000
0000000a
5a5a5a5a
000018d4
7fffffff
7fffffff
5a5a5a5a
00000000
fffffffe
0000000a
5a5a5a5a
000018d4
7fffffff
80000000
5a5a5a5a
00000000
ffffffff
00000008
5a5a5a5a
000018d4
7fffffff
ffffffff
5a5a5a5a
00000000
7ffffffe
00000001
5a5a5a5a
000018d4
7fffffff
55555555
5a5a5a5a
00000000
d5555554
0000000a
5a5a5a5a
000018d4
7fffffff
00000003
5a5a5a5a
00000000
80000002
0000000a
5a5a5a5a
000018d4
7fffffff
fffffffe
5a5a5a5a
00000000
7ffffffd
00000001
5a5a5a5a
000018d4
7fffffff
12345678
5a5a5a5a
00000000
92345677
0000000a
5a5a5a5a
000018d4
80000000
00000000
5a5a5a5a
00000000
80000000
00000008
5a5a5a5a
000018d4
80000000
00000001
5a5a5a5a
00000000
80000001
00000008
5a5a5a5a
000018d4
80000000
7fffffff
5a5a5a5a
00000000
ffffffff
00000008
5a5a5a5a
000018d4
80000000
80000000
5a5a5a5a
00000000
00000000
00000007
5a5a5a5a
000018d4
80000000
ffffffff
5a5a5a5a
00000000
7fffffff
00000003
5a5a5a5a
000018d4
80000000
55555555
5a5a5a5a
00000000
d5555555
00000008
5a5a5a5a
000018d4
80000000
00000003
5a5a5a5a
00000000
80000003
00000008
5a5a5a5a
000018d4
80000000
fffffffe
5a5a5a5a
00000000
7ffffffe
00000003
5a5a5a5a
000018d4
80000000
12345678
5a5a5a5a
00000000
92345678
00000008
5a5a5a5a
000018d4
ffffffff
00000000
5a5a5a5a
00000000
ffffffff
00000008
5a5a5a5a
000018d4
ffffffff
00000001
5a5a5a5a
00000000
00000000
00000005
5a5a5a5a
000018d4
ffffffff
7fffffff
5a5a5a5a
00000000
7ffffffe
00000001
5a5a5a5a
000018d4
ffffffff
80000000
5a5a5a5a
00000000
7fffffff
00000003
5a5a5a5a
000018d4
ffffffff
ffffffff
5a5a5a5a
00000000
fffffffe
00000009
5a5a5a5a
000018d4
ffffffff
55555555
5a5a5a5a
00000000
55555554
00000001
5a5a5a5a
000018d4
ffffffff
00000003
5a5a5a5a
00000000
00000002
00000001
5a5a5a5a
000018d4
ffffffff
fffffffe
5a5a5a5a
00000000
fffffffd
00000009
5a5a5a5a
000018d4
ffffffff
12345678
5a5a5a5a
00000000
12345677
00000001
5a5a5a5a
000018d4
55555555
00000000
5a5a5a5a
00000000
55555555
00000000
5a5a5a5a
000018d4
55555555
00000001
5a5a5a5a
00000000
55555556
00000000
5a5a5a5a
000018d4
55555555
7fffffff
5a5a5a5a
00000000
d5555554
0000000a
5a5a5a5a
000018d4
55555555
80000000
5a5a5a5a
00000000
d5555555
00000008
5a5a5a5a
000018d4
55555555
ffffffff
5a5a5a5a
00000000
55555554
00000001
5a5a5a5a
000018d4
55555555
55555555
5a5a5a5a
00000000
aaaaaaaa
0000000a
5a5a5a5a
000018d4
55555555
00000003
5a5a5a5a
00000000
55555558
00000000
5a5a5a5a
000018d4
55555555
fffffffe
5a5a5a5a
00000000
55555553
00000001
5a5a5a5a
000018d4
55555555
12345678
5a5a5a5a
00000000
6789abcd
00000000
5a5a5a5a
000018d4
00000003
00000000
5a5a5a5a
00000000
00000003
00000000
5a5a5a5a
000018d4
00000003
00000001
5a5a5a5a
00000000
00000004
00000000
5a5a5a5a
000018d4
00000003
7fffffff
5a5a5a5a
00000000
80000002
0000000a
5a5a5a5a
000018d4
00000003
80000000
5a5a5a5a
00000000
80000003
00000008
5a5a5a5a
000018d4
00000003
ffffffff
5a5a5a5a
00000000
00000002
00000001
5a5a5a5a
000018d4
00000003
55555555
5a5a5a5a
00000000
55555558
00000000
5a5a5a5a
000018d4
00000003
00000003
5a5a5a5a
00000000
00000006
00000000
5a5a5a5a
000018d4
00000003
fffffffe
5a5a5a5a
00000000
00000001
00000001
5a5a5a5a
000018d4
00000003
12345678
5a5a5a5a
00000000
1234567b
00000000
5a5a5a5a
000018d4
fffffffe
00000000
5a5a5a5a
00000000
fffffffe
00000008
5a5a5a5a
000018d4
fffffffe
00000001
5a5a5a5a
00000000
ffffffff
00000008
5a5a5a5a
000018d4
fffffffe
7fffffff
5a5a5a5a
00000000
7ffffffd
00000001
5a5a5a5a
000018d4
fffffffe
80000000
5a5a5a5a
00000000
7ffffffe
00000003
5a5a5a5a
000018d4
fffffffe
ffffffff
5a5a5a5a
00000000
fffffffd
00000009
5a5a5a5a
000018d4
fffffffe
55555555
5a5a5a5a
00000000
55555553
00000001
5a5a5a5a
000018d4
fffffffe
00000003
5a5a5a5a
00000000
00000001
00000001
5a5a5a5a
000018d4
fffffffe
fffffffe
5a5a5a5a
00000000
fffffffc
00000009
5a5a5a5a
000018d4
fffffffe
12345678
5a5a5a5a
00000000
12345676
00000001
5a5a5a5a
000018d4
12345678
00000000
5a5a5a5a
00000000
12345678
00000000
5a5a5a5a
000018d4
12345678
00000001
5a5a5a5a
00000000
12345679
00000000
5a5a5a5a
000018d4
12345678
7fffffff
5a5a5a5a
00000000
92345677
0000000a
5a5a5a5a
000018d4
12345678
80000000
5a5a5a5a
00000000
92345678
00000008
5a5a5a5a
000018d4
12345678
ffffffff
5a5a5a5a
00000000
12345677
00000001
5a5a5a5a
000018d4
12345678
55555555
5a5a5a5a
00000000
6789abcd
00000000
5a5a5a5a
000018d4
12345678
00000003
5a5a5a5a
00000000
1234567b
00000000
5a5a5a5a
000018d4
12345678
fffffffe
5a5a5a5a
00000000
12345676
00000001
5a5a5a5a
000018d4
12345678
12345678
5a5a5a5a
00000000
2468acf0
00000000
5a5a5a5a
000018d4
2e06aefe
506c0288
ba692bda
00000001
7e72b187
00000000
ba692bda
000018d4
f5e462b7
a5bca25d
73167757
00000000
9ba10514
00000009
73167757
000018d4
848bb747
c4846a36
952ed666
00000000
4910217d
00000003
952ed666
000018d4
f6dce093
436eb6b8
aa251363
00000001
3a4b974c
00000001
aa251363
000018d4
7007e21c
232faeb1
5f11e427
00000000
933790cd
0000000a
5f11e427
000018d4
777d20c8
0484a428
e5e393f4
00000000
7c01c4f0
00000000
e5e393f4
000018d4
e1e8b99f
b42843ae
7d014dc6
00000000
9610fd4d
00000009
7d014dc6
000018d4
2241c24c
2ed89b00
f073c36e
00000001
511a5d4d
00000000
f073c36e
000018d4
ffffffff
00000000
00000000
00000001
00000000
00000005
00000000
000018d4
7fffffff
00000000
00000000
00000001
80000000
0000000a
00000000
000018d4
00000000
00000000
00000000
00000001
00000001
00000000
00000000
000018d4
80000000
00000000
00000000
00000001
80000001
00000008
00000000
000018d4
00000000
ffffffff
00000000
00000001
00000000
00000005
00000000
000018f4
00000000
00000000
5a5a5a5a
00000000
00000000
00000004
5a5a5a5a
000018f4
00000000
00000001
5a5a5a5a
00000000
ffffffff
00000004
5a5a5a5a
000018f4
00000000
7fffffff
5a5a5a5a
00000000
80000001
00000004
5a5a5a5a
000018f4
00000000
80000000
5a5a5a5a
00000000
80000000
00000004
5a5a5a5a
000018f4
00000000
ffffffff
5a5a5a5a
00000000
00000001
00000004
5a5a5a5a
000018f4
00000000
55555555
5a5a5a5a
00000000
aaaaaaab
00000004
5a5a5a5a
000018f4
00000000
00000003
5a5a5a5a
00000000
fffffffd
00000004
5a5a5a5a
000018f4
00000000
fffffffe
5a5a5a5a
00000000
00000002
00000004
5a5a5a5a
000018f4
00000000
12345678
5a5a5a5a
00000000
edcba988
00000004
5a5a5a5a
000018f4
00000001
00000000
5a5a5a5a
00000000
00000001
00000004
5a5a5a5a
000018f4
00000001
00000001
5a5a5a5a
00000000
00000000
00000004
5a5a5a5a
000018f4
00000001
7fffffff
5a5a5a5a
00000000
80000002
00000004
5a5a5a5a
000018f4
00000001
80000000
5a5a5a5a
00000000
80000001
00000004
5a5a5a5a
000018f4
00000001
ffffffff
5a5a5a5a
00000000
00000002
00000004
5a5a5a5a
000018f4
00000001
55555555
5a5a5a5a
00000000
aaaaaaac
00000004
5a5a5a5a
000018f4
00000001
00000003
5a5a5a5a
00000000
fffffffe
00000004
5a5a5a5a
000018f4
00000001
fffffffe
5a5a5a5a
00000000
00000003
00000004
5a5a5a5a
000018f4
00000001
12345678
5a5a5a5a
00000000
edcba989
00000004
5a5a5a5a
000018f4
7fffffff
00000000
5a5a5a5a
00000000
7fffffff
00000004
5a5a5a5a
000018f4
7fffffff
00000001
5a5a5a5a
00000000
7ffffffe
00000004
5a5a5a5a
000018f4
7fffffff
7fffffff
5a5a5a5a
00000000
00000000
00000004
5a5a5a5a
000018f4
7fffffff
80000000
5a5a5a5a
00000000
ffffffff
00000004
5a5a5a5a
000018f4
7fffffff
ffffffff
5a5a5a5a
00000000
80000000
00000004
5a5a5a5a
000018f4
7fffffff
55555555
5a5a5a5a
00000000
2aaaaaaa
00000004
5a5a5a5a
000018f4
7fffffff
00000003
5a5a5a5a
00000000
7ffffffc
00000004
5a5a5a5a
000018f4
7fffffff
fffffffe
5a5a5a5a
00000000
80000001
00000004
5a5a5a5a
000018f4
7fffffff
12345678
5a5a5a5a
00000000
6dcba987
00000004
5a5a5a5a
000018f4
80000000
00000000
5a5a5a5a
00000000
80000000
00000004
5a5a5a5a
000018f4
80000000
00000001
5a5a5a5a
00000000
7fffffff
00000004
5a5a5a5a
000018f4
80000000
7fffffff
5a5a5a5a
00000000
00000001
00000004
5a5a5a5a
000018f4
80000000
80000000
5a5a5a5a
00000000
00000000
00000004
5a5a5a5a
000018f4
80000000
ffffffff
5a5a5a5a
00000000
80000001
00000004
5a5a5a5a
000018f4
80000000
55555555
5a5a5a5a
00000000
2aaaaaab
00000004
5a5a5a5a
000018f4
80000000
00000003
5a5a5a5a
00000000
7ffffffd
00000004
5a5a5a5a
000018f4
80000000
fffffffe
5a5a5a5a
00000000
80000002
00000004
5a5a5a5a
000018f4
80000000
12345678
5a5a5a5a
00000000
6dcba988
00000004
5a5a5a5a
000018f4
ffffffff
00000000
5a5a5a5a
00000000
ffffffff
00000004
5a5a5a5a
000018f4
ffffffff
00000001
5a5a5a5a
00000000
fffffffe
00000004
5a5a5a5a
000018f4
ffffffff
7fffffff
5a5a5a5a
00000000
80000000
00000004
5a5a5a5a
000018f4
ffffffff
80000000
5a5a5a5a
00000000
7fffffff
00000004
5a5a5a5a
000018f4
ffffffff
ffffffff
5a5a5a5a
00000000
00000000
00000004
5a5a5a5a
000018f4
ffffffff
55555555
5a5a5a5a
00000000
aaaaaaaa
00000004
5a5a5a5a
000018f4
ffffffff
00000003
5a5a5a5a
00000000
fffffffc
00000004
5a5a5a5a
000018f4
ffffffff
fffffffe
5a5a5a5a
00000000
00000001
00000004
5a5a5a5a
000018f4
ffffffff
12345678
5a5a5a5a
00000000
edcba987
00000004
5a5a5a5a
000018f4
55555555
00000000
5a5a5a5a
00000000
55555555
00000004
5a5a5a5a
000018f4
55555555
00000001
5a5a5a5a
00000000
55555554
00000004
5a5a5a5a
000018f4
55555555
7fffffff
5a5a5a5a
00000000
d5555556
00000004
5a5a5a5a
000018f4
55555555
80000000
5a5a5a5a
00000000
d5555555
00000004
5a5a5a5a
000018f4
55555555
ffffffff
5a5a5a5a
00000000
55555556
00000004
5a5a5a5a
000018f4
55555555
55555555
5a5a5a5a
00000000
00000000
00000004
5a5a5a5a
000018f4
55555555
00000003
5a5a5a5a
00000000
55555552
00000004
5a5a5a5a
000018f4
55555555
fffffffe
5a5a5a5a
00000000
55555557
00000004
5a5a5a5a
000018f4
55555555
12345678
5a5a5a5a
00000000
4320fedd
00000004
5a5a5a5a
000018f4
00000003
00000000
5a5a5a5a
00000000
00000003
00000004
5a5a5a5a
000018f4
00000003
00000001
5a5a5a5a
00000000
00000002
00000004
5a5a5a5a
000018f4
00000003
7fffffff
5a5a5a5a
00000000
80000004
00000004
5a5a5a5a
000018f4
00000003
80000000
5a5a5a5a
00000000
80000003
00000004
5a5a5a5a
000018f4
00000003
ffffffff
5a5a5a5a
00000000
00000004
00000004
5a5a5a5a
000018f4
00000003
55555555
5a5a5a5a
00000000
aaaaaaae
00000004
5a5a5a5a
000018f4
00000003
00000003
5a5a5a5a
00000000
00000000
00000004
5a5a5a5a
000018f4
00000003
fffffffe
5a5a5a5a
00000000
00000005
00000004
5a5a5a5a
000018f4
00000003
12345678
5a5a5a5a
00000000
edcba98b
00000004
5a5a5a5a
000018f4
fffffffe
00000000
5a5a5a5a
00000000
fffffffe
00000004
5a5a5a5a
000018f4
fffffffe
00000001
5a5a5a5a
00000000
fffffffd
00000004
5a5a5a5a
000018f4
fffffffe
7fffffff
5a5a5a5a
00000000
7fffffff
00000004
5a5a5a5a
000018f4
fffffffe
80000000
5a5a5a5a
00000000
7ffffffe
00000004
5a5a5a5a
000018f4
fffffffe
ffffffff
5a5a5a5a
00000000
ffffffff
00000004
5a5a5a5a
000018f4
fffffffe
55555555
5a5a5a5a
00000000
aaaaaaa9
00000004
5a5a5a5a
000018f4
fffffffe
00000003
5a5a5a5a
00000000
fffffffb
00000004
5a5a5a5a
000018f4
fffffffe
fffffffe
5a5a5a5a
00000000
00000000
00000004
5a5a5a5a
000018f4
fffffffe
12345678
5a5a5a5a
00000000
edcba986
00000004
5a5a5a5a
000018f4
12345678
00000000
5a5a5a5a
00000000
12345678
00000004
5a5a5a5a
000018f4
12345678
00000001
5a5a5a5a
00000000
12345677
00000004
5a5a5a5a
000018f4
12345678
7fffffff
5a5a5a5a
00000000
92345679
00000004
5a5a5a5a
000018f4
12345678
80000000
5a5a5a5a
00000000
92345678
00000004
5a5a5a5a
000018f4
12345678
ffffffff
5a5a5a5a
00000000
12345679
00000004
5a5a5a5a
000018f4
12345678
55555555
5a5a5a5a
00000000
bcdf0123
00000004
5a5a5a5a
000018f4
12345678
00000003
5a5a5a5a
00000000
12345675
00000004
5a5a5a5a
000018f4
12345678
fffffffe
5a5a5a5a
00000000
1234567a
00000004
5a5a5a5a
000018f4
12345678
12345678
5a5a5a5a
00000000
00000000
00000004
5a5a5a5a
000018f4
3ec5e83d
0e1c52b5
2e2fc6d2
00000001
30a99588
00000009
2e2fc6d2
000018f4
0f022e27
98c8c106
8ed7fe81
00000000
76396d21
00000004
8ed7fe81
000018f4
35780550
1364d92b
b8a6f500
00000001
22132c25
00000009
b8a6f500
000018f4
94c347b7
e8df3c8d
cd453088
00000000
abe40b2a
00000004
cd453088
000018f4
7683580c
75f9c6b9
8701dff7
00000000
00899153
00000004
8701dff7
000018f4
cea7c228
2d7cc136
ef21d7fd
00000000
a12b00f2
00000004
ef21d7fd
000018f4
08e5afab
92b018ff
a70b7d5e
00000000
763596ac
00000004
a70b7d5e
000018f4
21f8f2c3
415b7ca8
04e12624
00000000
e09d761b
00000004
04e12624
00001914
00000000
00000000
5a5a5a5a
00000000
00000000
00000004
5a5a5a5a
00001914
00000000
00000001
5a5a5a5a
00000000
ffffffff
00000009
5a5a5a5a
00001914
00000000
7fffffff
5a5a5a5a
00000000
80000001
00000009
5a5a5a5a
00001914
00000000
80000000
5a5a5a5a
00000000
80000000
0000000b
5a5a5a5a
00001914
00000000
ffffffff
5a5a5a5a
00000000
00000001
00000001
5a5a5a5a
00001914
00000000
55555555
5a5a5a5a
00000000
aaaaaaab
00000009
5a5a5a5a
00001914
00000000
00000003
5a5a5a5a
00000000
fffffffd
00000009
5a5a5a5a
00001914
00000000
fffffffe
5a5a5a5a
00000000
00000002
00000001
5a5a5a5a
00001914
00000000
12345678
5a5a5a5a
00000000
edcba988
00000009
5a5a5a5a
00001914
00000001
00000000
5a5a5a5a
00000000
00000001
00000000
5a5a5a5a
00001914
00000001
00000001
5a5a5a5a
00000000
00000000
00000004
5a5a5a5a
00001914
00000001
7fffffff
5a5a5a5a
00000000
80000002
00000009
5a5a5a5a
00001914
00000001
80000000
5a5a5a5a
00000000
80000001
0000000b
5a5a5a5a
00001914
00000001
ffffffff
5a5a5a5a
00000000
00000002
00000001
5a5a5a5a
00001914
00000001
55555555
5a5a5a5a
00000000
aaaaaaac
00000009
5a5a5a5a
00001914
00000001
00000003
5a5a5a5a
00000000
fffffffe
00000009
5a5a5a5a
00001914
00000001
fffffffe
5a5a5a5a
00000000
00000003
00000001
5a5a5a5a
00001914
00000001
12345678
5a5a5a5a
00000000
edcba989
00000009
5a5a5a5a
00001914
7fffffff
00000000
5a5a5a5a
00000000
7fffffff
00000000
5a5a5a5a
00001914
7fffffff
00000001
5a5a5a5a
00000000
7ffffffe
00000000
5a5a5a5a
00001914
7fffffff
7fffffff
5a5a5a5a
00000000
00000000
00000004
5a5a5a5a
00001914
7fffffff
80000000
5a5a5a5a
00000000
ffffffff
0000000b
5a5a5a5a
00001914
7fffffff
ffffffff
5a5a5a5a
00000000
80000000
0000000b
5a5a5a5a
00001914
7fffffff
55555555
5a5a5a5a
00000000
2aaaaaaa
00000000
5a5a5a5a
00001914
7fffffff
00000003
5a5a5a5a
00000000
7ffffffc
00000000
5a5a5a5a
00001914
7fffffff
fffffffe
5a5a5a5a
00000000
80000001
0000000b
5a5a5a5a
00001914
7fffffff
12345678
5a5a5a5a
00000000
6dcba987
00000000
5a5a5a5a
00001914
80000000
00000000
5a5a5a5a
00000000
80000000
00000008
5a5a5a5a
00001914
80000000
00000001
5a5a5a5a
00000000
7fffffff
00000002
5a5a5a5a
00001914
80000000
7fffffff
5a5a5a5a
00000000
00000001
00000002
5a5a5a5a
00001914
80000000
80000000
5a5a5a5a
00000000
00000000
00000004
5a5a5a5a
00001914
80000000
ffffffff
5a5a5a5a
00000000
80000001
00000009
5a5a5a5a
00001914
80000000
55555555
5a5a5a5a
00000000
2aaaaaab
00000002
5a5a5a5a
00001914
80000000
00000003
5a5a5a5a
00000000
7ffffffd
00000002
5a5a5a5a
00001914
80000000
fffffffe
5a5a5a5a
00000000
80000002
00000009
5a5a5a5a
00001914
80000000
12345678
5a5a5a5a
00000000
6dcba988
00000002
5a5a5a5a
00001914
ffffffff
00000000
5a5a5a5a
00000000
ffffffff
00000008
5a5a5a5a
00001914
ffffffff
00000001
5a5a5a5a
00000000
fffffffe
00000008
5a5a5a5a
00001914
ffffffff
7fffffff
5a5a5a5a
00000000
80000000
00000008
5a5a5a5a
00001914
ffffffff
80000000
5a5a5a5a
00000000
7fffffff
00000000
5a5a5a5a
00001914
ffffffff
ffffffff
5a5a5a5a
00000000
00000000
00000004
5a5a5a5a
00001914
ffffffff
55555555
5a5a5a5a
00000000
aaaaaaaa
00000008
5a5a5a5a
00001914
ffffffff
00000003
5a5a5a5a
00000000
fffffffc
00000008
5a5a5a5a
00001914
ffffffff
fffffffe
5a5a5a5a
00000000
00000001
00000000
5a5a5a5a
00001914
ffffffff
12345678
5a5a5a5a
00000000
edcba987
00000008
5a5a5a5a
00001914
55555555
00000000
5a5a5a5a
00000000
55555555
00000000
5a5a5a5a
00001914
55555555
00000001
5a5a5a5a
00000000
55555554
00000000
5a5a5a5a
00001914
55555555
7fffffff
5a5a5a5a
00000000
d5555556
00000009
5a5a5a5a
00001914
55555555
80000000
5a5a5a5a
00000000
d5555555
0000000b
5a5a5a5a
00001914
55555555
ffffffff
5a5a5a5a
00000000
55555556
00000001
5a5a5a5a
00001914
55555555
55555555
5a5a5a5a
00000000
00000000
00000004
5a5a5a5a
00001914
55555555
00000003
5a5a5a5a
00000000
55555552
00000000
5a5a5a5a
00001914
55555555
fffffffe
5a5a5a5a
00000000
55555557
00000001
5a5a5a5a
00001914
55555555
12345678
5a5a5a5a
00000000
4320fedd
00000000
5a5a5a5a
00001914
00000003
00000000
5a5a5a5a
00000000
00000003
00000000
5a5a5a5a
00001914
00000003
00000001
5a5a5a5a
00000000
00000002
00000000
5a5a5a5a
00001914
00000003
7fffffff
5a5a5a5a
00000000
80000004
00000009
5a5a5a5a
00001914
00000003
80000000
5a5a5a5a
00000000
80000003
0000000b
5a5a5a5a
00001914
00000003
ffffffff
5a5a5a5a
00000000
00000004
00000001
5a5a5a5a
00001914
00000003
55555555
5a5a5a5a
00000000
aaaaaaae
00000009
5a5a5a5a
00001914
00000003
00000003
5a5a5a5a
00000000
00000000
00000004
5a5a5a5a
00001914
00000003
fffffffe
5a5a5a5a
00000000
00000005
00000001
5a5a5a5a
00001914
00000003
12345678
5a5a5a5a
00000000
edcba98b
00000009
5a5a5a5a
00001914
fffffffe
00000000
5a5a5a5a
00000000
fffffffe
00000008
5a5a5a5a
00001914
fffffffe
00000001
5a5a5a5a
00000000
fffffffd
00000008
5a5a5a5a
00001914
fffffffe
7fffffff
5a5a5a5a
00000000
7fffffff
00000002
5a5a5a5a
00001914
fffffffe
80000000
5a5a5a5a
00000000
7ffffffe
00000000
5a5a5a5a
00001914
fffffffe
ffffffff
5a5a5a5a
00000000
ffffffff
00000009
5a5a5a5a
00001914
fffffffe
55555555
5a5a5a5a
00000000
aaaaaaa9
00000008
5a5a5a5a
00001914
fffffffe
00000003
5a5a5a5a
00000000
fffffffb
00000008
5a5a5a5a
00001914
fffffffe
fffffffe
5a5a5a5a
00000000
00000000
00000004
5a5a5a5a
00001914
fffffffe
12345678
5a5a5a5a
00000000
edcba986
00000008
5a5a5a5a
00001914
12345678
00000000
5a5a5a5a
00000000
12345678
00000000
5a5a5a5a
00001914
12345678
00000001
5a5a5a5a
00000000
12345677
00000000
5a5a5a5a
00001914
12345678
7fffffff
5a5a5a5a
00000000
92345679
00000009
5a5a5a5a
00001914
12345678
80000000
5a5a5a5a
00000000
92345678
0000000b
5a5a5a5a
00001914
12345678
ffffffff
5a5a5a5a
00000000
12345679
00000001
5a5a5a5a
00001914
12345678
55555555
5a5a5a5a
00000000
bcdf0123
00000009
5a5a5a5a
00001914
12345678
00000003
5a5a5a5a
00000000
12345675
00000000
5a5a5a5a
00001914
12345678
fffffffe
5a5a5a5a
00000000
1234567a
00000001
5a5a5a5a
00001914
12345678
12345678
5a5a5a5a
00000000
00000000
00000004
5a5a5a5a
00001914
5fd9f36e
cc061e87
14c936b5
00000000
93d3d4e7
0000000b
14c936b5
00001914
04538f42
1d416015
0da6bae6
00000001
e7122f2d
00000009
0da6bae6
00001914
2bea6522
44c16037
aee2e4ff
00000000
e72904eb
00000009
aee2e4ff
00001914
e410b6d4
6a09f465
da510fa9
00000000
7a06c26f
00000002
da510fa9
00001914
7330979d
0e25076c
acfbbc3c
00000000
650b9031
00000000
acfbbc3c
00001914
da3fa2ce
90f4eb5e
33435751
00000001
494ab770
00000000
33435751
00001914
56615d53
fc7e51cb
a90c6e5d
00000000
59e30b88
00000001
a90c6e5d
00001914
fed94549
8f571270
108dac25
00000000
6f8232d9
00000000
108dac25
00001934
00000000
00000000
5a5a5a5a
00000000
00000000
00000004
5a5a5a5a
00001934
00000000
00000001
5a5a5a5a
00000000
ffffffff
00000004
5a5a5a5a
00001934
00000000
7fffffff
5a5a5a5a
00000000
80000001
00000004
5a5a5a5a
00001934
00000000
80000000
5a5a5a5a
00000000
80000000
00000004
5a5a5a5a
00001934
00000000
ffffffff
5a5a5a5a
00000000
00000001
00000004
5a5a5a5a
00001934
00000000
55555555
5a5a5a5a
00000000
aaaaaaab
00000004
5a5a5a5a
00001934
00000000
00000003
5a5a5a5a
00000000
fffffffd
00000004
5a5a5a5a
00001934
00000000
fffffffe
5a5a5a5a
00000000
00000002
00000004
5a5a5a5a
00001934
00000000
12345678
5a5a5a5a
00000000
edcba988
00000004
5a5a5a5a
00001934
00000001
00000000
5a5a5a5a
00000000
00000001
00000004
5a5a5a5a
00001934
00000001
00000001
5a5a5a5a
00000000
00000000
00000004
5a5a5a5a
00001934
00000001
7fffffff
5a5a5a5a
00000000
80000002
00000004
5a5a5a5a
00001934
00000001
80000000
5a5a5a5a
00000000
80000001
00000004
5a5a5a5a
00001934
00000001
ffffffff
5a5a5a5a
00000000
00000002
00000004
5a5a5a5a
00001934
00000001
55555555
5a5a5a5a
00000000
aaaaaaac
00000004
5a5a5a5a
00001934
00000001
00000003
5a5a5a5a
00000000
fffffffe
00000004
5a5a5a5a
00001934
00000001
fffffffe
5a5a5a5a
00000000
00000003
00000004
5a5a5a5a
00001934
00000001
12345678
5a5a5a5a
00000000
edcba989
00000004
5a5a5a5a
00001934
7fffffff
00000000
5a5a5a5a
00000000
7fffffff
00000004
5a5a5a5a
00001934
7fffffff
00000001
5a5a5a5a
00000000
7ffffffe
00000004
5a5a5a5a
00001934
7fffffff
7fffffff
5a5a5a5a
00000000
00000000
00000004
5a5a5a5a
00001934
7fffffff
80000000
5a5a5a5a
00000000
ffffffff
00000004
5a5a5a5a
00001934
7fffffff
ffffffff
5a5a5a5a
00000000
80000000
00000004
5a5a5a5a
00001934
7fffffff
55555555
5a5a5a5a
00000000
2aaaaaaa
00000004
5a5a5a5a
00001934
7fffffff
00000003
5a5a5a5a
00000000
7ffffffc
00000004
5a5a5a5a
00001934
7fffffff
fffffffe
5a5a5a5a
00000000
80000001
00000004
5a5a5a5a
00001934
7fffffff
12345678
5a5a5a5a
00000000
6dcba987
00000004
5a5a5a5a
00001934
80000000
00000000
5a5a5a5a
00000000
80000000
00000004
5a5a5a5a
00001934
80000000
00000001
5a5a5a5a
00000000
7fffffff
00000004
5a5a5a5a
00001934
80000000
7fffffff
5a5a5a5a
00000000
00000001
00000004
5a5a5a5a
00001934
80000000
80000000
5a5a5a5a
00000000
00000000
00000004
5a5a5a5a
00001934
80000000
ffffffff
5a5a5a5a
00000000
80000001
00000004
5a5a5a5a
00001934
80000000
55555555
5a5a5a5a
00000000
2aaaaaab
00000004
5a5a5a5a
00001934
80000000
00000003
5a5a5a5a
00000000
7ffffffd
00000004
5a5a5a5a
00001934
80000000
fffffffe
5a5a5a5a
00000000
80000002
00000004
5a5a5a5a
00001934
80000000
12345678
5a5a5a5a
00000000
6dcba988
00000004
5a5a5a5a
00001934
ffffffff
00000000
5a5a5a5a
00000000
ffffffff
00000004
5a5a5a5a
00001934
ffffffff
00000001
5a5a5a5a
00000000
fffffffe
00000004
5a5a5a5a
00001934
ffffffff
7fffffff
5a5a5a5a
00000000
80000000
00000004
5a5a5a5a
00001934
ffffffff
80000000
5a5a5a5a
00000000
7fffffff
00000004
5a5a5a5a
00001934
ffffffff
ffffffff
5a5a5a5a
00000000
00000000
00000004
5a5a5a5a
00001934
ffffffff
55555555
5a5a5a5a
00000000
aaaaaaaa
00000004
5a5a5a5a
00001934
ffffffff
00000003
5a5a5a5a
00000000
fffffffc
00000004
5a5a5a5a
00001934
ffffffff
fffffffe
5a5a5a5a
00000000
00000001
00000004
5a5a5a5a
00001934
ffffffff
12345678
5a5a5a5a
00000000
edcba987
00000004
5a5a5a5a
00001934
55555555
00000000
5a5a5a5a
00000000
55555555
00000004
5a5a5a5a
00001934
55555555
00000001
5a5a5a5a
00000000
55555554
00000004
5a5a5a5a
00001934
55555555
7fffffff
5a5a5a5a
00000000
d5555556
00000004
5a5a5a5a
00001934
55555555
80000000
5a5a5a5a
00000000
d5555555
00000004
5a5a5a5a
00001934
55555555
ffffffff
5a5a5a5a
00000000
55555556
00000004
5a5a5a5a
00001934
55555555
55555555
5a5a5a5a
00000000
00000000
00000004
5a5a5a5a
00001934
55555555
00000003
5a5a5a5a
00000000
55555552
00000004
5a5a5a5a
00001934
55555555
fffffffe
5a5a5a5a
00000000
55555557
00000004
5a5a5a5a
00001934
55555555
12345678
5a5a5a5a
00000000
4320fedd
00000004
5a5a5a5a
00001934
00000003
00000000
5a5a5a5a
00000000
00000003
00000004
5a5a5a5a
00001934
00000003
00000001
5a5a5a5a
00000000
00000002
00000004
5a5a5a5a
00001934
00000003
7fffffff
5a5a5a5a
00000000
80000004
00000004
5a5a5a5a
00001934
00000003
80000000
5a5a5a5a
00000000
80000003
00000004
5a5a5a5a
00001934
00000003
ffffffff
5a5a5a5a
00000000
00000004
00000004
5a5a5a5a
00001934
00000003
55555555
5a5a5a5a
00000000
aaaaaaae
00000004
5a5a5a5a
00001934
00000003
00000003
5a5a5a5a
00000000
00000000
00000004
5a5a5a5a
00001934
00000003
fffffffe
5a5a5a5a
00000000
00000005
00000004
5a5a5a5a
00001934
00000003
12345678
5a5a5a5a
00000000
edcba98b
00000004
5a5a5a5a
00001934
fffffffe
00000000
5a5a5a5a
00000000
fffffffe
00000004
5a5a5a5a
00001934
fffffffe
00000001
5a5a5a5a
00000000
fffffffd
00000004
5a5a5a5a
00001934
fffffffe
7fffffff
5a5a5a5a
00000000
7fffffff
00000004
5a5a5a5a
00001934
fffffffe
80000000
5a5a5a5a
00000000
7ffffffe
00000004
5a5a5a5a
00001934
fffffffe
ffffffff
5a5a5a5a
00000000
ffffffff
00000004
5a5a5a5a
00001934
fffffffe
55555555
5a5a5a5a
00000000
aaaaaaa9
00000004
5a5a5a5a
00001934
fffffffe
00000003
5a5a5a5a
00000000
fffffffb
00000004
5a5a5a5a
00001934
fffffffe
fffffffe
5a5a5a5a
00000000
00000000
00000004
5a5a5a5a
00001934
fffffffe
12345678
5a5a5a5a
00000000
edcba986
00000004
5a5a5a5a
00001934
12345678
00000000
5a5a5a5a
00000000
12345678
00000004
5a5a5a5a
00001934
12345678
00000001
5a5a5a5a
00000000
12345677
00000004
5a5a5a5a
00001934
12345678
7fffffff
5a5a5a5a
00000000
92345679
00000004
5a5a5a5a
00001934
12345678
80000000
5a5a5a5a
00000000
92345678
00000004
5a5a5a5a
00001934
12345678
ffffffff
5a5a5a5a
00000000
12345679
00000004
5a5a5a5a
00001934
12345678
55555555
5a5a5a5a
00000000
bcdf0123
00000004
5a5a5a5a
00001934
12345678
00000003
5a5a5a5a
00000000
12345675
00000004
5a5a5a5a
00001934
12345678
fffffffe
5a5a5a5a
00000000
1234567a
00000004
5a5a5a5a
00001934
12345678
12345678
5a5a5a5a
00000000
00000000
00000004
5a5a5a5a
00001934
112f010b
5c4d3392
f5832f76
00000001
b4e1cd78
00000009
f5832f76
00001934
9222c8c8
8bfb8985
ab508cd0
00000001
06273f42
00000009
ab508cd0
00001934
6417eff7
9736901c
f6462274
00000000
cce15fdb
00000004
f6462274
00001934
43d6753c
b0b664bc
e86ef3c5
00000001
9320107f
00000009
e86ef3c5
00001934
d429d163
9679d2d2
63de079f
00000000
3daffe91
00000004
63de079f
00001934
320cfe2e
f6110bd6
2f779a18
00000000
3bfbf258
00000004
2f779a18
00001934
9c2a6dab
abee7f95
138ac396
00000000
f03bee16
00000004
138ac396
00001934
7172123e
51edff3f
b9b524d6
00000001
1f8412fe
00000009
b9b524d6
00001934
ffffffff
00000000
00000000
00000001
fffffffe
00000009
00000000
00001934
7fffffff
00000000
00000000
00000001
7ffffffe
00000009
00000000
00001934
00000000
00000000
00000000
00000001
ffffffff
00000009
00000000
00001934
80000000
00000000
00000000
00000001
7fffffff
00000009
00000000
00001934
00000000
ffffffff
00000000
00000001
00000000
00000009
00000000
00001954
00000000
00000000
5a5a5a5a
00000000
00000000
00000004
5a5a5a5a
00001954
00000000
00000001
5a5a5a5a
00000000
ffffffff
00000009
5a5a5a5a
00001954
00000000
7fffffff
5a5a5a5a
00000000
80000001
00000009
5a5a5a5a
00001954
00000000
80000000
5a5a5a5a
00000000
80000000
0000000b
5a5a5a5a
00001954
00000000
ffffffff
5a5a5a5a
00000000
00000001
00000001
5a5a5a5a
00001954
00000000
55555555
5a5a5a5a
00000000
aaaaaaab
00000009
5a5a5a5a
00001954
00000000
00000003
5a5a5a5a
00000000
fffffffd
00000009
5a5a5a5a
00001954
00000000
fffffffe
5a5a5a5a
00000000
00000002
00000001
5a5a5a5a
00001954
00000000
12345678
5a5a5a5a
00000000
edcba988
00000009
5a5a5a5a
00001954
00000001
00000000
5a5a5a5a
00000000
00000001
00000000
5a5a5a5a
00001954
00000001
00000001
5a5a5a5a
00000000
00000000
00000004
5a5a5a5a
00001954
00000001
7fffffff
5a5a5a5a
00000000
80000002
00000009
5a5a5a5a
00001954
00000001
80000000
5a5a5a5a
00000000
80000001
0000000b
5a5a5a5a
00001954
00000001
ffffffff
5a5a5a5a
00000000
00000002
00000001
5a5a5a5a
00001954
00000001
55555555
5a5a5a5a
00000000
aaaaaaac
00000009
5a5a5a5a
00001954
00000001
00000003
5a5a5a5a
00000000
fffffffe
00000009
5a5a5a5a
00001954
00000001
fffffffe
5a5a5a5a
00000000
00000003
00000001
5a5a5a5a
00001954
00000001
12345678
5a5a5a5a
00000000
edcba989
00000009
5a5a5a5a
00001954
7fffffff
00000000
5a5a5a5a
00000000
7fffffff
00000000
5a5a5a5a
00001954
7fffffff
00000001
5a5a5a5a
00000000
7ffffffe
00000000
5a5a5a5a
00001954
7fffffff
7fffffff
5a5a5a5a
00000000
00000000
00000004
5a5a5a5a
00001954
7fffffff
80000000
5a5a5a5a
00000000
ffffffff
0000000b
5a5a5a5a
00001954
7fffffff
ffffffff
5a5a5a5a
00000000
80000000
0000000b
5a5a5a5a
00001954
7fffffff
55555555
5a5a5a5a
00000000
2aaaaaaa
00000000
5a5a5a5a
00001954
7fffffff
00000003
5a5a5a5a
00000000
7ffffffc
00000000
5a5a5a5a
00001954
7fffffff
fffffffe
5a5a5a5a
00000000
80000001
0000000b
5a5a5a5a
00001954
7fffffff
12345678
5a5a5a5a
00000000
6dcba987
00000000
5a5a5a5a
00001954
80000000
00000000
5a5a5a5a
00000000
80000000
00000008
5a5a5a5a
00001954
80000000
00000001
5a5a5a5a
00000000
7fffffff
00000002
5a5a5a5a
00001954
80000000
7fffffff
5a5a5a5a
00000000
00000001
00000002
5a5a5a5a
00001954
80000000
80000000
5a5a5a5a
00000000
00000000
00000004
5a5a5a5a
00001954
80000000
ffffffff
5a5a5a5a
00000000
80000001
00000009
5a5a5a5a
00001954
80000000
55555555
5a5a5a5a
00000000
2aaaaaab
00000002
5a5a5a5a
00001954
80000000
00000003
5a5a5a5a
00000000
7ffffffd
00000002
5a5a5a5a
00001954
80000000
fffffffe
5a5a5a5a
00000000
80000002
00000009
5a5a5a5a
00001954
80000000
12345678
5a5a5a5a
00000000
6dcba988
00000002
5a5a5a5a
00001954
ffffffff
00000000
5a5a5a5a
00000000
ffffffff
00000008
5a5a5a5a
00001954
ffffffff
00000001
5a5a5a5a
00000000
fffffffe
00000008
5a5a5a5a
00001954
ffffffff
7fffffff
5a5a5a5a
00000000
80000000
00000008
5a5a5a5a
00001954
ffffffff
80000000
5a5a5a5a
00000000
7fffffff
00000000
5a5a5a5a
00001954
ffffffff
ffffffff
5a5a5a5a
00000000
00000000
00000004
5a5a5a5a
00001954
ffffffff
55555555
5a5a5a5a
00000000
aaaaaaaa
00000008
5a5a5a5a
00001954
ffffffff
00000003
5a5a5a5a
00000000
fffffffc
00000008
5a5a5a5a
00001954
ffffffff
fffffffe
5a5a5a5a
00000000
00000001
00000000
5a5a5a5a
00001954
ffffffff
12345678
5a5a5a5a
00000000
edcba987
00000008
5a5a5a5a
00001954
55555555
00000000
5a5a5a5a
00000000
55555555
00000000
5a5a5a5a
00001954
55555555
00000001
5a5a5a5a
00000000
55555554
00000000
5a5a5a5a
00001954
55555555
7fffffff
5a5a5a5a
00000000
d5555556
00000009
5a5a5a5a
00001954
55555555
80000000
5a5a5a5a
00000000
d5555555
0000000b
5a5a5a5a
00001954
55555555
ffffffff
5a5a5a5a
00000000
55555556
00000001
5a5a5a5a
00001954
55555555
55555555
5a5a5a5a
00000000
00000000
00000004
5a5a5a5a
00001954
55555555
00000003
5a5a5a5a
00000000
55555552
00000000
5a5a5a5a
00001954
55555555
fffffffe
5a5a5a5a
00000000
55555557
00000001
5a5a5a5a
00001954
55555555
12345678
5a5a5a5a
00000000
4320fedd
00000000
5a5a5a5a
00001954
00000003
00000000
5a5a5a5a
00000000
00000003
00000000
5a5a5a5a
00001954
00000003
00000001
5a5a5a5a
00000000
00000002
00000000
5a5a5a5a
00001954
00000003
7fffffff
5a5a5a5a
00000000
80000004
00000009
5a5a5a5a
00001954
00000003
80000000
5a5a5a5a
00000000
80000003
0000000b
5a5a5a5a
00001954
00000003
ffffffff
5a5a5a5a
00000000
00000004
00000001
5a5a5a5a
00001954
00000003
55555555
5a5a5a5a
00000000
aaaaaaae
00000009
5a5a5a5a
00001954
00000003
00000003
5a5a5a5a
00000000
00000000
00000004
5a5a5a5a
00001954
00000003
fffffffe
5a5a5a5a
00000000
00000005
00000001
5a5a5a5a
00001954
00000003
12345678
5a5a5a5a
00000000
edcba98b
00000009
5a5a5a5a
00001954
fffffffe
00000000
5a5a5a5a
00000000
fffffffe
00000008
5a5a5a5a
00001954
fffffffe
00000001
5a5a5a5a
00000000
fffffffd
00000008
5a5a5a5a
00001954
fffffffe
7fffffff
5a5a5a5a
00000000
7fffffff
00000002
5a5a5a5a
00001954
fffffffe
80000000
5a5a5a5a
00000000
7ffffffe
00000000
5a5a5a5a
00001954
fffffffe
ffffffff
5a5a5a5a
00000000
ffffffff
00000009
5a5a5a5a
00001954
fffffffe
55555555
5a5a5a5a
00000000
aaaaaaa9
00000008
5a5a5a5a
00001954
fffffffe
00000003
5a5a5a5a
00000000
fffffffb
00000008
5a5a5a5a
00001954
fffffffe
fffffffe
5a5a5a5a
00000000
00000000
00000004
5a5a5a5a
00001954
fffffffe
12345678
5a5a5a5a
00000000
edcba986
00000008
5a5a5a5a
00001954
12345678
00000000
5a5a5a5a
00000000
12345678
00000000
5a5a5a5a
00001954
12345678
00000001
5a5a5a5a
00000000
12345677
00000000
5a5a5a5a
00001954
12345678
7fffffff
5a5a5a5a
00000000
92345679
00000009
5a5a5a5a
00001954
12345678
80000000
5a5a5a5a
00000000
92345678
0000000b
5a5a5a5a
00001954
12345678
ffffffff
5a5a5a5a
00000000
12345679
00000001
5a5a5a5a
00001954
12345678
55555555
5a5a5a5a
00000000
bcdf0123
00000009
5a5a5a5a
00001954
12345678
00000003
5a5a5a5a
00000000
12345675
00000000
5a5a5a5a
00001954
12345678
fffffffe
5a5a5a5a
00000000
1234567a
00000001
5a5a5a5a
00001954
12345678
12345678
5a5a5a5a
00000000
00000000
00000004
5a5a5a5a
00001954
82ce7dd5
96b054fe
6dce7631
00000000
ec1e28d7
00000009
6dce7631
00001954
7aa8d71f
cbf6e898
ebff75a3
00000000
aeb1ee87
0000000b
ebff75a3
00001954
fbb850e4
cee25117
67fa7d93
00000000
2cd5ffcd
00000000
67fa7d93
00001954
8e79dba1
e05e6a5c
920cb1c0
00000001
ae1b7144
00000009
920cb1c0
00001954
50226108
aa94b692
3ca1e4a9
00000001
a58daa75
0000000b
3ca1e4a9
00001954
c3e93b56
cc9bf65c
c3d21126
00000000
f74d44fa
00000009
c3d21126
00001954
73f516c6
44f3d46a
8e50dbdf
00000001
2f01425b
00000000
8e50dbdf
00001954
a4b603d2
4d002adc
829c02f7
00000000
57b5d8f6
00000002
829c02f7
00001954
ffffffff
00000000
00000000
00000001
fffffffe
00000008
00000000
00001954
7fffffff
00000000
00000000
00000001
7ffffffe
00000000
00000000
00001954
00000000
00000000
00000000
00000001
ffffffff
00000009
00000000
00001954
80000000
00000000
00000000
00000001
7fffffff
00000002
00000000
00001954
00000000
ffffffff
00000000
00000001
00000000
00000005
00000000
00001974
00000000
00000000
5a5a5a5a
00000000
00000000
00000004
5a5a5a5a
00001974
00000000
00000001
5a5a5a5a
00000000
00000000
00000004
5a5a5a5a
00001974
00000000
7fffffff
5a5a5a5a
00000000
00000000
00000004
5a5a5a5a
00001974
00000000
80000000
5a5a5a5a
00000000
00000000
00000004
5a5a5a5a
00001974
00000000
ffffffff
5a5a5a5a
00000000
00000000
00000004
5a5a5a5a
00001974
00000000
55555555
5a5a5a5a
00000000
00000000
00000004
5a5a5a5a
00001974
00000000
00000003
5a5a5a5a
00000000
00000000
00000004
5a5a5a5a
00001974
00000000
fffffffe
5a5a5a5a
00000000
00000000
00000004
5a5a5a5a
00001974
00000000
12345678
5a5a5a5a
00000000
00000000
00000004
5a5a5a5a
00001974
00000001
00000000
5a5a5a5a
00000000
00000000
00000004
5a5a5a5a
00001974
00000001
00000001
5a5a5a5a
00000000
00000001
00000004
5a5a5a5a
00001974
00000001
7fffffff
5a5a5a5a
00000000
00000001
00000004
5a5a5a5a
00001974
00000001
80000000
5a5a5a5a
00000000
00000000
00000004
5a5a5a5a
00001974
00000001
ffffffff
5a5a5a5a
00000000
00000001
00000004
5a5a5a5a
00001974
00000001
55555555
5a5a5a5a
00000000
00000001
00000004
5a5a5a5a
00001974
00000001
00000003
5a5a5a5a
00000000
00000001
00000004
5a5a5a5a
00001974
00000001
fffffffe
5a5a5a5a
00000000
00000000
00000004
5a5a5a5a
00001974
00000001
12345678
5a5a5a5a
00000000
00000000
00000004
5a5a5a5a
00001974
7fffffff
00000000
5a5a5a5a
00000000
00000000
00000004
5a5a5a5a
00001974
7fffffff
00000001
5a5a5a5a
00000000
00000001
00000004
5a5a5a5a
00001974
7fffffff
7fffffff
5a5a5a5a
00000000
7fffffff
00000004
5a5a5a5a
00001974
7fffffff
80000000
5a5a5a5a
00000000
00000000
00000004
5a5a5a5a
00001974
7fffffff
ffffffff
5a5a5a5a
00000000
7fffffff
00000004
5a5a5a5a
00001974
7fffffff
55555555
5a5a5a5a
00000000
55555555
00000004
5a5a5a5a
00001974
7fffffff
00000003
5a5a5a5a
00000000
00000003
00000004
5a5a5a5a
00001974
7fffffff
fffffffe
5a5a5a5a
00000000
7ffffffe
00000004
5a5a5a5a
00001974
7fffffff
12345678
5a5a5a5a
00000000
12345678
00000004
5a5a5a5a
00001974
80000000
00000000
5a5a5a5a
00000000
00000000
00000004
5a5a5a5a
00001974
80000000
00000001
5a5a5a5a
00000000
00000000
00000004
5a5a5a5a
00001974
80000000
7fffffff
5a5a5a5a
00000000
00000000
00000004
5a5a5a5a
00001974
80000000
80000000
5a5a5a5a
00000000
80000000
00000004
5a5a5a5a
00001974
80000000
ffffffff
5a5a5a5a
00000000
80000000
00000004
5a5a5a5a
00001974
80000000
55555555
5a5a5a5a
00000000
00000000
00000004
5a5a5a5a
00001974
80000000
00000003
5a5a5a5a
00000000
00000000
00000004
5a5a5a5a
00001974
80000000
fffffffe
5a5a5a5a
00000000
80000000
00000004
5a5a5a5a
00001974
80000000
12345678
5a5a5a5a
00000000
00000000
00000004
5a5a5a5a
00001974
ffffffff
00000000
5a5a5a5a
00000000
00000000
00000004
5a5a5a5a
00001974
ffffffff
00000001
5a5a5a5a
00000000
00000001
00000004
5a5a5a5a
00001974
ffffffff
7fffffff
5a5a5a5a
00000000
7fffffff
00000004
5a5a5a5a
00001974
ffffffff
80000000
5a5a5a5a
00000000
80000000
00000004
5a5a5a5a
00001974
ffffffff
ffffffff
5a5a5a5a
00000000
ffffffff
00000004
5a5a5a5a
00001974
ffffffff
55555555
5a5a5a5a
00000000
55555555
00000004
5a5a5a5a
00001974
ffffffff
00000003
5a5a5a5a
00000000
00000003
00000004
5a5a5a5a
00001974
ffffffff
fffffffe
5a5a5a5a
00000000
fffffffe
00000004
5a5a5a5a
00001974
ffffffff
12345678
5a5a5a5a
00000000
12345678
00000004
5a5a5a5a
00001974
55555555
00000000
5a5a5a5a
00000000
00000000
00000004
5a5a5a5a
00001974
55555555
00000001
5a5a5a5a
00000000
00000001
00000004
5a5a5a5a
00001974
55555555
7fffffff
5a5a5a5a
00000000
55555555
00000004
5a5a5a5a
00001974
55555555
80000000
5a5a5a5a
00000000
00000000
00000004
5a5a5a5a
00001974
55555555
ffffffff
5a5a5a5a
00000000
55555555
00000004
5a5a5a5a
00001974
55555555
55555555
5a5a5a5a
00000000
55555555
00000004
5a5a5a5a
00001974
55555555
00000003
5a5a5a5a
00000000
00000001
00000004
5a5a5a5a
00001974
55555555
fffffffe
5a5a5a5a
00000000
55555554
00000004
5a5a5a5a
00001974
55555555
12345678
5a5a5a5a
00000000
10145450
00000004
5a5a5a5a
00001974
00000003
00000000
5a5a5a5a
00000000
00000000
00000004
5a5a5a5a
00001974
00000003
00000001
5a5a5a5a
00000000
00000001
00000004
5a5a5a5a
00001974
00000003
7fffffff
5a5a5a5a
00000000
00000003
00000004
5a5a5a5a
00001974
00000003
80000000
5a5a5a5a
00000000
00000000
00000004
5a5a5a5a
00001974
00000003
ffffffff
5a5a5a5a
00000000
00000003
00000004
5a5a5a5a
00001974
00000003
55555555
5a5a5a5a
00000000
00000001
00000004
5a5a5a5a
00001974
00000003
00000003
5a5a5a5a
00000000
00000003
00000004
5a5a5a5a
00001974
00000003
fffffffe
5a5a5a5a
00000000
00000002
00000004
5a5a5a5a
00001974
00000003
12345678
5a5a5a5a
00000000
00000000
00000004
5a5a5a5a
00001974
fffffffe
00000000
5a5a5a5a
00000000
00000000
00000004
5a5a5a5a
00001974
fffffffe
00000001
5a5a5a5a
00000000
00000000
00000004
5a5a5a5a
00001974
fffffffe
7fffffff
5a5a5a5a
00000000
7ffffffe
00000004
5a5a5a5a
00001974
fffffffe
80000000
5a5a5a5a
00000000
80000000
00000004
5a5a5a5a
00001974
fffffffe
ffffffff
5a5a5a5a
00000000
fffffffe
00000004
5a5a5a5a
00001974
fffffffe
55555555
5a5a5a5a
00000000
55555554
00000004
5a5a5a5a
00001974
fffffffe
00000003
5a5a5a5a
00000000
00000002
00000004
5a5a5a5a
00001974
fffffffe
fffffffe
5a5a5a5a
00000000
fffffffe
00000004
5a5a5a5a
00001974
fffffffe
12345678
5a5a5a5a
00000000
12345678
00000004
5a5a5a5a
00001974
12345678
00000000
5a5a5a5a
00000000
00000000
00000004
5a5a5a5a
00001974
12345678
00000001
5a5a5a5a
00000000
00000000
00000004
5a5a5a5a
00001974
12345678
7fffffff
5a5a5a5a
00000000
12345678
00000004
5a5a5a5a
00001974
12345678
80000000
5a5a5a5a
00000000
00000000
00000004
5a5a5a5a
00001974
12345678
ffffffff
5a5a5a5a
00000000
12345678
00000004
5a5a5a5a
00001974
12345678
55555555
5a5a5a5a
00000000
10145450
00000004
5a5a5a5a
00001974
12345678
00000003
5a5a5a5a
00000000
00000000
00000004
5a5a5a5a
00001974
12345678
fffffffe
5a5a5a5a
00000000
12345678
00000004
5a5a5a5a
00001974
12345678
12345678
5a5a5a5a
00000000
12345678
00000004
5a5a5a5a
00001974
31af05fa
c60ca159
c4c49452
00000001
000c0158
00000009
c4c49452
00001974
8365c1a4
426fd952
be22d5d9
00000000
0265c100
00000004
be22d5d9
00001974
9dcfb089
e101f291
76f780dd
00000001
8101b081
00000009
76f780dd
00001974
9fcfab55
c125ef79
4d8fe456
00000000
8105ab51
00000004
4d8fe456
00001974
ae4ba572
6c8f4748
c00058f3
00000001
2c0b0540
00000009
c00058f3
00001974
c3c55e34
7ed31c12
b31b1b33
00000000
42c11c10
00000004
b31b1b33
00001974
b1df8778
1293a9d1
6c6d4128
00000001
10938150
00000009
6c6d4128
00001974
3ae1b596
1c8136e9
cf877815
00000001
18813480
00000009
cf877815
00001994
00000000
00000000
5a5a5a5a
00000000
00000000
00000004
5a5a5a5a
00001994
00000000
00000001
5a5a5a5a
00000000
00000000
00000004
5a5a5a5a
00001994
00000000
7fffffff
5a5a5a5a
00000000
00000000
00000004
5a5a5a5a
00001994
00000000
80000000
5a5a5a5a
00000000
00000000
00000004
5a5a5a5a
00001994
00000000
ffffffff
5a5a5a5a
00000000
00000000
00000004
5a5a5a5a
00001994
00000000
55555555
5a5a5a5a
00000000
00000000
00000004
5a5a5a5a
00001994
00000000
00000003
5a5a5a5a
00000000
00000000
00000004
5a5a5a5a
00001994
00000000
fffffffe
5a5a5a5a
00000000
00000000
00000004
5a5a5a5a
00001994
00000000
12345678
5a5a5a5a
00000000
00000000
00000004
5a5a5a5a
00001994
00000001
00000000
5a5a5a5a
00000000
00000000
00000004
5a5a5a5a
00001994
00000001
00000001
5a5a5a5a
00000000
00000001
00000000
5a5a5a5a
00001994
00000001
7fffffff
5a5a5a5a
00000000
00000001
00000000
5a5a5a5a
00001994
00000001
80000000
5a5a5a5a
00000000
00000000
00000004
5a5a5a5a
00001994
00000001
ffffffff
5a5a5a5a
00000000
00000001
00000000
5a5a5a5a
00001994
00000001
55555555
5a5a5a5a
00000000
00000001
00000000
5a5a5a5a
00001994
00000001
00000003
5a5a5a5a
00000000
00000001
00000000
5a5a5a5a
00001994
00000001
fffffffe
5a5a5a5a
00000000
00000000
00000004
5a5a5a5a
00001994
00000001
12345678
5a5a5a5a
00000000
00000000
00000004
5a5a5a5a
00001994
7fffffff
00000000
5a5a5a5a
00000000
00000000
00000004
5a5a5a5a
00001994
7fffffff
00000001
5a5a5a5a
00000000
00000001
00000000
5a5a5a5a
00001994
7fffffff
7fffffff
5a5a5a5a
00000000
7fffffff
00000000
5a5a5a5a
00001994
7fffffff
80000000
5a5a5a5a
00000000
00000000
00000004
5a5a5a5a
00001994
7fffffff
ffffffff
5a5a5a5a
00000000
7fffffff
00000000
5a5a5a5a
00001994
7fffffff
55555555
5a5a5a5a
00000000
55555555
00000000
5a5a5a5a
00001994
7fffffff
00000003
5a5a5a5a
00000000
00000003
00000000
5a5a5a5a
00001994
7fffffff
fffffffe
5a5a5a5a
00000000
7ffffffe
00000000
5a5a5a5a
00001994
7fffffff
12345678
5a5a5a5a
00000000
12345678
00000000
5a5a5a5a
00001994
80000000
00000000
5a5a5a5a
00000000
00000000
00000004
5a5a5a5a
00001994
80000000
00000001
5a5a5a5a
00000000
00000000
00000004
5a5a5a5a
00001994
80000000
7fffffff
5a5a5a5a
00000000
00000000
00000004
5a5a5a5a
00001994
80000000
80000000
5a5a5a5a
00000000
80000000
00000008
5a5a5a5a
00001994
80000000
ffffffff
5a5a5a5a
00000000
80000000
00000008
5a5a5a5a
00001994
80000000
55555555
5a5a5a5a
00000000
00000000
00000004
5a5a5a5a
00001994
80000000
00000003
5a5a5a5a
00000000
00000000
00000004
5a5a5a5a
00001994
80000000
fffffffe
5a5a5a5a
00000000
80000000
00000008
5a5a5a5a
00001994
80000000
12345678
5a5a5a5a
00000000
00000000
00000004
5a5a5a5a
00001994
ffffffff
00000000
5a5a5a5a
00000000
00000000
00000004
5a5a5a5a
00001994
ffffffff
00000001
5a5a5a5a
00000000
00000001
00000000
5a5a5a5a
00001994
ffffffff
7fffffff
5a5a5a5a
00000000
7fffffff
00000000
5a5a5a5a
00001994
ffffffff
80000000
5a5a5a5a
00000000
80000000
00000008
5a5a5a5a
00001994
ffffffff
ffffffff
5a5a5a5a
00000000
ffffffff
00000008
5a5a5a5a
00001994
ffffffff
55555555
5a5a5a5a
00000000
55555555
00000000
5a5a5a5a
00001994
ffffffff
00000003
5a5a5a5a
00000000
00000003
00000000
5a5a5a5a
00001994
ffffffff
fffffffe
5a5a5a5a
00000000
fffffffe
00000008
5a5a5a5a
00001994
ffffffff
12345678
5a5a5a5a
00000000
12345678
00000000
5a5a5a5a
00001994
55555555
00000000
5a5a5a5a
00000000
00000000
00000004
5a5a5a5a
00001994
55555555
00000001
5a5a5a5a
00000000
00000001
00000000
5a5a5a5a
00001994
55555555
7fffffff
5a5a5a5a
00000000
55555555
00000000
5a5a5a5a
00001994
55555555
80000000
5a5a5a5a
00000000
00000000
00000004
5a5a5a5a
00001994
55555555
ffffffff
5a5a5a5a
00000000
55555555
00000000
5a5a5a5a
00001994
55555555
55555555
5a5a5a5a
00000000
55555555
00000000
5a5a5a5a
00001994
55555555
00000003
5a5a5a5a
00000000
00000001
00000000
5a5a5a5a
00001994
55555555
fffffffe
5a5a5a5a
00000000
55555554
00000000
5a5a5a5a
00001994
55555555
12345678
5a5a5a5a
00000000
10145450
00000000
5a5a5a5a
00001994
00000003
00000000
5a5a5a5a
00000000
00000000
00000004
5a5a5a5a
00001994
00000003
00000001
5a5a5a5a
00000000
00000001
00000000
5a5a5a5a
00001994
00000003
7fffffff
5a5a5a5a
00000000
00000003
00000000
5a5a5a5a
00001994
00000003
80000000
5a5a5a5a
00000000
00000000
00000004
5a5a5a5a
00001994
00000003
ffffffff
5a5a5a5a
00000000
00000003
00000000
5a5a5a5a
00001994
00000003
55555555
5a5a5a5a
00000000
00000001
00000000
5a5a5a5a
00001994
00000003
00000003
5a5a5a5a
00000000
00000003
00000000
5a5a5a5a
00001994
00000003
fffffffe
5a5a5a5a
00000000
00000002
00000000
5a5a5a5a
00001994
00000003
12345678
5a5a5a5a
00000000
00000000
00000004
5a5a5a5a
00001994
fffffffe
00000000
5a5a5a5a
00000000
00000000
00000004
5a5a5a5a
00001994
fffffffe
00000001
5a5a5a5a
00000000
00000000
00000004
5a5a5a5a
00001994
fffffffe
7fffffff
5a5a5a5a
00000000
7ffffffe
00000000
5a5a5a5a
00001994
fffffffe
80000000
5a5a5a5a
00000000
80000000
00000008
5a5a5a5a
00001994
fffffffe
ffffffff
5a5a5a5a
00000000
fffffffe
00000008
5a5a5a5a
00001994
fffffffe
55555555
5a5a5a5a
00000000
55555554
00000000
5a5a5a5a
00001994
fffffffe
00000003
5a5a5a5a
00000000
00000002
00000000
5a5a5a5a
00001994
fffffffe
fffffffe
5a5a5a5a
00000000
fffffffe
00000008
5a5a5a5a
00001994
fffffffe
12345678
5a5a5a5a
00000000
12345678
00000000
5a5a5a5a
00001994
12345678
00000000
5a5a5a5a
00000000
00000000
00000004
5a5a5a5a
00001994
12345678
00000001
5a5a5a5a
00000000
00000000
00000004
5a5a5a5a
00001994
12345678
7fffffff
5a5a5a5a
00000000
12345678
00000000
5a5a5a5a
00001994
12345678
80000000
5a5a5a5a
00000000
00000000
00000004
5a5a5a5a
00001994
12345678
ffffffff
5a5a5a5a
00000000
12345678
00000000
5a5a5a5a
00001994
12345678
55555555
5a5a5a5a
00000000
10145450
00000000
5a5a5a5a
00001994
12345678
00000003
5a5a5a5a
00000000
00000000
00000004
5a5a5a5a
00001994
12345678
fffffffe
5a5a5a5a
00000000
12345678
00000000
5a5a5a5a
00001994
12345678
12345678
5a5a5a5a
00000000
12345678
00000000
5a5a5a5a
00001994
195581f6
47aeceb0
9dd7ceee
00000001
010480b0
00000000
9dd7ceee
00001994
4869fb44
c5b859e2
21e039ea
00000000
40285940
00000000
21e039ea
00001994
f5755031
63408ccd
b0960ae9
00000000
61400001
00000000
b0960ae9
00001994
06a87677
13185a51
31060221
00000001
02085251
00000000
31060221
00001994
c6af09f7
d29c14ea
6b16726f
00000000
c28c00e2
00000008
6b16726f
00001994
68ab6a7a
a9d05b5b
c1c86b51
00000001
28804a5a
00000000
c1c86b51
00001994
ab43fcad
420d2a17
b0d1574c
00000000
02012805
00000000
b0d1574c
00001994
7230da0c
4ea4eb90
9f19afa7
00000001
4220ca00
00000000
9f19afa7
000019b4
00000000
00000000
5a5a5a5a
00000000
00000000
00000004
5a5a5a5a
000019b4
00000000
00000001
5a5a5a5a
00000000
00000000
00000004
5a5a5a5a
000019b4
00000000
7fffffff
5a5a5a5a
00000000
00000000
00000004
5a5a5a5a
000019b4
00000000
80000000
5a5a5a5a
00000000
00000000
00000004
5a5a5a5a
000019b4
00000000
ffffffff
5a5a5a5a
00000000
00000000
00000004
5a5a5a5a
000019b4
00000000
55555555
5a5a5a5a
00000000
00000000
00000004
5a5a5a5a
000019b4
00000000
00000003
5a5a5a5a
00000000
00000000
00000004
5a5a5a5a
000019b4
00000000
fffffffe
5a5a5a5a
00000000
00000000
00000004
5a5a5a5a
000019b4
00000000
12345678
5a5a5a5a
00000000
00000000
00000004
5a5a5a5a
000019b4
00000001
00000000
5a5a5a5a
00000000
00000001
00000004
5a5a5a5a
000019b4
00000001
00000001
5a5a5a5a
00000000
00000000
00000004
5a5a5a5a
000019b4
00000001
7fffffff
5a5a5a5a
00000000
00000000
00000004
5a5a5a5a
000019b4
00000001
80000000
5a5a5a5a
00000000
00000001
00000004
5a5a5a5a
000019b4
00000001
ffffffff
5a5a5a5a
00000000
00000000
00000004
5a5a5a5a
000019b4
00000001
55555555
5a5a5a5a
00000000
00000000
00000004
5a5a5a5a
000019b4
00000001
00000003
5a5a5a5a
00000000
00000000
00000004
5a5a5a5a
000019b4
00000001
fffffffe
5a5a5a5a
00000000
00000001
00000004
5a5a5a5a
000019b4
00000001
12345678
5a5a5a5a
00000000
00000001
00000004
5a5a5a5a
000019b4
7fffffff
00000000
5a5a5a5a
00000000
7fffffff
00000004
5a5a5a5a
000019b4
7fffffff
00000001
5a5a5a5a
00000000
7ffffffe
00000004
5a5a5a5a
000019b4
7fffffff
7fffffff
5a5a5a5a
00000000
00000000
00000004
5a5a5a5a
000019b4
7fffffff
80000000
5a5a5a5a
00000000
7fffffff
00000004
5a5a5a5a
000019b4
7fffffff
ffffffff
5a5a5a5a
00000000
00000000
00000004
5a5a5a5a
000019b4
7fffffff
55555555
5a5a5a5a
00000000
2aaaaaaa
00000004
5a5a5a5a
000019b4
7fffffff
00000003
5a5a5a5a
00000000
7ffffffc
00000004
5a5a5a5a
000019b4
7fffffff
fffffffe
5a5a5a5a
00000000
00000001
00000004
5a5a5a5a
000019b4
7fffffff
12345678
5a5a5a5a
00000000
6dcba987
00000004
5a5a5a5a
000019b4
80000000
00000000
5a5a5a5a
00000000
80000000
00000004
5a5a5a5a
000019b4
80000000
00000001
5a5a5a5a
00000000
80000000
00000004
5a5a5a5a
000019b4
80000000
7fffffff
5a5a5a5a
00000000
80000000
00000004
5a5a5a5a
000019b4
80000000
80000000
5a5a5a5a
00000000
00000000
00000004
5a5a5a5a
000019b4
80000000
ffffffff
5a5a5a5a
00000000
00000000
00000004
5a5a5a5a
000019b4
80000000
55555555
5a5a5a5a
00000000
80000000
00000004
5a5a5a5a
000019b4
80000000
00000003
5a5a5a5a
00000000
80000000
00000004
5a5a5a5a
000019b4
80000000
fffffffe
5a5a5a5a
00000000
00000000
00000004
5a5a5a5a
000019b4
80000000
12345678
5a5a5a5a
00000000
80000000
00000004
5a5a5a5a
000019b4
ffffffff
00000000
5a5a5a5a
00000000
ffffffff
00000004
5a5a5a5a
000019b4
ffffffff
00000001
5a5a5a5a
00000000
fffffffe
00000004
5a5a5a5a
000019b4
ffffffff
7fffffff
5a5a5a5a
00000000
80000000
00000004
5a5a5a5a
000019b4
ffffffff
80000000
5a5a5a5a
00000000
7fffffff
00000004
5a5a5a5a
000019b4
ffffffff
ffffffff
5a5a5a5a
00000000
00000000
00000004
5a5a5a5a
000019b4
ffffffff
55555555
5a5a5a5a
00000000
aaaaaaaa
00000004
5a5a5a5a
000019b4
ffffffff
00000003
5a5a5a5a
00000000
fffffffc
00000004
5a5a5a5a
000019b4
ffffffff
fffffffe
5a5a5a5a
00000000
00000001
00000004
5a5a5a5a
000019b4
ffffffff
12345678
5a5a5a5a
00000000
edcba987
00000004
5a5a5a5a
000019b4
55555555
00000000
5a5a5a5a
00000000
55555555
00000004
5a5a5a5a
000019b4
55555555
00000001
5a5a5a5a
00000000
55555554
00000004
5a5a5a5a
000019b4
55555555
7fffffff
5a5a5a5a
00000000
00000000
00000004
5a5a5a5a
000019b4
55555555
80000000
5a5a5a5a
00000000
55555555
00000004
5a5a5a5a
000019b4
55555555
ffffffff
5a5a5a5a
00000000
00000000
00000004
5a5a5a5a
000019b4
55555555
55555555
5a5a5a5a
00000000
00000000
00000004
5a5a5a5a
000019b4
55555555
00000003
5a5a5a5a
00000000
55555554
00000004
5a5a5a5a
000019b4
55555555
fffffffe
5a5a5a5a
00000000
00000001
00000004
5a5a5a5a
000019b4
55555555
12345678
5a5a5a5a
00000000
45410105
00000004
5a5a5a5a
000019b4
00000003
00000000
5a5a5a5a
00000000
00000003
00000004
5a5a5a5a
000019b4
00000003
00000001
5a5a5a5a
00000000
00000002
00000004
5a5a5a5a
000019b4
00000003
7fffffff
5a5a5a5a
00000000
00000000
00000004
5a5a5a5a
000019b4
00000003
80000000
5a5a5a5a
00000000
00000003
00000004
5a5a5a5a
000019b4
00000003
ffffffff
5a5a5a5a
00000000
00000000
00000004
5a5a5a5a
000019b4
00000003
55555555
5a5a5a5a
00000000
00000002
00000004
5a5a5a5a
000019b4
00000003
00000003
5a5a5a5a
00000000
00000000
00000004
5a5a5a5a
000019b4
00000003
fffffffe
5a5a5a5a
00000000
00000001
00000004
5a5a5a5a
000019b4
00000003
12345678
5a5a5a5a
00000000
00000003
00000004
5a5a5a5a
000019b4
fffffffe
00000000
5a5a5a5a
00000000
fffffffe
00000004
5a5a5a5a
000019b4
fffffffe
00000001
5a5a5a5a
00000000
fffffffe
00000004
5a5a5a5a
000019b4
fffffffe
7fffffff
5a5a5a5a
00000000
80000000
00000004
5a5a5a5a
000019b4
fffffffe
80000000
5a5a5a5a
00000000
7ffffffe
00000004
5a5a5a5a
000019b4
fffffffe
ffffffff
5a5a5a5a
00000000
00000000
00000004
5a5a5a5a
000019b4
fffffffe
55555555
5a5a5a5a
00000000
aaaaaaaa
00000004
5a5a5a5a
000019b4
fffffffe
00000003
5a5a5a5a
00000000
fffffffc
00000004
5a5a5a5a
000019b4
fffffffe
fffffffe
5a5a5a5a
00000000
00000000
00000004
5a5a5a5a
000019b4
fffffffe
12345678
5a5a5a5a
00000000
edcba986
00000004
5a5a5a5a
000019b4
12345678
00000000
5a5a5a5a
00000000
12345678
00000004
5a5a5a5a
000019b4
12345678
00000001
5a5a5a5a
00000000
12345678
00000004
5a5a5a5a
000019b4
12345678
7fffffff
5a5a5a5a
00000000
00000000
00000004
5a5a5a5a
000019b4
12345678
80000000
5a5a5a5a
00000000
12345678
00000004
5a5a5a5a
000019b4
12345678
ffffffff
5a5a5a5a
00000000
00000000
00000004
5a5a5a5a
000019b4
12345678
55555555
5a5a5a5a
00000000
02200228
00000004
5a5a5a5a
000019b4
12345678
00000003
5a5a5a5a
00000000
12345678
00000004
5a5a5a5a
000019b4
12345678
fffffffe
5a5a5a5a
00000000
00000000
00000004
5a5a5a5a
000019b4
12345678
12345678
5a5a5a5a
00000000
00000000
00000004
5a5a5a5a
000019b4
847ff60a
142244d8
eba40fc5
00000001
805db202
00000009
eba40fc5
000019b4
521a35a4
9aac40a3
2fa42f21
00000001
40123504
00000009
2fa42f21
000019b4
f892af9f
8c1ea13e
5105c2d7
00000000
70800e81
00000004
5105c2d7
000019b4
1035ecba
c34f4625
8b96b020
00000001
1030a89a
00000009
8b96b020
000019b4
2114958d
c0d95e56
bff975a4
00000000
21048189
00000004
bff975a4
000019b4
b9d0aad4
390520a8
eaaa8319
00000000
80d08a54
00000004
eaaa8319
000019b4
bfac13a3
1b7be4da
967a2d77
00000000
a4841321
00000004
967a2d77
000019b4
f6e488a1
bef8f5ef
c41f3037
00000001
40040800
00000009
c41f3037
000019d4
00000000
00000000
5a5a5a5a
00000000
00000000
00000004
5a5a5a5a
000019d4
00000000
00000001
5a5a5a5a
00000000
00000000
00000004
5a5a5a5a
000019d4
00000000
7fffffff
5a5a5a5a
00000000
00000000
00000004
5a5a5a5a
000019d4
00000000
80000000
5a5a5a5a
00000000
00000000
00000004
5a5a5a5a
000019d4
00000000
ffffffff
5a5a5a5a
00000000
00000000
00000004
5a5a5a5a
000019d4
00000000
55555555
5a5a5a5a
00000000
00000000
00000004
5a5a5a5a
000019d4
00000000
00000003
5a5a5a5a
00000000
00000000
00000004
5a5a5a5a
000019d4
00000000
fffffffe
5a5a5a5a
00000000
00000000
00000004
5a5a5a5a
000019d4
00000000
12345678
5a5a5a5a
00000000
00000000
00000004
5a5a5a5a
000019d4
00000001
00000000
5a5a5a5a
00000000
00000001
00000000
5a5a5a5a
000019d4
00000001
00000001
5a5a5a5a
00000000
00000000
00000004
5a5a5a5a
000019d4
00000001
7fffffff
5a5a5a5a
00000000
00000000
00000004
5a5a5a5a
000019d4
00000001
80000000
5a5a5a5a
00000000
00000001
00000000
5a5a5a5a
000019d4
00000001
ffffffff
5a5a5a5a
00000000
00000000
00000004
5a5a5a5a
000019d4
00000001
55555555
5a5a5a5a
00000000
00000000
00000004
5a5a5a5a
000019d4
00000001
00000003
5a5a5a5a
00000000
00000000
00000004
5a5a5a5a
000019d4
00000001
fffffffe
5a5a5a5a
00000000
00000001
00000000
5a5a5a5a
000019d4
00000001
12345678
5a5a5a5a
00000000
00000001
00000000
5a5a5a5a
000019d4
7fffffff
00000000
5a5a5a5a
00000000
7fffffff
00000000
5a5a5a5a
000019d4
7fffffff
00000001
5a5a5a5a
00000000
7ffffffe
00000000
5a5a5a5a
000019d4
7fffffff
7fffffff
5a5a5a5a
00000000
00000000
00000004
5a5a5a5a
000019d4
7fffffff
80000000
5a5a5a5a
00000000
7fffffff
00000000
5a5a5a5a
000019d4
7fffffff
ffffffff
5a5a5a5a
00000000
00000000
00000004
5a5a5a5a
000019d4
7fffffff
55555555
5a5a5a5a
00000000
2aaaaaaa
00000000
5a5a5a5a
000019d4
7fffffff
00000003
5a5a5a5a
00000000
7ffffffc
00000000
5a5a5a5a
000019d4
7fffffff
fffffffe
5a5a5a5a
00000000
00000001
00000000
5a5a5a5a
000019d4
7fffffff
12345678
5a5a5a5a
00000000
6dcba987
00000000
5a5a5a5a
000019d4
80000000
00000000
5a5a5a5a
00000000
80000000
00000008
5a5a5a5a
000019d4
80000000
00000001
5a5a5a5a
00000000
80000000
00000008
5a5a5a5a
000019d4
80000000
7fffffff
5a5a5a5a
00000000
80000000
00000008
5a5a5a5a
000019d4
80000000
80000000
5a5a5a5a
00000000
00000000
00000004
5a5a5a5a
000019d4
80000000
ffffffff
5a5a5a5a
00000000
00000000
00000004
5a5a5a5a
000019d4
80000000
55555555
5a5a5a5a
00000000
80000000
00000008
5a5a5a5a
000019d4
80000000
00000003
5a5a5a5a
00000000
80000000
00000008
5a5a5a5a
000019d4
80000000
fffffffe
5a5a5a5a
00000000
00000000
00000004
5a5a5a5a
000019d4
80000000
12345678
5a5a5a5a
00000000
80000000
00000008
5a5a5a5a
000019d4
ffffffff
00000000
5a5a5a5a
00000000
ffffffff
00000008
5a5a5a5a
000019d4
ffffffff
00000001
5a5a5a5a
00000000
fffffffe
00000008
5a5a5a5a
000019d4
ffffffff
7fffffff
5a5a5a5a
00000000
80000000
00000008
5a5a5a5a
000019d4
ffffffff
80000000
5a5a5a5a
00000000
7fffffff
00000000
5a5a5a5a
000019d4
ffffffff
ffffffff
5a5a5a5a
00000000
00000000
00000004
5a5a5a5a
000019d4
ffffffff
55555555
5a5a5a5a
00000000
aaaaaaaa
00000008
5a5a5a5a
000019d4
ffffffff
00000003
5a5a5a5a
00000000
fffffffc
00000008
5a5a5a5a
000019d4
ffffffff
fffffffe
5a5a5a5a
00000000
00000001
00000000
5a5a5a5a
000019d4
ffffffff
12345678
5a5a5a5a
00000000
edcba987
00000008
5a5a5a5a
000019d4
55555555
00000000
5a5a5a5a
00000000
55555555
00000000
5a5a5a5a
000019d4
55555555
00000001
5a5a5a5a
00000000
55555554
00000000
5a5a5a5a
000019d4
55555555
7fffffff
5a5a5a5a
00000000
00000000
00000004
5a5a5a5a
000019d4
55555555
80000000
5a5a5a5a
00000000
55555555
00000000
5a5a5a5a
000019d4
55555555
ffffffff
5a5a5a5a
00000000
00000000
00000004
5a5a5a5a
000019d4
55555555
55555555
5a5a5a5a
00000000
00000000
00000004
5a5a5a5a
000019d4
55555555
00000003
5a5a5a5a
00000000
55555554
00000000
5a5a5a5a
000019d4
55555555
fffffffe
5a5a5a5a
00000000
00000001
00000000
5a5a5a5a
000019d4
55555555
12345678
5a5a5a5a
00000000
45410105
00000000
5a5a5a5a
000019d4
00000003
00000000
5a5a5a5a
00000000
00000003
00000000
5a5a5a5a
000019d4
00000003
00000001
5a5a5a5a
00000000
00000002
00000000
5a5a5a5a
000019d4
00000003
7fffffff
5a5a5a5a
00000000
00000000
00000004
5a5a5a5a
000019d4
00000003
80000000
5a5a5a5a
00000000
00000003
00000000
5a5a5a5a
000019d4
00000003
ffffffff
5a5a5a5a
00000000
00000000
00000004
5a5a5a5a
000019d4
00000003
55555555
5a5a5a5a
00000000
00000002
00000000
5a5a5a5a
000019d4
00000003
00000003
5a5a5a5a
00000000
00000000
00000004
5a5a5a5a
000019d4
00000003
fffffffe
5a5a5a5a
00000000
00000001
00000000
5a5a5a5a
000019d4
00000003
12345678
5a5a5a5a
00000000
00000003
00000000
5a5a5a5a
000019d4
fffffffe
00000000
5a5a5a5a
00000000
fffffffe
00000008
5a5a5a5a
000019d4
fffffffe
00000001
5a5a5a5a
00000000
fffffffe
00000008
5a5a5a5a
000019d4
fffffffe
7fffffff
5a5a5a5a
00000000
80000000
00000008
5a5a5a5a
000019d4
fffffffe
80000000
5a5a5a5a
00000000
7ffffffe
00000000
5a5a5a5a
000019d4
fffffffe
ffffffff
5a5a5a5a
00000000
00000000
00000004
5a5a5a5a
000019d4
fffffffe
55555555
5a5a5a5a
00000000
aaaaaaaa
00000008
5a5a5a5a
000019d4
fffffffe
00000003
5a5a5a5a
00000000
fffffffc
00000008
5a5a5a5a
000019d4
fffffffe
fffffffe
5a5a5a5a
00000000
00000000
00000004
5a5a5a5a
000019d4
fffffffe
12345678
5a5a5a5a
00000000
edcba986
00000008
5a5a5a5a
000019d4
12345678
00000000
5a5a5a5a
00000000
12345678
00000000
5a5a5a5a
000019d4
12345678
00000001
5a5a5a5a
00000000
12345678
00000000
5a5a5a5a
000019d4
12345678
7fffffff
5a5a5a5a
00000000
00000000
00000004
5a5a5a5a
000019d4
12345678
80000000
5a5a5a5a
00000000
12345678
00000000
5a5a5a5a
000019d4
12345678
ffffffff
5a5a5a5a
00000000
00000000
00000004
5a5a5a5a
000019d4
12345678
55555555
5a5a5a5a
00000000
02200228
00000000
5a5a5a5a
000019d4
12345678
00000003
5a5a5a5a
00000000
12345678
00000000
5a5a5a5a
000019d4
12345678
fffffffe
5a5a5a5a
00000000
00000000
00000004
5a5a5a5a
000019d4
12345678
12345678
5a5a5a5a
00000000
00000000
00000004
5a5a5a5a
000019d4
ce716b89
ffd16abb
39c87667
00000000
00200100
00000000
39c87667
000019d4
fabf586e
76d80884
104773d2
00000001
8827506a
00000008
104773d2
000019d4
1f816c01
7dd9c43f
7fd05bcd
00000000
02002800
00000000
7fd05bcd
000019d4
1d3d7c28
2eba68d7
5a073913
00000001
11051428
00000000
5a073913
000019d4
39a25f03
e1b214eb
9f227c1a
00000001
18004b00
00000000
9f227c1a
000019d4
63ffe0c2
07549bce
31c5e0f3
00000001
60ab6000
00000000
31c5e0f3
000019d4
cd2671a6
e86acd93
9748731c
00000001
05043024
00000000
9748731c
000019d4
2794b02d
fe86ce87
51f0f309
00000001
01103028
00000000
51f0f309
000019f4
00000000
00000000
5a5a5a5a
00000000
00000000
00000004
5a5a5a5a
000019f4
00000000
00000001
5a5a5a5a
00000000
00000001
00000004
5a5a5a5a
000019f4
00000000
7fffffff
5a5a5a5a
00000000
7fffffff
00000004
5a5a5a5a
000019f4
00000000
80000000
5a5a5a5a
00000000
80000000
00000004
5a5a5a5a
000019f4
00000000
ffffffff
5a5a5a5a
00000000
ffffffff
00000004
5a5a5a5a
000019f4
00000000
55555555
5a5a5a5a
00000000
55555555
00000004
5a5a5a5a
000019f4
00000000
00000003
5a5a5a5a
00000000
00000003
00000004
5a5a5a5a
000019f4
00000000
fffffffe
5a5a5a5a
00000000
fffffffe
00000004
5a5a5a5a
000019f4
00000000
12345678
5a5a5a5a
00000000
12345678
00000004
5a5a5a5a
000019f4
00000001
00000000
5a5a5a5a
00000000
00000001
00000004
5a5a5a5a
000019f4
00000001
00000001
5a5a5a5a
00000000
00000001
00000004
5a5a5a5a
000019f4
00000001
7fffffff
5a5a5a5a
00000000
7fffffff
00000004
5a5a5a5a
000019f4
00000001
80000000
5a5a5a5a
00000000
80000001
00000004
5a5a5a5a
000019f4
00000001
ffffffff
5a5a5a5a
00000000
ffffffff
00000004
5a5a5a5a
000019f4
00000001
55555555
5a5a5a5a
00000000
55555555
00000004
5a5a5a5a
000019f4
00000001
00000003
5a5a5a5a
00000000
00000003
00000004
5a5a5a5a
000019f4
00000001
fffffffe
5a5a5a5a
00000000
ffffffff
00000004
5a5a5a5a
000019f4
00000001
12345678
5a5a5a5a
00000000
12345679
00000004
5a5a5a5a
000019f4
7fffffff
00000000
5a5a5a5a
00000000
7fffffff
00000004
5a5a5a5a
000019f4
7fffffff
00000001
5a5a5a5a
00000000
7fffffff
00000004
5a5a5a5a
000019f4
7fffffff
7fffffff
5a5a5a5a
00000000
7fffffff
00000004
5a5a5a5a
000019f4
7fffffff
80000000
5a5a5a5a
00000000
ffffffff
00000004
5a5a5a5a
000019f4
7fffffff
ffffffff
5a5a5a5a
00000000
ffffffff
00000004
5a5a5a5a
000019f4
7fffffff
55555555
5a5a5a5a
00000000
7fffffff
00000004
5a5a5a5a
000019f4
7fffffff
00000003
5a5a5a5a
00000000
7fffffff
00000004
5a5a5a5a
000019f4
7fffffff
fffffffe
5a5a5a5a
00000000
ffffffff
00000004
5a5a5a5a
000019f4
7fffffff
12345678
5a5a5a5a
00000000
7fffffff
00000004
5a5a5a5a
000019f4
80000000
00000000
5a5a5a5a
00000000
80000000
00000004
5a5a5a5a
000019f4
80000000
00000001
5a5a5a5a
00000000
80000001
00000004
5a5a5a5a
000019f4
80000000
7fffffff
5a5a5a5a
00000000
ffffffff
00000004
5a5a5a5a
000019f4
80000000
80000000
5a5a5a5a
00000000
80000000
00000004
5a5a5a5a
000019f4
80000000
ffffffff
5a5a5a5a
00000000
ffffffff
00000004
5a5a5a5a
000019f4
80000000
55555555
5a5a5a5a
00000000
d5555555
00000004
5a5a5a5a
000019f4
80000000
00000003
5a5a5a5a
00000000
80000003
00000004
5a5a5a5a
000019f4
80000000
fffffffe
5a5a5a5a
00000000
fffffffe
00000004
5a5a5a5a
000019f4
80000000
12345678
5a5a5a5a
00000000
92345678
00000004
5a5a5a5a
000019f4
ffffffff
00000000
5a5a5a5a
00000000
ffffffff
00000004
5a5a5a5a
000019f4
ffffffff
00000001
5a5a5a5a
00000000
ffffffff
00000004
5a5a5a5a
000019f4
ffffffff
7fffffff
5a5a5a5a
00000000
ffffffff
00000004
5a5a5a5a
000019f4
ffffffff
80000000
5a5a5a5a
00000000
ffffffff
00000004
5a5a5a5a
000019f4
ffffffff
ffffffff
5a5a5a5a
00000000
ffffffff
00000004
5a5a5a5a
000019f4
ffffffff
55555555
5a5a5a5a
00000000
ffffffff
00000004
5a5a5a5a
000019f4
ffffffff
00000003
5a5a5a5a
00000000
ffffffff
00000004
5a5a5a5a
000019f4
ffffffff
fffffffe
5a5a5a5a
00000000
ffffffff
00000004
5a5a5a5a
000019f4
ffffffff
12345678
5a5a5a5a
00000000
ffffffff
00000004
5a5a5a5a
000019f4
55555555
00000000
5a5a5a5a
00000000
55555555
00000004
5a5a5a5a
000019f4
55555555
00000001
5a5a5a5a
00000000
55555555
00000004
5a5a5a5a
000019f4
55555555
7fffffff
5a5a5a5a
00000000
7fffffff
00000004
5a5a5a5a
000019f4
55555555
80000000
5a5a5a5a
00000000
d5555555
00000004
5a5a5a5a
000019f4
55555555
ffffffff
5a5a5a5a
00000000
ffffffff
00000004
5a5a5a5a
000019f4
55555555
55555555
5a5a5a5a
00000000
55555555
00000004
5a5a5a5a
000019f4
55555555
00000003
5a5a5a5a
00000000
55555557
00000004
5a5a5a5a
000019f4
55555555
fffffffe
5a5a5a5a
00000000
ffffffff
00000004
5a5a5a5a
000019f4
55555555
12345678
5a5a5a5a
00000000
5775577d
00000004
5a5a5a5a
000019f4
00000003
00000000
5a5a5a5a
00000000
00000003
00000004
5a5a5a5a
000019f4
00000003
00000001
5a5a5a5a
00000000
00000003
00000004
5a5a5a5a
000019f4
00000003
7fffffff
5a5a5a5a
00000000
7fffffff
00000004
5a5a5a5a
000019f4
00000003
80000000
5a5a5a5a
00000000
80000003
00000004
5a5a5a5a
000019f4
00000003
ffffffff
5a5a5a5a
00000000
ffffffff
00000004
5a5a5a5a
000019f4
00000003
55555555
5a5a5a5a
00000000
55555557
00000004
5a5a5a5a
000019f4
00000003
00000003
5a5a5a5a
00000000
00000003
00000004
5a5a5a5a
000019f4
00000003
fffffffe
5a5a5a5a
00000000
ffffffff
00000004
5a5a5a5a
000019f4
00000003
12345678
5a5a5a5a
00000000
1234567b
00000004
5a5a5a5a
000019f4
fffffffe
00000000
5a5a5a5a
00000000
fffffffe
00000004
5a5a5a5a
000019f4
fffffffe
00000001
5a5a5a5a
00000000
ffffffff
00000004
5a5a5a5a
000019f4
fffffffe
7fffffff
5a5a5a5a
00000000
ffffffff
00000004
5a5a5a5a
000019f4
fffffffe
80000000
5a5a5a5a
00000000
fffffffe
00000004
5a5a5a5a
000019f4
fffffffe
ffffffff
5a5a5a5a
00000000
ffffffff
00000004
5a5a5a5a
000019f4
fffffffe
55555555
5a5a5a5a
00000000
ffffffff
00000004
5a5a5a5a
000019f4
fffffffe
00000003
5a5a5a5a
00000000
ffffffff
00000004
5a5a5a5a
000019f4
fffffffe
fffffffe
5a5a5a5a
00000000
fffffffe
00000004
5a5a5a5a
000019f4
fffffffe
12345678
5a5a5a5a
00000000
fffffffe
00000004
5a5a5a5a
000019f4
12345678
00000000
5a5a5a5a
00000000
12345678
00000004
5a5a5a5a
000019f4
12345678
00000001
5a5a5a5a
00000000
12345679
00000004
5a5a5a5a
000019f4
12345678
7fffffff
5a5a5a5a
00000000
7fffffff
00000004
5a5a5a5a
000019f4
12345678
80000000
5a5a5a5a
00000000
92345678
00000004
5a5a5a5a
000019f4
12345678
ffffffff
5a5a5a5a
00000000
ffffffff
00000004
5a5a5a5a
000019f4
12345678
55555555
5a5a5a5a
00000000
5775577d
00000004
5a5a5a5a
000019f4
12345678
00000003
5a5a5a5a
00000000
1234567b
00000004
5a5a5a5a
000019f4
12345678
fffffffe
5a5a5a5a
00000000
fffffffe
00000004
5a5a5a5a
000019f4
12345678
12345678
5a5a5a5a
00000000
12345678
00000004
5a5a5a5a
000019f4
3896616d
06ea6b0c
ebf9cf1c
00000000
3efe6b6d
00000004
ebf9cf1c
000019f4
d28ca985
b4460590
1fe920f9
00000001
f6cead95
00000009
1fe920f9
000019f4
847337d8
7d18f52e
7a690287
00000000
fd7bf7fe
00000004
7a690287
000019f4
556b8054
5fa3be2f
3c4ca3f8
00000000
5febbe7f
00000004
3c4ca3f8
000019f4
4a339ce6
ddf7c53f
0b4ef399
00000001
dff7ddff
00000009
0b4ef399
000019f4
fb0c68f9
faa65a7e
2ef5d743
00000000
fbae7aff
00000004
2ef5d743
000019f4
c54daaa4
ac27937b
3e0fd559
00000000
ed6fbbff
00000004
3e0fd559
000019f4
be5a0d67
e01a4ef2
dcd2f2a6
00000000
fe5a4ff7
00000004
dcd2f2a6
00001a14
00000000
00000000
5a5a5a5a
00000000
00000000
00000004
5a5a5a5a
00001a14
00000000
00000001
5a5a5a5a
00000000
00000001
00000000
5a5a5a5a
00001a14
00000000
7fffffff
5a5a5a5a
00000000
7fffffff
00000000
5a5a5a5a
00001a14
00000000
80000000
5a5a5a5a
00000000
80000000
00000008
5a5a5a5a
00001a14
00000000
ffffffff
5a5a5a5a
00000000
ffffffff
00000008
5a5a5a5a
00001a14
00000000
55555555
5a5a5a5a
00000000
55555555
00000000
5a5a5a5a
00001a14
00000000
00000003
5a5a5a5a
00000000
00000003
00000000
5a5a5a5a
00001a14
00000000
fffffffe
5a5a5a5a
00000000
fffffffe
00000008
5a5a5a5a
00001a14
00000000
12345678
5a5a5a5a
00000000
12345678
00000000
5a5a5a5a
00001a14
00000001
00000000
5a5a5a5a
00000000
00000001
00000000
5a5a5a5a
00001a14
00000001
00000001
5a5a5a5a
00000000
00000001
00000000
5a5a5a5a
00001a14
00000001
7fffffff
5a5a5a5a
00000000
7fffffff
00000000
5a5a5a5a
00001a14
00000001
80000000
5a5a5a5a
00000000
80000001
00000008
5a5a5a5a
00001a14
00000001
ffffffff
5a5a5a5a
00000000
ffffffff
00000008
5a5a5a5a
00001a14
00000001
55555555
5a5a5a5a
00000000
55555555
00000000
5a5a5a5a
00001a14
00000001
00000003
5a5a5a5a
00000000
00000003
00000000
5a5a5a5a
00001a14
00000001
fffffffe
5a5a5a5a
00000000
ffffffff
00000008
5a5a5a5a
00001a14
00000001
12345678
5a5a5a5a
00000000
12345679
00000000
5a5a5a5a
00001a14
7fffffff
00000000
5a5a5a5a
00000000
7fffffff
00000000
5a5a5a5a
00001a14
7fffffff
00000001
5a5a5a5a
00000000
7fffffff
00000000
5a5a5a5a
00001a14
7fffffff
7fffffff
5a5a5a5a
00000000
7fffffff
00000000
5a5a5a5a
00001a14
7fffffff
80000000
5a5a5a5a
00000000
ffffffff
00000008
5a5a5a5a
00001a14
7fffffff
ffffffff
5a5a5a5a
00000000
ffffffff
00000008
5a5a5a5a
00001a14
7fffffff
55555555
5a5a5a5a
00000000
7fffffff
00000000
5a5a5a5a
00001a14
7fffffff
00000003
5a5a5a5a
00000000
7fffffff
00000000
5a5a5a5a
00001a14
7fffffff
fffffffe
5a5a5a5a
00000000
ffffffff
00000008
5a5a5a5a
00001a14
7fffffff
12345678
5a5a5a5a
00000000
7fffffff
00000000
5a5a5a5a
00001a14
80000000
00000000
5a5a5a5a
00000000
80000000
00000008
5a5a5a5a
00001a14
80000000
00000001
5a5a5a5a
00000000
80000001
00000008
5a5a5a5a
00001a14
80000000
7fffffff
5a5a5a5a
00000000
ffffffff
00000008
5a5a5a5a
00001a14
80000000
80000000
5a5a5a5a
00000000
80000000
00000008
5a5a5a5a
00001a14
80000000
ffffffff
5a5a5a5a
00000000
ffffffff
00000008
5a5a5a5a
00001a14
80000000
55555555
5a5a5a5a
00000000
d5555555
00000008
5a5a5a5a
00001a14
80000000
00000003
5a5a5a5a
00000000
80000003
00000008
5a5a5a5a
00001a14
80000000
fffffffe
5a5a5a5a
00000000
fffffffe
00000008
5a5a5a5a
00001a14
80000000
12345678
5a5a5a5a
00000000
92345678
00000008
5a5a5a5a
00001a14
ffffffff
00000000
5a5a5a5a
00000000
ffffffff
00000008
5a5a5a5a
00001a14
ffffffff
00000001
5a5a5a5a
00000000
ffffffff
00000008
5a5a5a5a
00001a14
ffffffff
7fffffff
5a5a5a5a
00000000
ffffffff
00000008
5a5a5a5a
00001a14
ffffffff
80000000
5a5a5a5a
00000000
ffffffff
00000008
5a5a5a5a
00001a14
ffffffff
ffffffff
5a5a5a5a
00000000
ffffffff
00000008
5a5a5a5a
00001a14
ffffffff
55555555
5a5a5a5a
00000000
ffffffff
00000008
5a5a5a5a
00001a14
ffffffff
00000003
5a5a5a5a
00000000
ffffffff
00000008
5a5a5a5a
00001a14
ffffffff
fffffffe
5a5a5a5a
00000000
ffffffff
00000008
5a5a5a5a
00001a14
ffffffff
12345678
5a5a5a5a
00000000
ffffffff
00000008
5a5a5a5a
00001a14
55555555
00000000
5a5a5a5a
00000000
55555555
00000000
5a5a5a5a
00001a14
55555555
00000001
5a5a5a5a
00000000
55555555
00000000
5a5a5a5a
00001a14
55555555
7fffffff
5a5a5a5a
00000000
7fffffff
00000000
5a5a5a5a
00001a14
55555555
80000000
5a5a5a5a
00000000
d5555555
00000008
5a5a5a5a
00001a14
55555555
ffffffff
5a5a5a5a
00000000
ffffffff
00000008
5a5a5a5a
00001a14
55555555
55555555
5a5a5a5a
00000000
55555555
00000000
5a5a5a5a
00001a14
55555555
00000003
5a5a5a5a
00000000
55555557
00000000
5a5a5a5a
00001a14
55555555
fffffffe
5a5a5a5a
00000000
ffffffff
00000008
5a5a5a5a
00001a14
55555555
12345678
5a5a5a5a
00000000
5775577d
00000000
5a5a5a5a
00001a14
00000003
00000000
5a5a5a5a
00000000
00000003
00000000
5a5a5a5a
00001a14
00000003
00000001
5a5a5a5a
00000000
00000003
00000000
5a5a5a5a
00001a14
00000003
7fffffff
5a5a5a5a
00000000
7fffffff
00000000
5a5a5a5a
00001a14
00000003
80000000
5a5a5a5a
00000000
80000003
00000008
5a5a5a5a
00001a14
00000003
ffffffff
5a5a5a5a
00000000
ffffffff
00000008
5a5a5a5a
00001a14
00000003
55555555
5a5a5a5a
00000000
55555557
00000000
5a5a5a5a
00001a14
00000003
00000003
5a5a5a5a
00000000
00000003
00000000
5a5a5a5a
00001a14
00000003
fffffffe
5a5a5a5a
00000000
ffffffff
00000008
5a5a5a5a
00001a14
00000003
12345678
5a5a5a5a
00000000
1234567b
00000000
5a5a5a5a
00001a14
fffffffe
00000000
5a5a5a5a
00000000
fffffffe
00000008
5a5a5a5a
00001a14
fffffffe
00000001
5a5a5a5a
00000000
ffffffff
00000008
5a5a5a5a
00001a14
fffffffe
7fffffff
5a5a5a5a
00000000
ffffffff
00000008
5a5a5a5a
00001a14
fffffffe
80000000
5a5a5a5a
00000000
fffffffe
00000008
5a5a5a5a
00001a14
fffffffe
ffffffff
5a5a5a5a
00000000
ffffffff
00000008
5a5a5a5a
00001a14
fffffffe
55555555
5a5a5a5a
00000000
ffffffff
00000008
5a5a5a5a
00001a14
fffffffe
00000003
5a5a5a5a
00000000
ffffffff
00000008
5a5a5a5a
00001a14
fffffffe
fffffffe
5a5a5a5a
00000000
fffffffe
00000008
5a5a5a5a
00001a14
fffffffe
12345678
5a5a5a5a
00000000
fffffffe
00000008
5a5a5a5a
00001a14
12345678
00000000
5a5a5a5a
00000000
12345678
00000000
5a5a5a5a
00001a14
12345678
00000001
5a5a5a5a
00000000
12345679
00000000
5a5a5a5a
00001a14
12345678
7fffffff
5a5a5a5a
00000000
7fffffff
00000000
5a5a5a5a
00001a14
12345678
80000000
5a5a5a5a
00000000
92345678
00000008
5a5a5a5a
00001a14
12345678
ffffffff
5a5a5a5a
00000000
ffffffff
00000008
5a5a5a5a
00001a14
12345678
55555555
5a5a5a5a
00000000
5775577d
00000000
5a5a5a5a
00001a14
12345678
00000003
5a5a5a5a
00000000
1234567b
00000000
5a5a5a5a
00001a14
12345678
fffffffe
5a5a5a5a
00000000
fffffffe
00000008
5a5a5a5a
00001a14
12345678
12345678
5a5a5a5a
00000000
12345678
00000000
5a5a5a5a
00001a14
cf69cbe5
08260707
02bcf268
00000001
cf6fcfe7
00000008
02bcf268
00001a14
2372efb9
af19a884
0e6e7915
00000001
af7befbd
00000008
0e6e7915
00001a14
6b5558f7
9e3d1ac2
81e7b21f
00000000
ff7d5af7
00000008
81e7b21f
00001a14
20f74f84
7e5453b2
9c3fce95
00000000
7ef75fb6
00000000
9c3fce95
00001a14
c770b69f
5f942ab3
2fa1d8ab
00000001
dff4bebf
00000008
2fa1d8ab
00001a14
c8272ec1
f800d083
3f345a8d
00000001
f827fec3
00000008
3f345a8d
00001a14
9695c8f7
320cc7ed
452b543b
00000001
b69dcfff
00000008
452b543b
00001a14
f95d354b
916c730e
d2237808
00000001
f97d774f
00000008
d2237808
00001a34
00000000
00000000
5a5a5a5a
00000000
ffffffff
00000004
5a5a5a5a
00001a34
00000000
00000001
5a5a5a5a
00000000
fffffffe
00000004
5a5a5a5a
00001a34
00000000
7fffffff
5a5a5a5a
00000000
80000000
00000004
5a5a5a5a
00001a34
00000000
80000000
5a5a5a5a
00000000
7fffffff
00000004
5a5a5a5a
00001a34
00000000
ffffffff
5a5a5a5a
00000000
00000000
00000004
5a5a5a5a
00001a34
00000000
55555555
5a5a5a5a
00000000
aaaaaaaa
00000004
5a5a5a5a
00001a34
00000000
00000003
5a5a5a5a
00000000
fffffffc
00000004
5a5a5a5a
00001a34
00000000
fffffffe
5a5a5a5a
00000000
00000001
00000004
5a5a5a5a
00001a34
00000000
12345678
5a5a5a5a
00000000
edcba987
00000004
5a5a5a5a
00001a34
00000001
00000000
5a5a5a5a
00000000
ffffffff
00000004
5a5a5a5a
00001a34
00000001
00000001
5a5a5a5a
00000000
ffffffff
00000004
5a5a5a5a
00001a34
00000001
7fffffff
5a5a5a5a
00000000
80000001
00000004
5a5a5a5a
00001a34
00000001
80000000
5a5a5a5a
00000000
7fffffff
00000004
5a5a5a5a
00001a34
00000001
ffffffff
5a5a5a5a
00000000
00000001
00000004
5a5a5a5a
00001a34
00000001
55555555
5a5a5a5a
00000000
aaaaaaab
00000004
5a5a5a5a
00001a34
00000001
00000003
5a5a5a5a
00000000
fffffffd
00000004
5a5a5a5a
00001a34
00000001
fffffffe
5a5a5a5a
00000000
00000001
00000004
5a5a5a5a
00001a34
00000001
12345678
5a5a5a5a
00000000
edcba987
00000004
5a5a5a5a
00001a34
7fffffff
00000000
5a5a5a5a
00000000
ffffffff
00000004
5a5a5a5a
00001a34
7fffffff
00000001
5a5a5a5a
00000000
ffffffff
00000004
5a5a5a5a
00001a34
7fffffff
7fffffff
5a5a5a5a
00000000
ffffffff
00000004
5a5a5a5a
00001a34
7fffffff
80000000
5a5a5a5a
00000000
7fffffff
00000004
5a5a5a5a
00001a34
7fffffff
ffffffff
5a5a5a5a
00000000
7fffffff
00000004
5a5a5a5a
00001a34
7fffffff
55555555
5a5a5a5a
00000000
ffffffff
00000004
5a5a5a5a
00001a34
7fffffff
00000003
5a5a5a5a
00000000
ffffffff
00000004
5a5a5a5a
00001a34
7fffffff
fffffffe
5a5a5a5a
00000000
7fffffff
00000004
5a5a5a5a
00001a34
7fffffff
12345678
5a5a5a5a
00000000
ffffffff
00000004
5a5a5a5a
00001a34
80000000
00000000
5a5a5a5a
00000000
ffffffff
00000004
5a5a5a5a
00001a34
80000000
00000001
5a5a5a5a
00000000
fffffffe
00000004
5a5a5a5a
00001a34
80000000
7fffffff
5a5a5a5a
00000000
80000000
00000004
5a5a5a5a
00001a34
80000000
80000000
5a5a5a5a
00000000
ffffffff
00000004
5a5a5a5a
00001a34
80000000
ffffffff
5a5a5a5a
00000000
80000000
00000004
5a5a5a5a
00001a34
80000000
55555555
5a5a5a5a
00000000
aaaaaaaa
00000004
5a5a5a5a
00001a34
80000000
00000003
5a5a5a5a
00000000
fffffffc
00000004
5a5a5a5a
00001a34
80000000
fffffffe
5a5a5a5a
00000000
80000001
00000004
5a5a5a5a
00001a34
80000000
12345678
5a5a5a5a
00000000
edcba987
00000004
5a5a5a5a
00001a34
ffffffff
00000000
5a5a5a5a
00000000
ffffffff
00000004
5a5a5a5a
00001a34
ffffffff
00000001
5a5a5a5a
00000000
ffffffff
00000004
5a5a5a5a
00001a34
ffffffff
7fffffff
5a5a5a5a
00000000
ffffffff
00000004
5a5a5a5a
00001a34
ffffffff
80000000
5a5a5a5a
00000000
ffffffff
00000004
5a5a5a5a
00001a34
ffffffff
ffffffff
5a5a5a5a
00000000
ffffffff
00000004
5a5a5a5a
00001a34
ffffffff
55555555
5a5a5a5a
00000000
ffffffff
00000004
5a5a5a5a
00001a34
ffffffff
00000003
5a5a5a5a
00000000
ffffffff
00000004
5a5a5a5a
00001a34
ffffffff
fffffffe
5a5a5a5a
00000000
ffffffff
00000004
5a5a5a5a
00001a34
ffffffff
12345678
5a5a5a5a
00000000
ffffffff
00000004
5a5a5a5a
00001a34
55555555
00000000
5a5a5a5a
00000000
ffffffff
00000004
5a5a5a5a
00001a34
55555555
00000001
5a5a5a5a
00000000
ffffffff
00000004
5a5a5a5a
00001a34
55555555
7fffffff
5a5a5a5a
00000000
d5555555
00000004
5a5a5a5a
00001a34
55555555
80000000
5a5a5a5a
00000000
7fffffff
00000004
5a5a5a5a
00001a34
55555555
ffffffff
5a5a5a5a
00000000
55555555
00000004
5a5a5a5a
00001a34
55555555
55555555
5a5a5a5a
00000000
ffffffff
00000004
5a5a5a5a
00001a34
55555555
00000003
5a5a5a5a
00000000
fffffffd
00000004
5a5a5a5a
00001a34
55555555
fffffffe
5a5a5a5a
00000000
55555555
00000004
5a5a5a5a
00001a34
55555555
12345678
5a5a5a5a
00000000
fddffdd7
00000004
5a5a5a5a
00001a34
00000003
00000000
5a5a5a5a
00000000
ffffffff
00000004
5a5a5a5a
00001a34
00000003
00000001
5a5a5a5a
00000000
ffffffff
00000004
5a5a5a5a
00001a34
00000003
7fffffff
5a5a5a5a
00000000
80000003
00000004
5a5a5a5a
00001a34
00000003
80000000
5a5a5a5a
00000000
7fffffff
00000004
5a5a5a5a
00001a34
00000003
ffffffff
5a5a5a5a
00000000
00000003
00000004
5a5a5a5a
00001a34
00000003
55555555
5a5a5a5a
00000000
aaaaaaab
00000004
5a5a5a5a
00001a34
00000003
00000003
5a5a5a5a
00000000
ffffffff
00000004
5a5a5a5a
00001a34
00000003
fffffffe
5a5a5a5a
00000000
00000003
00000004
5a5a5a5a
00001a34
00000003
12345678
5a5a5a5a
00000000
edcba987
00000004
5a5a5a5a
00001a34
fffffffe
00000000
5a5a5a5a
00000000
ffffffff
00000004
5a5a5a5a
00001a34
fffffffe
00000001
5a5a5a5a
00000000
fffffffe
00000004
5a5a5a5a
00001a34
fffffffe
7fffffff
5a5a5a5a
00000000
fffffffe
00000004
5a5a5a5a
00001a34
fffffffe
80000000
5a5a5a5a
00000000
ffffffff
00000004
5a5a5a5a
00001a34
fffffffe
ffffffff
5a5a5a5a
00000000
fffffffe
00000004
5a5a5a5a
00001a34
fffffffe
55555555
5a5a5a5a
00000000
fffffffe
00000004
5a5a5a5a
00001a34
fffffffe
00000003
5a5a5a5a
00000000
fffffffe
00000004
5a5a5a5a
00001a34
fffffffe
fffffffe
5a5a5a5a
00000000
ffffffff
00000004
5a5a5a5a
00001a34
fffffffe
12345678
5a5a5a5a
00000000
ffffffff
00000004
5a5a5a5a
00001a34
12345678
00000000
5a5a5a5a
00000000
ffffffff
00000004
5a5a5a5a
00001a34
12345678
00000001
5a5a5a5a
00000000
fffffffe
00000004
5a5a5a5a
00001a34
12345678
7fffffff
5a5a5a5a
00000000
92345678
00000004
5a5a5a5a
00001a34
12345678
80000000
5a5a5a5a
00000000
7fffffff
00000004
5a5a5a5a
00001a34
12345678
ffffffff
5a5a5a5a
00000000
12345678
00000004
5a5a5a5a
00001a34
12345678
55555555
5a5a5a5a
00000000
babefefa
00000004
5a5a5a5a
00001a34
12345678
00000003
5a5a5a5a
00000000
fffffffc
00000004
5a5a5a5a
00001a34
12345678
fffffffe
5a5a5a5a
00000000
12345679
00000004
5a5a5a5a
00001a34
12345678
12345678
5a5a5a5a
00000000
ffffffff
00000004
5a5a5a5a
00001a34
797f6916
7caafdc3
45c15bbb
00000001
fb7f6b3e
00000009
45c15bbb
00001a34
a995d8e7
56bbebe3
35f922a6
00000001
a9d5dcff
00000009
35f922a6
00001a34
73c98814
9c8fe50b
1b2a7491
00000001
73f99af4
00000009
1b2a7491
00001a34
7a79b470
56255d93
c02a567a
00000001
fbfbb67c
00000009
c02a567a
00001a34
9f4dc73e
d01ca2f9
42f0b90d
00000001
bfefdf3e
00000009
42f0b90d
00001a34
e735ec0f
1c811e1b
10c44db2
00000000
e77fedef
00000004
10c44db2
00001a34
63598c02
8de449d9
23258157
00000000
735bbe26
00000004
23258157
00001a34
d702ec01
59827c8e
ad4fed40
00000000
f77fef71
00000004
ad4fed40
00001a54
00000000
00000000
5a5a5a5a
00000000
ffffffff
00000008
5a5a5a5a
00001a54
00000000
00000001
5a5a5a5a
00000000
fffffffe
00000008
5a5a5a5a
00001a54
00000000
7fffffff
5a5a5a5a
00000000
80000000
00000008
5a5a5a5a
00001a54
00000000
80000000
5a5a5a5a
00000000
7fffffff
00000000
5a5a5a5a
00001a54
00000000
ffffffff
5a5a5a5a
00000000
00000000
00000004
5a5a5a5a
00001a54
00000000
55555555
5a5a5a5a
00000000
aaaaaaaa
00000008
5a5a5a5a
00001a54
00000000
00000003
5a5a5a5a
00000000
fffffffc
00000008
5a5a5a5a
00001a54
00000000
fffffffe
5a5a5a5a
00000000
00000001
00000000
5a5a5a5a
00001a54
00000000
12345678
5a5a5a5a
00000000
edcba987
00000008
5a5a5a5a
00001a54
00000001
00000000
5a5a5a5a
00000000
ffffffff
00000008
5a5a5a5a
00001a54
00000001
00000001
5a5a5a5a
00000000
ffffffff
00000008
5a5a5a5a
00001a54
00000001
7fffffff
5a5a5a5a
00000000
80000001
00000008
5a5a5a5a
00001a54
00000001
80000000
5a5a5a5a
00000000
7fffffff
00000000
5a5a5a5a
00001a54
00000001
ffffffff
5a5a5a5a
00000000
00000001
00000000
5a5a5a5a
00001a54
00000001
55555555
5a5a5a5a
00000000
aaaaaaab
00000008
5a5a5a5a
00001a54
00000001
00000003
5a5a5a5a
00000000
fffffffd
00000008
5a5a5a5a
00001a54
00000001
fffffffe
5a5a5a5a
00000000
00000001
00000000
5a5a5a5a
00001a54
00000001
12345678
5a5a5a5a
00000000
edcba987
00000008
5a5a5a5a
00001a54
7fffffff
00000000
5a5a5a5a
00000000
ffffffff
00000008
5a5a5a5a
00001a54
7fffffff
00000001
5a5a5a5a
00000000
ffffffff
00000008
5a5a5a5a
00001a54
7fffffff
7fffffff
5a5a5a5a
00000000
ffffffff
00000008
5a5a5a5a
00001a54
7fffffff
80000000
5a5a5a5a
00000000
7fffffff
00000000
5a5a5a5a
00001a54
7fffffff
ffffffff
5a5a5a5a
00000000
7fffffff
00000000
5a5a5a5a
00001a54
7fffffff
55555555
5a5a5a5a
00000000
ffffffff
00000008
5a5a5a5a
00001a54
7fffffff
00000003
5a5a5a5a
00000000
ffffffff
00000008
5a5a5a5a
00001a54
7fffffff
fffffffe
5a5a5a5a
00000000
7fffffff
00000000
5a5a5a5a
00001a54
7fffffff
12345678
5a5a5a5a
00000000
ffffffff
00000008
5a5a5a5a
00001a54
80000000
00000000
5a5a5a5a
00000000
ffffffff
00000008
5a5a5a5a
00001a54
80000000
00000001
5a5a5a5a
00000000
fffffffe
00000008
5a5a5a5a
00001a54
80000000
7fffffff
5a5a5a5a
00000000
80000000
00000008
5a5a5a5a
00001a54
80000000
80000000
5a5a5a5a
00000000
ffffffff
00000008
5a5a5a5a
00001a54
80000000
ffffffff
5a5a5a5a
00000000
80000000
00000008
5a5a5a5a
00001a54
80000000
55555555
5a5a5a5a
00000000
aaaaaaaa
00000008
5a5a5a5a
00001a54
80000000
00000003
5a5a5a5a
00000000
fffffffc
00000008
5a5a5a5a
00001a54
80000000
fffffffe
5a5a5a5a
00000000
80000001
00000008
5a5a5a5a
00001a54
80000000
12345678
5a5a5a5a
00000000
edcba987
00000008
5a5a5a5a
00001a54
ffffffff
00000000
5a5a5a5a
00000000
ffffffff
00000008
5a5a5a5a
00001a54
ffffffff
00000001
5a5a5a5a
00000000
ffffffff
00000008
5a5a5a5a
00001a54
ffffffff
7fffffff
5a5a5a5a
00000000
ffffffff
00000008
5a5a5a5a
00001a54
ffffffff
80000000
5a5a5a5a
00000000
ffffffff
00000008
5a5a5a5a
00001a54
ffffffff
ffffffff
5a5a5a5a
00000000
ffffffff
00000008
5a5a5a5a
00001a54
ffffffff
55555555
5a5a5a5a
00000000
ffffffff
00000008
5a5a5a5a
00001a54
ffffffff
00000003
5a5a5a5a
00000000
ffffffff
00000008
5a5a5a5a
00001a54
ffffffff
fffffffe
5a5a5a5a
00000000
ffffffff
00000008
5a5a5a5a
00001a54
ffffffff
12345678
5a5a5a5a
00000000
ffffffff
00000008
5a5a5a5a
00001a54
55555555
00000000
5a5a5a5a
00000000
ffffffff
00000008
5a5a5a5a
00001a54
55555555
00000001
5a5a5a5a
00000000
ffffffff
00000008
5a5a5a5a
00001a54
55555555
7fffffff
5a5a5a5a
00000000
d5555555
00000008
5a5a5a5a
00001a54
55555555
80000000
5a5a5a5a
00000000
7fffffff
00000000
5a5a5a5a
00001a54
55555555
ffffffff
5a5a5a5a
00000000
55555555
00000000
5a5a5a5a
00001a54
55555555
55555555
5a5a5a5a
00000000
ffffffff
00000008
5a5a5a5a
00001a54
55555555
00000003
5a5a5a5a
00000000
fffffffd
00000008
5a5a5a5a
00001a54
55555555
fffffffe
5a5a5a5a
00000000
55555555
00000000
5a5a5a5a
00001a54
55555555
12345678
5a5a5a5a
00000000
fddffdd7
00000008
5a5a5a5a
00001a54
00000003
00000000
5a5a5a5a
00000000
ffffffff
00000008
5a5a5a5a
00001a54
00000003
00000001
5a5a5a5a
00000000
ffffffff
00000008
5a5a5a5a
00001a54
00000003
7fffffff
5a5a5a5a
00000000
80000003
00000008
5a5a5a5a
00001a54
00000003
80000000
5a5a5a5a
00000000
7fffffff
00000000
5a5a5a5a
00001a54
00000003
ffffffff
5a5a5a5a
00000000
00000003
00000000
5a5a5a5a
00001a54
00000003
55555555
5a5a5a5a
00000000
aaaaaaab
00000008
5a5a5a5a
00001a54
00000003
00000003
5a5a5a5a
00000000
ffffffff
00000008
5a5a5a5a
00001a54
00000003
fffffffe
5a5a5a5a
00000000
00000003
00000000
5a5a5a5a
00001a54
00000003
12345678
5a5a5a5a
00000000
edcba987
00000008
5a5a5a5a
00001a54
fffffffe
00000000
5a5a5a5a
00000000
ffffffff
00000008
5a5a5a5a
00001a54
fffffffe
00000001
5a5a5a5a
00000000
fffffffe
00000008
5a5a5a5a
00001a54
fffffffe
7fffffff
5a5a5a5a
00000000
fffffffe
00000008
5a5a5a5a
00001a54
fffffffe
80000000
5a5a5a5a
00000000
ffffffff
00000008
5a5a5a5a
00001a54
fffffffe
ffffffff
5a5a5a5a
00000000
fffffffe
00000008
5a5a5a5a
00001a54
fffffffe
55555555
5a5a5a5a
00000000
fffffffe
00000008
5a5a5a5a
00001a54
fffffffe
00000003
5a5a5a5a
00000000
fffffffe
00000008
5a5a5a5a
00001a54
fffffffe
fffffffe
5a5a5a5a
00000000
ffffffff
00000008
5a5a5a5a
00001a54
fffffffe
12345678
5a5a5a5a
00000000
ffffffff
00000008
5a5a5a5a
00001a54
12345678
00000000
5a5a5a5a
00000000
ffffffff
00000008
5a5a5a5a
00001a54
12345678
00000001
5a5a5a5a
00000000
fffffffe
00000008
5a5a5a5a
00001a54
12345678
7fffffff
5a5a5a5a
00000000
92345678
00000008
5a5a5a5a
00001a54
12345678
80000000
5a5a5a5a
00000000
7fffffff
00000000
5a5a5a5a
00001a54
12345678
ffffffff
5a5a5a5a
00000000
12345678
00000000
5a5a5a5a
00001a54
12345678
55555555
5a5a5a5a
00000000
babefefa
00000008
5a5a5a5a
00001a54
12345678
00000003
5a5a5a5a
00000000
fffffffc
00000008
5a5a5a5a
00001a54
12345678
fffffffe
5a5a5a5a
00000000
12345679
00000000
5a5a5a5a
00001a54
12345678
12345678
5a5a5a5a
00000000
ffffffff
00000008
5a5a5a5a
00001a54
cbaaa52a
e922a77f
4c841db4
00000001
dffffdaa
00000008
4c841db4
00001a54
e2be792e
f0727698
e63a2a02
00000001
efbff96f
00000008
e63a2a02
00001a54
d10696c8
e195de3e
a4a72ba2
00000000
df6eb7c9
00000008
a4a72ba2
00001a54
c5b03c10
1540265e
200840ed
00000001
efbffdb1
00000008
200840ed
00001a54
16c2e670
5537694c
76bc73fa
00000000
becaf6f3
00000008
76bc73fa
00001a54
7a556bd4
1f3264f2
1213df85
00000000
faddfbdd
00000008
1213df85
00001a54
0314df87
4a493c23
bfd0f95d
00000000
b7b6dfdf
00000008
bfd0f95d
00001a54
9290cd4f
c7ce78e3
c9fe579d
00000001
bab1cf5f
00000008
c9fe579d
00001a74
00000000
00000000
5a5a5a5a
00000000
00000000
00000004
5a5a5a5a
00001a74
00000000
00000001
5a5a5a5a
00000000
00000001
00000004
5a5a5a5a
00001a74
00000000
7fffffff
5a5a5a5a
00000000
7fffffff
00000004
5a5a5a5a
00001a74
00000000
80000000
5a5a5a5a
00000000
80000000
00000004
5a5a5a5a
00001a74
00000000
ffffffff
5a5a5a5a
00000000
ffffffff
00000004
5a5a5a5a
00001a74
00000000
55555555
5a5a5a5a
00000000
55555555
00000004
5a5a5a5a
00001a74
00000000
00000003
5a5a5a5a
00000000
00000003
00000004
5a5a5a5a
00001a74
00000000
fffffffe
5a5a5a5a
00000000
fffffffe
00000004
5a5a5a5a
00001a74
00000000
12345678
5a5a5a5a
00000000
12345678
00000004
5a5a5a5a
00001a74
00000001
00000000
5a5a5a5a
00000000
00000001
00000004
5a5a5a5a
00001a74
00000001
00000001
5a5a5a5a
00000000
00000000
00000004
5a5a5a5a
00001a74
00000001
7fffffff
5a5a5a5a
00000000
7ffffffe
00000004
5a5a5a5a
00001a74
00000001
80000000
5a5a5a5a
00000000
80000001
00000004
5a5a5a5a
00001a74
00000001
ffffffff
5a5a5a5a
00000000
fffffffe
00000004
5a5a5a5a
00001a74
00000001
55555555
5a5a5a5a
00000000
55555554
00000004
5a5a5a5a
00001a74
00000001
00000003
5a5a5a5a
00000000
00000002
00000004
5a5a5a5a
00001a74
00000001
fffffffe
5a5a5a5a
00000000
ffffffff
00000004
5a5a5a5a
00001a74
00000001
12345678
5a5a5a5a
00000000
12345679
00000004
5a5a5a5a
00001a74
7fffffff
00000000
5a5a5a5a
00000000
7fffffff
00000004
5a5a5a5a
00001a74
7fffffff
00000001
5a5a5a5a
00000000
7ffffffe
00000004
5a5a5a5a
00001a74
7fffffff
7fffffff
5a5a5a5a
00000000
00000000
00000004
5a5a5a5a
00001a74
7fffffff
80000000
5a5a5a5a
00000000
ffffffff
00000004
5a5a5a5a
00001a74
7fffffff
ffffffff
5a5a5a5a
00000000
80000000
00000004
5a5a5a5a
00001a74
7fffffff
55555555
5a5a5a5a
00000000
2aaaaaaa
00000004
5a5a5a5a
00001a74
7fffffff
00000003
5a5a5a5a
00000000
7ffffffc
00000004
5a5a5a5a
00001a74
7fffffff
fffffffe
5a5a5a5a
00000000
80000001
00000004
5a5a5a5a
00001a74
7fffffff
12345678
5a5a5a5a
00000000
6dcba987
00000004
5a5a5a5a
00001a74
80000000
00000000
5a5a5a5a
00000000
80000000
00000004
5a5a5a5a
00001a74
80000000
00000001
5a5a5a5a
00000000
80000001
00000004
5a5a5a5a
00001a74
80000000
7fffffff
5a5a5a5a
00000000
ffffffff
00000004
5a5a5a5a
00001a74
80000000
80000000
5a5a5a5a
00000000
00000000
00000004
5a5a5a5a
00001a74
80000000
ffffffff
5a5a5a5a
00000000
7fffffff
00000004
5a5a5a5a
00001a74
80000000
55555555
5a5a5a5a
00000000
d5555555
00000004
5a5a5a5a
00001a74
80000000
00000003
5a5a5a5a
00000000
80000003
00000004
5a5a5a5a
00001a74
80000000
fffffffe
5a5a5a5a
00000000
7ffffffe
00000004
5a5a5a5a
00001a74
80000000
12345678
5a5a5a5a
00000000
92345678
00000004
5a5a5a5a
00001a74
ffffffff
00000000
5a5a5a5a
00000000
ffffffff
00000004
5a5a5a5a
00001a74
ffffffff
00000001
5a5a5a5a
00000000
fffffffe
00000004
5a5a5a5a
00001a74
ffffffff
7fffffff
5a5a5a5a
00000000
80000000
00000004
5a5a5a5a
00001a74
ffffffff
80000000
5a5a5a5a
00000000
7fffffff
00000004
5a5a5a5a
00001a74
ffffffff
ffffffff
5a5a5a5a
00000000
00000000
00000004
5a5a5a5a
00001a74
ffffffff
55555555
5a5a5a5a
00000000
aaaaaaaa
00000004
5a5a5a5a
00001a74
ffffffff
00000003
5a5a5a5a
00000000
fffffffc
00000004
5a5a5a5a
00001a74
ffffffff
fffffffe
5a5a5a5a
00000000
00000001
00000004
5a5a5a5a
00001a74
ffffffff
12345678
5a5a5a5a
00000000
edcba987
00000004
5a5a5a5a
00001a74
55555555
00000000
5a5a5a5a
00000000
55555555
00000004
5a5a5a5a
00001a74
55555555
00000001
5a5a5a5a
00000000
55555554
00000004
5a5a5a5a
00001a74
55555555
7fffffff
5a5a5a5a
00000000
2aaaaaaa
00000004
5a5a5a5a
00001a74
55555555
80000000
5a5a5a5a
00000000
d5555555
00000004
5a5a5a5a
00001a74
55555555
ffffffff
5a5a5a5a
00000000
aaaaaaaa
00000004
5a5a5a5a
00001a74
55555555
55555555
5a5a5a5a
00000000
00000000
00000004
5a5a5a5a
00001a74
55555555
00000003
5a5a5a5a
00000000
55555556
00000004
5a5a5a5a
00001a74
55555555
fffffffe
5a5a5a5a
00000000
aaaaaaab
00000004
5a5a5a5a
00001a74
55555555
12345678
5a5a5a5a
00000000
4761032d
00000004
5a5a5a5a
00001a74
00000003
00000000
5a5a5a5a
00000000
00000003
00000004
5a5a5a5a
00001a74
00000003
00000001
5a5a5a5a
00000000
00000002
00000004
5a5a5a5a
00001a74
00000003
7fffffff
5a5a5a5a
00000000
7ffffffc
00000004
5a5a5a5a
00001a74
00000003
80000000
5a5a5a5a
00000000
80000003
00000004
5a5a5a5a
00001a74
00000003
ffffffff
5a5a5a5a
00000000
fffffffc
00000004
5a5a5a5a
00001a74
00000003
55555555
5a5a5a5a
00000000
55555556
00000004
5a5a5a5a
00001a74
00000003
00000003
5a5a5a5a
00000000
00000000
00000004
5a5a5a5a
00001a74
00000003
fffffffe
5a5a5a5a
00000000
fffffffd
00000004
5a5a5a5a
00001a74
00000003
12345678
5a5a5a5a
00000000
1234567b
00000004
5a5a5a5a
00001a74
fffffffe
00000000
5a5a5a5a
00000000
fffffffe
00000004
5a5a5a5a
00001a74
fffffffe
00000001
5a5a5a5a
00000000
ffffffff
00000004
5a5a5a5a
00001a74
fffffffe
7fffffff
5a5a5a5a
00000000
80000001
00000004
5a5a5a5a
00001a74
fffffffe
80000000
5a5a5a5a
00000000
7ffffffe
00000004
5a5a5a5a
00001a74
fffffffe
ffffffff
5a5a5a5a
00000000
00000001
00000004
5a5a5a5a
00001a74
fffffffe
55555555
5a5a5a5a
00000000
aaaaaaab
00000004
5a5a5a5a
00001a74
fffffffe
00000003
5a5a5a5a
00000000
fffffffd
00000004
5a5a5a5a
00001a74
fffffffe
fffffffe
5a5a5a5a
00000000
00000000
00000004
5a5a5a5a
00001a74
fffffffe
12345678
5a5a5a5a
00000000
edcba986
00000004
5a5a5a5a
00001a74
12345678
00000000
5a5a5a5a
00000000
12345678
00000004
5a5a5a5a
00001a74
12345678
00000001
5a5a5a5a
00000000
12345679
00000004
5a5a5a5a
00001a74
12345678
7fffffff
5a5a5a5a
00000000
6dcba987
00000004
5a5a5a5a
00001a74
12345678
80000000
5a5a5a5a
00000000
92345678
00000004
5a5a5a5a
00001a74
12345678
ffffffff
5a5a5a5a
00000000
edcba987
00000004
5a5a5a5a
00001a74
12345678
55555555
5a5a5a5a
00000000
4761032d
00000004
5a5a5a5a
00001a74
12345678
00000003
5a5a5a5a
00000000
1234567b
00000004
5a5a5a5a
00001a74
12345678
fffffffe
5a5a5a5a
00000000
edcba986
00000004
5a5a5a5a
00001a74
12345678
12345678
5a5a5a5a
00000000
00000000
00000004
5a5a5a5a
00001a74
132968f3
9a8d381d
12fe0007
00000001
89a450ee
00000009
12fe0007
00001a74
d706dcca
e36aa70c
f97dee02
00000000
346c7bc6
00000004
f97dee02
00001a74
6958b347
80d21f87
0b7f58c5
00000001
e98aacc0
00000009
0b7f58c5
00001a74
5dcd99bc
791fbd32
390a7079
00000000
24d2248e
00000004
390a7079
00001a74
1386d1d9
a1602846
4378dc5a
00000001
b2e6f99f
00000009
4378dc5a
00001a74
ad01f3cc
78fbccd6
b2cf4658
00000000
d5fa3f1a
00000004
b2cf4658
00001a74
6a1b253e
3a6c03d5
494a13a7
00000000
507726eb
00000004
494a13a7
00001a74
3439c88f
8017a1d8
b1b8b593
00000001
b42e6957
00000009
b1b8b593
00001a94
00000000
00000000
5a5a5a5a
00000000
00000000
00000004
5a5a5a5a
00001a94
00000000
00000001
5a5a5a5a
00000000
00000001
00000000
5a5a5a5a
00001a94
00000000
7fffffff
5a5a5a5a
00000000
7fffffff
00000000
5a5a5a5a
00001a94
00000000
80000000
5a5a5a5a
00000000
80000000
00000008
5a5a5a5a
00001a94
00000000
ffffffff
5a5a5a5a
00000000
ffffffff
00000008
5a5a5a5a
00001a94
00000000
55555555
5a5a5a5a
00000000
55555555
00000000
5a5a5a5a
00001a94
00000000
00000003
5a5a5a5a
00000000
00000003
00000000
5a5a5a5a
00001a94
00000000
fffffffe
5a5a5a5a
00000000
fffffffe
00000008
5a5a5a5a
00001a94
00000000
12345678
5a5a5a5a
00000000
12345678
00000000
5a5a5a5a
00001a94
00000001
00000000
5a5a5a5a
00000000
00000001
00000000
5a5a5a5a
00001a94
00000001
00000001
5a5a5a5a
00000000
00000000
00000004
5a5a5a5a
00001a94
00000001
7fffffff
5a5a5a5a
00000000
7ffffffe
00000000
5a5a5a5a
00001a94
00000001
80000000
5a5a5a5a
00000000
80000001
00000008
5a5a5a5a
00001a94
00000001
ffffffff
5a5a5a5a
00000000
fffffffe
00000008
5a5a5a5a
00001a94
00000001
55555555
5a5a5a5a
00000000
55555554
00000000
5a5a5a5a
00001a94
00000001
00000003
5a5a5a5a
00000000
00000002
00000000
5a5a5a5a
00001a94
00000001
fffffffe
5a5a5a5a
00000000
ffffffff
00000008
5a5a5a5a
00001a94
00000001
12345678
5a5a5a5a
00000000
12345679
00000000
5a5a5a5a
00001a94
7fffffff
00000000
5a5a5a5a
00000000
7fffffff
00000000
5a5a5a5a
00001a94
7fffffff
00000001
5a5a5a5a
00000000
7ffffffe
00000000
5a5a5a5a
00001a94
7fffffff
7fffffff
5a5a5a5a
00000000
00000000
00000004
5a5a5a5a
00001a94
7fffffff
80000000
5a5a5a5a
00000000
ffffffff
00000008
5a5a5a5a
00001a94
7fffffff
ffffffff
5a5a5a5a
00000000
80000000
00000008
5a5a5a5a
00001a94
7fffffff
55555555
5a5a5a5a
00000000
2aaaaaaa
00000000
5a5a5a5a
00001a94
7fffffff
00000003
5a5a5a5a
00000000
7ffffffc
00000000
5a5a5a5a
00001a94
7fffffff
fffffffe
5a5a5a5a
00000000
80000001
00000008
5a5a5a5a
00001a94
7fffffff
12345678
5a5a5a5a
00000000
6dcba987
00000000
5a5a5a5a
00001a94
80000000
00000000
5a5a5a5a
00000000
80000000
00000008
5a5a5a5a
00001a94
80000000
00000001
5a5a5a5a
00000000
80000001
00000008
5a5a5a5a
00001a94
80000000
7fffffff
5a5a5a5a
00000000
ffffffff
00000008
5a5a5a5a
00001a94
80000000
80000000
5a5a5a5a
00000000
00000000
00000004
5a5a5a5a
00001a94
80000000
ffffffff
5a5a5a5a
00000000
7fffffff
00000000
5a5a5a5a
00001a94
80000000
55555555
5a5a5a5a
00000000
d5555555
00000008
5a5a5a5a
00001a94
80000000
00000003
5a5a5a5a
00000000
80000003
00000008
5a5a5a5a
00001a94
80000000
fffffffe
5a5a5a5a
00000000
7ffffffe
00000000
5a5a5a5a
00001a94
80000000
12345678
5a5a5a5a
00000000
92345678
00000008
5a5a5a5a
00001a94
ffffffff
00000000
5a5a5a5a
00000000
ffffffff
00000008
5a5a5a5a
00001a94
ffffffff
00000001
5a5a5a5a
00000000
fffffffe
00000008
5a5a5a5a
00001a94
ffffffff
7fffffff
5a5a5a5a
00000000
80000000
00000008
5a5a5a5a
00001a94
ffffffff
80000000
5a5a5a5a
00000000
7fffffff
00000000
5a5a5a5a
00001a94
ffffffff
ffffffff
5a5a5a5a
00000000
00000000
00000004
5a5a5a5a
00001a94
ffffffff
55555555
5a5a5a5a
00000000
aaaaaaaa
00000008
5a5a5a5a
00001a94
ffffffff
00000003
5a5a5a5a
00000000
fffffffc
00000008
5a5a5a5a
00001a94
ffffffff
fffffffe
5a5a5a5a
00000000
00000001
00000000
5a5a5a5a
00001a94
ffffffff
12345678
5a5a5a5a
00000000
edcba987
00000008
5a5a5a5a
00001a94
55555555
00000000
5a5a5a5a
00000000
55555555
00000000
5a5a5a5a
00001a94
55555555
00000001
5a5a5a5a
00000000
55555554
00000000
5a5a5a5a
00001a94
55555555
7fffffff
5a5a5a5a
00000000
2aaaaaaa
00000000
5a5a5a5a
00001a94
55555555
80000000
5a5a5a5a
00000000
d5555555
00000008
5a5a5a5a
00001a94
55555555
ffffffff
5a5a5a5a
00000000
aaaaaaaa
00000008
5a5a5a5a
00001a94
55555555
55555555
5a5a5a5a
00000000
00000000
00000004
5a5a5a5a
00001a94
55555555
00000003
5a5a5a5a
00000000
55555556
00000000
5a5a5a5a
00001a94
55555555
fffffffe
5a5a5a5a
00000000
aaaaaaab
00000008
5a5a5a5a
00001a94
55555555
12345678
5a5a5a5a
00000000
4761032d
00000000
5a5a5a5a
00001a94
00000003
00000000
5a5a5a5a
00000000
00000003
00000000
5a5a5a5a
00001a94
00000003
00000001
5a5a5a5a
00000000
00000002
00000000
5a5a5a5a
00001a94
00000003
7fffffff
5a5a5a5a
00000000
7ffffffc
00000000
5a5a5a5a
00001a94
00000003
80000000
5a5a5a5a
00000000
80000003
00000008
5a5a5a5a
00001a94
00000003
ffffffff
5a5a5a5a
00000000
fffffffc
00000008
5a5a5a5a
00001a94
00000003
55555555
5a5a5a5a
00000000
55555556
00000000
5a5a5a5a
00001a94
00000003
00000003
5a5a5a5a
00000000
00000000
00000004
5a5a5a5a
00001a94
00000003
fffffffe
5a5a5a5a
00000000
fffffffd
00000008
5a5a5a5a
00001a94
00000003
12345678
5a5a5a5a
00000000
1234567b
00000000
5a5a5a5a
00001a94
fffffffe
00000000
5a5a5a5a
00000000
fffffffe
00000008
5a5a5a5a
00001a94
fffffffe
00000001
5a5a5a5a
00000000
ffffffff
00000008
5a5a5a5a
00001a94
fffffffe
7fffffff
5a5a5a5a
00000000
80000001
00000008
5a5a5a5a
00001a94
fffffffe
80000000
5a5a5a5a
00000000
7ffffffe
00000000
5a5a5a5a
00001a94
fffffffe
ffffffff
5a5a5a5a
00000000
00000001
00000000
5a5a5a5a
00001a94
fffffffe
55555555
5a5a5a5a
00000000
aaaaaaab
00000008
5a5a5a5a
00001a94
fffffffe
00000003
5a5a5a5a
00000000
fffffffd
00000008
5a5a5a5a
00001a94
fffffffe
fffffffe
5a5a5a5a
00000000
00000000
00000004
5a5a5a5a
00001a94
fffffffe
12345678
5a5a5a5a
00000000
edcba986
00000008
5a5a5a5a
00001a94
12345678
00000000
5a5a5a5a
00000000
12345678
00000000
5a5a5a5a
00001a94
12345678
00000001
5a5a5a5a
00000000
12345679
00000000
5a5a5a5a
00001a94
12345678
7fffffff
5a5a5a5a
00000000
6dcba987
00000000
5a5a5a5a
00001a94
12345678
80000000
5a5a5a5a
00000000
92345678
00000008
5a5a5a5a
00001a94
12345678
ffffffff
5a5a5a5a
00000000
edcba987
00000008
5a5a5a5a
00001a94
12345678
55555555
5a5a5a5a
00000000
4761032d
00000000
5a5a5a5a
00001a94
12345678
00000003
5a5a5a5a
00000000
1234567b
00000000
5a5a5a5a
00001a94
12345678
fffffffe
5a5a5a5a
00000000
edcba986
00000008
5a5a5a5a
00001a94
12345678
12345678
5a5a5a5a
00000000
00000000
00000004
5a5a5a5a
00001a94
2c728329
96967fb8
22bd2c2f
00000001
bae4fc91
00000008
22bd2c2f
00001a94
3ae41f8b
c4e74dfe
5678ce47
00000000
fe035275
00000008
5678ce47
00001a94
35422a09
01a5d79e
fdd0ad89
00000001
34e7fd97
00000000
fdd0ad89
00001a94
bc182806
81559d8f
41ba5db1
00000001
3d4db589
00000000
41ba5db1
00001a94
77de8a1d
b56b864f
ec18804b
00000000
c2b50c52
00000008
ec18804b
00001a94
86e63ec7
583e7f61
9c87145c
00000000
ded841a6
00000008
9c87145c
00001a94
46352421
0a623b21
beabe786
00000001
4c571f00
00000000
beabe786
00001a94
81fc88fe
df4a0f0c
49b2fb1d
00000000
5eb687f2
00000000
49b2fb1d
00001ab4
00000000
00000000
5a5a5a5a
00000000
ffffffff
00000004
5a5a5a5a
00001ab4
00000000
00000001
5a5a5a5a
00000000
fffffffe
00000004
5a5a5a5a
00001ab4
00000000
7fffffff
5a5a5a5a
00000000
80000000
00000004
5a5a5a5a
00001ab4
00000000
80000000
5a5a5a5a
00000000
7fffffff
00000004
5a5a5a5a
00001ab4
00000000
ffffffff
5a5a5a5a
00000000
00000000
00000004
5a5a5a5a
00001ab4
00000000
55555555
5a5a5a5a
00000000
aaaaaaaa
00000004
5a5a5a5a
00001ab4
00000000
00000003
5a5a5a5a
00000000
fffffffc
00000004
5a5a5a5a
00001ab4
00000000
fffffffe
5a5a5a5a
00000000
00000001
00000004
5a5a5a5a
00001ab4
00000000
12345678
5a5a5a5a
00000000
edcba987
00000004
5a5a5a5a
00001ab4
00000001
00000000
5a5a5a5a
00000000
fffffffe
00000004
5a5a5a5a
00001ab4
00000001
00000001
5a5a5a5a
00000000
ffffffff
00000004
5a5a5a5a
00001ab4
00000001
7fffffff
5a5a5a5a
00000000
80000001
00000004
5a5a5a5a
00001ab4
00000001
80000000
5a5a5a5a
00000000
7ffffffe
00000004
5a5a5a5a
00001ab4
00000001
ffffffff
5a5a5a5a
00000000
00000001
00000004
5a5a5a5a
00001ab4
00000001
55555555
5a5a5a5a
00000000
aaaaaaab
00000004
5a5a5a5a
00001ab4
00000001
00000003
5a5a5a5a
00000000
fffffffd
00000004
5a5a5a5a
00001ab4
00000001
fffffffe
5a5a5a5a
00000000
00000000
00000004
5a5a5a5a
00001ab4
00000001
12345678
5a5a5a5a
00000000
edcba986
00000004
5a5a5a5a
00001ab4
7fffffff
00000000
5a5a5a5a
00000000
80000000
00000004
5a5a5a5a
00001ab4
7fffffff
00000001
5a5a5a5a
00000000
80000001
00000004
5a5a5a5a
00001ab4
7fffffff
7fffffff
5a5a5a5a
00000000
ffffffff
00000004
5a5a5a5a
00001ab4
7fffffff
80000000
5a5a5a5a
00000000
00000000
00000004
5a5a5a5a
00001ab4
7fffffff
ffffffff
5a5a5a5a
00000000
7fffffff
00000004
5a5a5a5a
00001ab4
7fffffff
55555555
5a5a5a5a
00000000
d5555555
00000004
5a5a5a5a
00001ab4
7fffffff
00000003
5a5a5a5a
00000000
80000003
00000004
5a5a5a5a
00001ab4
7fffffff
fffffffe
5a5a5a5a
00000000
7ffffffe
00000004
5a5a5a5a
00001ab4
7fffffff
12345678
5a5a5a5a
00000000
92345678
00000004
5a5a5a5a
00001ab4
80000000
00000000
5a5a5a5a
00000000
7fffffff
00000004
5a5a5a5a
00001ab4
80000000
00000001
5a5a5a5a
00000000
7ffffffe
00000004
5a5a5a5a
00001ab4
80000000
7fffffff
5a5a5a5a
00000000
00000000
00000004
5a5a5a5a
00001ab4
80000000
80000000
5a5a5a5a
00000000
ffffffff
00000004
5a5a5a5a
00001ab4
80000000
ffffffff
5a5a5a5a
00000000
80000000
00000004
5a5a5a5a
00001ab4
80000000
55555555
5a5a5a5a
00000000
2aaaaaaa
00000004
5a5a5a5a
00001ab4
80000000
00000003
5a5a5a5a
00000000
7ffffffc
00000004
5a5a5a5a
00001ab4
80000000
fffffffe
5a5a5a5a
00000000
80000001
00000004
5a5a5a5a
00001ab4
80000000
12345678
5a5a5a5a
00000000
6dcba987
00000004
5a5a5a5a
00001ab4
ffffffff
00000000
5a5a5a5a
00000000
00000000
00000004
5a5a5a5a
00001ab4
ffffffff
00000001
5a5a5a5a
00000000
00000001
00000004
5a5a5a5a
00001ab4
ffffffff
7fffffff
5a5a5a5a
00000000
7fffffff
00000004
5a5a5a5a
00001ab4
ffffffff
80000000
5a5a5a5a
00000000
80000000
00000004
5a5a5a5a
00001ab4
ffffffff
ffffffff
5a5a5a5a
00000000
ffffffff
00000004
5a5a5a5a
00001ab4
ffffffff
55555555
5a5a5a5a
00000000
55555555
00000004
5a5a5a5a
00001ab4
ffffffff
00000003
5a5a5a5a
00000000
00000003
00000004
5a5a5a5a
00001ab4
ffffffff
fffffffe
5a5a5a5a
00000000
fffffffe
00000004
5a5a5a5a
00001ab4
ffffffff
12345678
5a5a5a5a
00000000
12345678
00000004
5a5a5a5a
00001ab4
55555555
00000000
5a5a5a5a
00000000
aaaaaaaa
00000004
5a5a5a5a
00001ab4
55555555
00000001
5a5a5a5a
00000000
aaaaaaab
00000004
5a5a5a5a
00001ab4
55555555
7fffffff
5a5a5a5a
00000000
d5555555
00000004
5a5a5a5a
00001ab4
55555555
80000000
5a5a5a5a
00000000
2aaaaaaa
00000004
5a5a5a5a
00001ab4
55555555
ffffffff
5a5a5a5a
00000000
55555555
00000004
5a5a5a5a
00001ab4
55555555
55555555
5a5a5a5a
00000000
ffffffff
00000004
5a5a5a5a
00001ab4
55555555
00000003
5a5a5a5a
00000000
aaaaaaa9
00000004
5a5a5a5a
00001ab4
55555555
fffffffe
5a5a5a5a
00000000
55555554
00000004
5a5a5a5a
00001ab4
55555555
12345678
5a5a5a5a
00000000
b89efcd2
00000004
5a5a5a5a
00001ab4
00000003
00000000
5a5a5a5a
00000000
fffffffc
00000004
5a5a5a5a
00001ab4
00000003
00000001
5a5a5a5a
00000000
fffffffd
00000004
5a5a5a5a
00001ab4
00000003
7fffffff
5a5a5a5a
00000000
80000003
00000004
5a5a5a5a
00001ab4
00000003
80000000
5a5a5a5a
00000000
7ffffffc
00000004
5a5a5a5a
00001ab4
00000003
ffffffff
5a5a5a5a
00000000
00000003
00000004
5a5a5a5a
00001ab4
00000003
55555555
5a5a5a5a
00000000
aaaaaaa9
00000004
5a5a5a5a
00001ab4
00000003
00000003
5a5a5a5a
00000000
ffffffff
00000004
5a5a5a5a
00001ab4
00000003
fffffffe
5a5a5a5a
00000000
00000002
00000004
5a5a5a5a
00001ab4
00000003
12345678
5a5a5a5a
00000000
edcba984
00000004
5a5a5a5a
00001ab4
fffffffe
00000000
5a5a5a5a
00000000
00000001
00000004
5a5a5a5a
00001ab4
fffffffe
00000001
5a5a5a5a
00000000
00000000
00000004
5a5a5a5a
00001ab4
fffffffe
7fffffff
5a5a5a5a
00000000
7ffffffe
00000004
5a5a5a5a
00001ab4
fffffffe
80000000
5a5a5a5a
00000000
80000001
00000004
5a5a5a5a
00001ab4
fffffffe
ffffffff
5a5a5a5a
00000000
fffffffe
00000004
5a5a5a5a
00001ab4
fffffffe
55555555
5a5a5a5a
00000000
55555554
00000004
5a5a5a5a
00001ab4
fffffffe
00000003
5a5a5a5a
00000000
00000002
00000004
5a5a5a5a
00001ab4
fffffffe
fffffffe
5a5a5a5a
00000000
ffffffff
00000004
5a5a5a5a
00001ab4
fffffffe
12345678
5a5a5a5a
00000000
12345679
00000004
5a5a5a5a
00001ab4
12345678
00000000
5a5a5a5a
00000000
edcba987
00000004
5a5a5a5a
00001ab4
12345678
00000001
5a5a5a5a
00000000
edcba986
00000004
5a5a5a5a
00001ab4
12345678
7fffffff
5a5a5a5a
00000000
92345678
00000004
5a5a5a5a
00001ab4
12345678
80000000
5a5a5a5a
00000000
6dcba987
00000004
5a5a5a5a
00001ab4
12345678
ffffffff
5a5a5a5a
00000000
12345678
00000004
5a5a5a5a
00001ab4
12345678
55555555
5a5a5a5a
00000000
b89efcd2
00000004
5a5a5a5a
00001ab4
12345678
00000003
5a5a5a5a
00000000
edcba984
00000004
5a5a5a5a
00001ab4
12345678
fffffffe
5a5a5a5a
00000000
12345679
00000004
5a5a5a5a
00001ab4
12345678
12345678
5a5a5a5a
00000000
ffffffff
00000004
5a5a5a5a
00001ab4
0fa289af
e22f2541
5b93138c
00000001
12725311
00000009
5b93138c
00001ab4
dd31fa86
f10b5773
aa1974dd
00000000
d3c5520a
00000004
aa1974dd
00001ab4
3bfda202
ee7ae150
61489bd9
00000000
2a78bcad
00000004
61489bd9
00001ab4
04cd51ef
7eb02f6d
78bbba3f
00000000
8582817d
00000004
78bbba3f
00001ab4
974a7e9d
4590ba53
ebd9c4a3
00000001
2d253b31
00000009
ebd9c4a3
00001ab4
812ca071
4fd1dd93
f2c1a899
00000001
3102821d
00000009
f2c1a899
00001ab4
dcdd71a7
2ef96513
490f196b
00000001
0ddbeb4b
00000009
490f196b
00001ab4
8278cb83
eec26d8e
a396b145
00000000
934559f2
00000004
a396b145
00001ad4
00000000
00000000
5a5a5a5a
00000000
ffffffff
00000008
5a5a5a5a
00001ad4
00000000
00000001
5a5a5a5a
00000000
fffffffe
00000008
5a5a5a5a
00001ad4
00000000
7fffffff
5a5a5a5a
00000000
80000000
00000008
5a5a5a5a
00001ad4
00000000
80000000
5a5a5a5a
00000000
7fffffff
00000000
5a5a5a5a
00001ad4
00000000
ffffffff
5a5a5a5a
00000000
00000000
00000004
5a5a5a5a
00001ad4
00000000
55555555
5a5a5a5a
00000000
aaaaaaaa
00000008
5a5a5a5a
00001ad4
00000000
00000003
5a5a5a5a
00000000
fffffffc
00000008
5a5a5a5a
00001ad4
00000000
fffffffe
5a5a5a5a
00000000
00000001
00000000
5a5a5a5a
00001ad4
00000000
12345678
5a5a5a5a
00000000
edcba987
00000008
5a5a5a5a
00001ad4
00000001
00000000
5a5a5a5a
00000000
fffffffe
00000008
5a5a5a5a
00001ad4
00000001
00000001
5a5a5a5a
00000000
ffffffff
00000008
5a5a5a5a
00001ad4
00000001
7fffffff
5a5a5a5a
00000000
80000001
00000008
5a5a5a5a
00001ad4
00000001
80000000
5a5a5a5a
00000000
7ffffffe
00000000
5a5a5a5a
00001ad4
00000001
ffffffff
5a5a5a5a
00000000
00000001
00000000
5a5a5a5a
00001ad4
00000001
55555555
5a5a5a5a
00000000
aaaaaaab
00000008
5a5a5a5a
00001ad4
00000001
00000003
5a5a5a5a
00000000
fffffffd
00000008
5a5a5a5a
00001ad4
00000001
fffffffe
5a5a5a5a
00000000
00000000
00000004
5a5a5a5a
00001ad4
00000001
12345678
5a5a5a5a
00000000
edcba986
00000008
5a5a5a5a
00001ad4
7fffffff
00000000
5a5a5a5a
00000000
80000000
00000008
5a5a5a5a
00001ad4
7fffffff
00000001
5a5a5a5a
00000000
80000001
00000008
5a5a5a5a
00001ad4
7fffffff
7fffffff
5a5a5a5a
00000000
ffffffff
00000008
5a5a5a5a
00001ad4
7fffffff
80000000
5a5a5a5a
00000000
00000000
00000004
5a5a5a5a
00001ad4
7fffffff
ffffffff
5a5a5a5a
00000000
7fffffff
00000000
5a5a5a5a
00001ad4
7fffffff
55555555
5a5a5a5a
00000000
d5555555
00000008
5a5a5a5a
00001ad4
7fffffff
00000003
5a5a5a5a
00000000
80000003
00000008
5a5a5a5a
00001ad4
7fffffff
fffffffe
5a5a5a5a
00000000
7ffffffe
00000000
5a5a5a5a
00001ad4
7fffffff
12345678
5a5a5a5a
00000000
92345678
00000008
5a5a5a5a
00001ad4
80000000
00000000
5a5a5a5a
00000000
7fffffff
00000000
5a5a5a5a
00001ad4
80000000
00000001
5a5a5a5a
00000000
7ffffffe
00000000
5a5a5a5a
00001ad4
80000000
7fffffff
5a5a5a5a
00000000
00000000
00000004
5a5a5a5a
00001ad4
80000000
80000000
5a5a5a5a
00000000
ffffffff
00000008
5a5a5a5a
00001ad4
80000000
ffffffff
5a5a5a5a
00000000
80000000
00000008
5a5a5a5a
00001ad4
80000000
55555555
5a5a5a5a
00000000
2aaaaaaa
00000000
5a5a5a5a
00001ad4
80000000
00000003
5a5a5a5a
00000000
7ffffffc
00000000
5a5a5a5a
00001ad4
80000000
fffffffe
5a5a5a5a
00000000
80000001
00000008
5a5a5a5a
00001ad4
80000000
12345678
5a5a5a5a
00000000
6dcba987
00000000
5a5a5a5a
00001ad4
ffffffff
00000000
5a5a5a5a
00000000
00000000
00000004
5a5a5a5a
00001ad4
ffffffff
00000001
5a5a5a5a
00000000
00000001
00000000
5a5a5a5a
00001ad4
ffffffff
7fffffff
5a5a5a5a
00000000
7fffffff
00000000
5a5a5a5a
00001ad4
ffffffff
80000000
5a5a5a5a
00000000
80000000
00000008
5a5a5a5a
00001ad4
ffffffff
ffffffff
5a5a5a5a
00000000
ffffffff
00000008
5a5a5a5a
00001ad4
ffffffff
55555555
5a5a5a5a
00000000
55555555
00000000
5a5a5a5a
00001ad4
ffffffff
00000003
5a5a5a5a
00000000
00000003
00000000
5a5a5a5a
00001ad4
ffffffff
fffffffe
5a5a5a5a
00000000
fffffffe
00000008
5a5a5a5a
00001ad4
ffffffff
12345678
5a5a5a5a
00000000
12345678
00000000
5a5a5a5a
00001ad4
55555555
00000000
5a5a5a5a
00000000
aaaaaaaa
00000008
5a5a5a5a
00001ad4
55555555
00000001
5a5a5a5a
00000000
aaaaaaab
00000008
5a5a5a5a
00001ad4
55555555
7fffffff
5a5a5a5a
00000000
d5555555
00000008
5a5a5a5a
00001ad4
55555555
80000000
5a5a5a5a
00000000
2aaaaaaa
00000000
5a5a5a5a
00001ad4
55555555
ffffffff
5a5a5a5a
00000000
55555555
00000000
5a5a5a5a
00001ad4
55555555
55555555
5a5a5a5a
00000000
ffffffff
00000008
5a5a5a5a
00001ad4
55555555
00000003
5a5a5a5a
00000000
aaaaaaa9
00000008
5a5a5a5a
00001ad4
55555555
fffffffe
5a5a5a5a
00000000
55555554
00000000
5a5a5a5a
00001ad4
55555555
12345678
5a5a5a5a
00000000
b89efcd2
00000008
5a5a5a5a
00001ad4
00000003
00000000
5a5a5a5a
00000000
fffffffc
00000008
5a5a5a5a
00001ad4
00000003
00000001
5a5a5a5a
00000000
fffffffd
00000008
5a5a5a5a
00001ad4
00000003
7fffffff
5a5a5a5a
00000000
80000003
00000008
5a5a5a5a
00001ad4
00000003
80000000
5a5a5a5a
00000000
7ffffffc
00000000
5a5a5a5a
00001ad4
00000003
ffffffff
5a5a5a5a
00000000
00000003
00000000
5a5a5a5a
00001ad4
00000003
55555555
5a5a5a5a
00000000
aaaaaaa9
00000008
5a5a5a5a
00001ad4
00000003
00000003
5a5a5a5a
00000000
ffffffff
00000008
5a5a5a5a
00001ad4
00000003
fffffffe
5a5a5a5a
00000000
00000002
00000000
5a5a5a5a
00001ad4
00000003
12345678
5a5a5a5a
00000000
edcba984
00000008
5a5a5a5a
00001ad4
fffffffe
00000000
5a5a5a5a
00000000
00000001
00000000
5a5a5a5a
00001ad4
fffffffe
00000001
5a5a5a5a
00000000
00000000
00000004
5a5a5a5a
00001ad4
fffffffe
7fffffff
5a5a5a5a
00000000
7ffffffe
00000000
5a5a5a5a
00001ad4
fffffffe
80000000
5a5a5a5a
00000000
80000001
00000008
5a5a5a5a
00001ad4
fffffffe
ffffffff
5a5a5a5a
00000000
fffffffe
00000008
5a5a5a5a
00001ad4
fffffffe
55555555
5a5a5a5a
00000000
55555554
00000000
5a5a5a5a
00001ad4
fffffffe
00000003
5a5a5a5a
00000000
00000002
00000000
5a5a5a5a
00001ad4
fffffffe
fffffffe
5a5a5a5a
00000000
ffffffff
00000008
5a5a5a5a
00001ad4
fffffffe
12345678
5a5a5a5a
00000000
12345679
00000000
5a5a5a5a
00001ad4
12345678
00000000
5a5a5a5a
00000000
edcba987
00000008
5a5a5a5a
00001ad4
12345678
00000001
5a5a5a5a
00000000
edcba986
00000008
5a5a5a5a
00001ad4
12345678
7fffffff
5a5a5a5a
00000000
92345678
00000008
5a5a5a5a
00001ad4
12345678
80000000
5a5a5a5a
00000000
6dcba987
00000000
5a5a5a5a
00001ad4
12345678
ffffffff
5a5a5a5a
00000000
12345678
00000000
5a5a5a5a
00001ad4
12345678
55555555
5a5a5a5a
00000000
b89efcd2
00000008
5a5a5a5a
00001ad4
12345678
00000003
5a5a5a5a
00000000
edcba984
00000008
5a5a5a5a
00001ad4
12345678
fffffffe
5a5a5a5a
00000000
12345679
00000000
5a5a5a5a
00001ad4
12345678
12345678
5a5a5a5a
00000000
ffffffff
00000008
5a5a5a5a
00001ad4
09292ed9
26bfb066
df3b9e57
00000001
d0696140
00000008
df3b9e57
00001ad4
45fdcf85
ab2028b3
074dc00a
00000001
112218c9
00000000
074dc00a
00001ad4
8a18adf3
d48bc6a8
0046f98c
00000001
a16c94a4
00000008
0046f98c
00001ad4
7c756c5b
2a23158f
bd9012c4
00000000
a9a9862b
00000008
bd9012c4
00001ad4
d2a7d8fc
c9656312
35813fd0
00000001
e43d4411
00000008
35813fd0
00001ad4
18d14104
0469f534
c48ff645
00000000
e3474bcf
00000008
c48ff645
00001ad4
1b91bdc1
a6ffce68
2128b4f6
00000001
42918c56
00000000
2128b4f6
00001ad4
869be4fc
9011fde8
919483a1
00000001
e975e6eb
00000008
919483a1
00001af4
00000001
00000000
00000000
00000000
00000001
00000004
00000000
00001af4
00000001
00000001
00000000
00000000
00000002
00000004
00000000
00001af4
00000001
00000002
00000000
00000000
00000004
00000004
00000000
00001af4
00000001
0000000f
00000000
00000000
00008000
00000004
00000000
00001af4
00000001
00000010
00000000
00000000
00010000
00000004
00000000
00001af4
00000001
0000001f
00000000
00000000
80000000
00000004
00000000
00001af4
00000001
00000020
00000000
00000000
00000001
00000004
00000000
00001af4
00000001
00000021
00000000
00000000
00000002
00000004
00000000
00001af4
00000001
0000003f
00000000
00000000
80000000
00000004
00000000
00001af4
00000001
ffffffe1
00000000
00000000
00000002
00000004
00000000
00001af4
80000000
00000000
00000000
00000000
80000000
00000004
00000000
00001af4
80000000
00000001
00000000
00000000
00000000
00000004
00000000
00001af4
80000000
00000002
00000000
00000000
00000000
00000004
00000000
00001af4
80000000
0000000f
00000000
00000000
00000000
00000004
00000000
00001af4
80000000
00000010
00000000
00000000
00000000
00000004
00000000
00001af4
80000000
0000001f
00000000
00000000
00000000
00000004
00000000
00001af4
80000000
00000020
00000000
00000000
80000000
00000004
00000000
00001af4
80000000
00000021
00000000
00000000
00000000
00000004
00000000
00001af4
80000000
0000003f
00000000
00000000
00000000
00000004
00000000
00001af4
80000000
ffffffe1
00000000
00000000
00000000
00000004
00000000
00001af4
ffffffff
00000000
00000000
00000000
ffffffff
00000004
00000000
00001af4
ffffffff
00000001
00000000
00000000
fffffffe
00000004
00000000
00001af4
ffffffff
00000002
00000000
00000000
fffffffc
00000004
00000000
00001af4
ffffffff
0000000f
00000000
00000000
ffff8000
00000004
00000000
00001af4
ffffffff
00000010
00000000
00000000
ffff0000
00000004
00000000
00001af4
ffffffff
0000001f
00000000
00000000
80000000
00000004
00000000
00001af4
ffffffff
00000020
00000000
00000000
ffffffff
00000004
00000000
00001af4
ffffffff
00000021
00000000
00000000
fffffffe
00000004
00000000
00001af4
ffffffff
0000003f
00000000
00000000
80000000
00000004
00000000
00001af4
ffffffff
ffffffe1
00000000
00000000
fffffffe
00000004
00000000
00001af4
12345678
00000000
00000000
00000000
12345678
00000004
00000000
00001af4
12345678
00000001
00000000
00000000
2468acf0
00000004
00000000
00001af4
12345678
00000002
00000000
00000000
48d159e0
00000004
00000000
00001af4
12345678
0000000f
00000000
00000000
2b3c0000
00000004
00000000
00001af4
12345678
00000010
00000000
00000000
56780000
00000004
00000000
00001af4
12345678
0000001f
00000000
00000000
00000000
00000004
00000000
00001af4
12345678
00000020
00000000
00000000
12345678
00000004
00000000
00001af4
12345678
00000021
00000000
00000000
2468acf0
00000004
00000000
00001af4
12345678
0000003f
00000000
00000000
00000000
00000004
00000000
00001af4
12345678
ffffffe1
00000000
00000000
2468acf0
00000004
00000000
00001af4
7fffffff
00000000
00000000
00000000
7fffffff
00000004
00000000
00001af4
7fffffff
00000001
00000000
00000000
fffffffe
00000004
00000000
00001af4
7fffffff
00000002
00000000
00000000
fffffffc
00000004
00000000
00001af4
7fffffff
0000000f
00000000
00000000
ffff8000
00000004
00000000
00001af4
7fffffff
00000010
00000000
00000000
ffff0000
00000004
00000000
00001af4
7fffffff
0000001f
00000000
00000000
80000000
00000004
00000000
00001af4
7fffffff
00000020
00000000
00000000
7fffffff
00000004
00000000
00001af4
7fffffff
00000021
00000000
00000000
fffffffe
00000004
00000000
00001af4
7fffffff
0000003f
00000000
00000000
80000000
00000004
00000000
00001af4
7fffffff
ffffffe1
00000000
00000000
fffffffe
00000004
00000000
00001af4
aaaaaaaa
00000000
00000000
00000000
aaaaaaaa
00000004
00000000
00001af4
aaaaaaaa
00000001
00000000
00000000
55555554
00000004
00000000
00001af4
aaaaaaaa
00000002
00000000
00000000
aaaaaaa8
00000004
00000000
00001af4
aaaaaaaa
0000000f
00000000
00000000
55550000
00000004
00000000
00001af4
aaaaaaaa
00000010
00000000
00000000
aaaa0000
00000004
00000000
00001af4
aaaaaaaa
0000001f
00000000
00000000
00000000
00000004
00000000
00001af4
aaaaaaaa
00000020
00000000
00000000
aaaaaaaa
00000004
00000000
00001af4
aaaaaaaa
00000021
00000000
00000000
55555554
00000004
00000000
00001af4
aaaaaaaa
0000003f
00000000
00000000
00000000
00000004
00000000
00001af4
aaaaaaaa
ffffffe1
00000000
00000000
55555554
00000004
00000000
00001b14
00000001
00000000
00000000
00000000
00000001
00000004
00000000
00001b14
00000001
00000001
00000000
00000000
00000000
00000004
00000000
00001b14
00000001
00000002
00000000
00000000
00000000
00000004
00000000
00001b14
00000001
0000000f
00000000
00000000
00000000
00000004
00000000
00001b14
00000001
00000010
00000000
00000000
00000000
00000004
00000000
00001b14
00000001
0000001f
00000000
00000000
00000000
00000004
00000000
00001b14
00000001
00000020
00000000
00000000
00000001
00000004
00000000
00001b14
00000001
00000021
00000000
00000000
00000000
00000004
00000000
00001b14
00000001
0000003f
00000000
00000000
00000000
00000004
00000000
00001b14
00000001
ffffffe1
00000000
00000000
00000000
00000004
00000000
00001b14
80000000
00000000
00000000
00000000
80000000
00000004
00000000
00001b14
80000000
00000001
00000000
00000000
40000000
00000004
00000000
00001b14
80000000
00000002
00000000
00000000
20000000
00000004
00000000
00001b14
80000000
0000000f
00000000
00000000
00010000
00000004
00000000
00001b14
80000000
00000010
00000000
00000000
00008000
00000004
00000000
00001b14
80000000
0000001f
00000000
00000000
00000001
00000004
00000000
00001b14
80000000
00000020
00000000
00000000
80000000
00000004
00000000
00001b14
80000000
00000021
00000000
00000000
40000000
00000004
00000000
00001b14
80000000
0000003f
00000000
00000000
00000001
00000004
00000000
00001b14
80000000
ffffffe1
00000000
00000000
40000000
00000004
00000000
00001b14
ffffffff
00000000
00000000
00000000
ffffffff
00000004
00000000
00001b14
ffffffff
00000001
00000000
00000000
7fffffff
00000004
00000000
00001b14
ffffffff
00000002
00000000
00000000
3fffffff
00000004
00000000
00001b14
ffffffff
0000000f
00000000
00000000
0001ffff
00000004
00000000
00001b14
ffffffff
00000010
00000000
00000000
0000ffff
00000004
00000000
00001b14
ffffffff
0000001f
00000000
00000000
00000001
00000004
00000000
00001b14
ffffffff
00000020
00000000
00000000
ffffffff
00000004
00000000
00001b14
ffffffff
00000021
00000000
00000000
7fffffff
00000004
00000000
00001b14
ffffffff
0000003f
00000000
00000000
00000001
00000004
00000000
00001b14
ffffffff
ffffffe1
00000000
00000000
7fffffff
00000004
00000000
00001b14
12345678
00000000
00000000
00000000
12345678
00000004
00000000
00001b14
12345678
00000001
00000000
00000000
091a2b3c
00000004
00000000
00001b14
12345678
00000002
00000000
00000000
048d159e
00000004
00000000
00001b14
12345678
0000000f
00000000
00000000
00002468
00000004
00000000
00001b14
12345678
00000010
00000000
00000000
00001234
00000004
00000000
00001b14
12345678
0000001f
00000000
00000000
00000000
00000004
00000000
00001b14
12345678
00000020
00000000
00000000
12345678
00000004
00000000
00001b14
12345678
00000021
00000000
00000000
091a2b3c
00000004
00000000
00001b14
12345678
0000003f
00000000
00000000
00000000
00000004
00000000
00001b14
12345678
ffffffe1
00000000
00000000
091a2b3c
00000004
00000000
00001b14
7fffffff
00000000
00000000
00000000
7fffffff
00000004
00000000
00001b14
7fffffff
00000001
00000000
00000000
3fffffff
00000004
00000000
00001b14
7fffffff
00000002
00000000
00000000
1fffffff
00000004
00000000
00001b14
7fffffff
0000000f
00000000
00000000
0000ffff
00000004
00000000
00001b14
7fffffff
00000010
00000000
00000000
00007fff
00000004
00000000
00001b14
7fffffff
0000001f
00000000
00000000
00000000
00000004
00000000
00001b14
7fffffff
00000020
00000000
00000000
7fffffff
00000004
00000000
00001b14
7fffffff
00000021
00000000
00000000
3fffffff
00000004
00000000
00001b14
7fffffff
0000003f
00000000
00000000
00000000
00000004
00000000
00001b14
7fffffff
ffffffe1
00000000
00000000
3fffffff
00000004
00000000
00001b14
aaaaaaaa
00000000
00000000
00000000
aaaaaaaa
00000004
00000000
00001b14
aaaaaaaa
00000001
00000000
00000000
55555555
00000004
00000000
00001b14
aaaaaaaa
00000002
00000000
00000000
2aaaaaaa
00000004
00000000
00001b14
aaaaaaaa
0000000f
00000000
00000000
00015555
00000004
00000000
00001b14
aaaaaaaa
00000010
00000000
00000000
0000aaaa
00000004
00000000
00001b14
aaaaaaaa
0000001f
00000000
00000000
00000001
00000004
00000000
00001b14
aaaaaaaa
00000020
00000000
00000000
aaaaaaaa
00000004
00000000
00001b14
aaaaaaaa
00000021
00000000
00000000
55555555
00000004
00000000
00001b14
aaaaaaaa
0000003f
00000000
00000000
00000001
00000004
00000000
00001b14
aaaaaaaa
ffffffe1
00000000
00000000
55555555
00000004
00000000
00001b34
00000001
00000000
00000000
00000000
00000001
00000004
00000000
00001b34
00000001
00000001
00000000
00000000
00000000
00000004
00000000
00001b34
00000001
00000002
00000000
00000000
00000000
00000004
00000000
00001b34
00000001
0000000f
00000000
00000000
00000000
00000004
00000000
00001b34
00000001
00000010
00000000
00000000
00000000
00000004
00000000
00001b34
00000001
0000001f
00000000
00000000
00000000
00000004
00000000
00001b34
00000001
00000020
00000000
00000000
00000001
00000004
00000000
00001b34
00000001
00000021
00000000
00000000
00000000
00000004
00000000
00001b34
00000001
0000003f
00000000
00000000
00000000
00000004
00000000
00001b34
00000001
ffffffe1
00000000
00000000
00000000
00000004
00000000
00001b34
80000000
00000000
00000000
00000000
80000000
00000004
00000000
00001b34
80000000
00000001
00000000
00000000
c0000000
00000004
00000000
00001b34
80000000
00000002
00000000
00000000
e0000000
00000004
00000000
00001b34
80000000
0000000f
00000000
00000000
ffff0000
00000004
00000000
00001b34
80000000
00000010
00000000
00000000
ffff8000
00000004
00000000
00001b34
80000000
0000001f
00000000
00000000
ffffffff
00000004
00000000
00001b34
80000000
00000020
00000000
00000000
80000000
00000004
00000000
00001b34
80000000
00000021
00000000
00000000
c0000000
00000004
00000000
00001b34
80000000
0000003f
00000000
00000000
ffffffff
00000004
00000000
00001b34
80000000
ffffffe1
00000000
00000000
c0000000
00000004
00000000
00001b34
ffffffff
00000000
00000000
00000000
ffffffff
00000004
00000000
00001b34
ffffffff
00000001
00000000
00000000
ffffffff
00000004
00000000
00001b34
ffffffff
00000002
00000000
00000000
ffffffff
00000004
00000000
00001b34
ffffffff
0000000f
00000000
00000000
ffffffff
00000004
00000000
00001b34
ffffffff
00000010
00000000
00000000
ffffffff
00000004
00000000
00001b34
ffffffff
0000001f
00000000
00000000
ffffffff
00000004
00000000
00001b34
ffffffff
00000020
00000000
00000000
ffffffff
00000004
00000000
00001b34
ffffffff
00000021
00000000
00000000
ffffffff
00000004
00000000
00001b34
ffffffff
0000003f
00000000
00000000
ffffffff
00000004
00000000
00001b34
ffffffff
ffffffe1
00000000
00000000
ffffffff
00000004
00000000
00001b34
12345678
00000000
00000000
00000000
12345678
00000004
00000000
00001b34
12345678
00000001
00000000
00000000
091a2b3c
00000004
00000000
00001b34
12345678
00000002
00000000
00000000
048d159e
00000004
00000000
00001b34
12345678
0000000f
00000000
00000000
00002468
00000004
00000000
00001b34
12345678
00000010
00000000
00000000
00001234
00000004
00000000
00001b34
12345678
0000001f
00000000
00000000
00000000
00000004
00000000
00001b34
12345678
00000020
00000000
00000000
12345678
00000004
00000000
00001b34
12345678
00000021
00000000
00000000
091a2b3c
00000004
00000000
00001b34
12345678
0000003f
00000000
00000000
00000000
00000004
00000000
00001b34
12345678
ffffffe1
00000000
00000000
091a2b3c
00000004
00000000
00001b34
7fffffff
00000000
00000000
00000000
7fffffff
00000004
00000000
00001b34
7fffffff
00000001
00000000
00000000
3fffffff
00000004
00000000
00001b34
7fffffff
00000002
00000000
00000000
1fffffff
00000004
00000000
00001b34
7fffffff
0000000f
00000000
00000000
0000ffff
00000004
00000000
00001b34
7fffffff
00000010
00000000
00000000
00007fff
00000004
00000000
00001b34
7fffffff
0000001f
00000000
00000000
00000000
00000004
00000000
00001b34
7fffffff
00000020
00000000
00000000
7fffffff
00000004
00000000
00001b34
7fffffff
00000021
00000000
00000000
3fffffff
00000004
00000000
00001b34
7fffffff
0000003f
00000000
00000000
00000000
00000004
00000000
00001b34
7fffffff
ffffffe1
00000000
00000000
3fffffff
00000004
00000000
00001b34
aaaaaaaa
00000000
00000000
00000000
aaaaaaaa
00000004
00000000
00001b34
aaaaaaaa
00000001
00000000
00000000
d5555555
00000004
00000000
00001b34
aaaaaaaa
00000002
00000000
00000000
eaaaaaaa
00000004
00000000
00001b34
aaaaaaaa
0000000f
00000000
00000000
ffff5555
00000004
00000000
00001b34
aaaaaaaa
00000010
00000000
00000000
ffffaaaa
00000004
00000000
00001b34
aaaaaaaa
0000001f
00000000
00000000
ffffffff
00000004
00000000
00001b34
aaaaaaaa
00000020
00000000
00000000
aaaaaaaa
00000004
00000000
00001b34
aaaaaaaa
00000021
00000000
00000000
d5555555
00000004
00000000
00001b34
aaaaaaaa
0000003f
00000000
00000000
ffffffff
00000004
00000000
00001b34
aaaaaaaa
ffffffe1
00000000
00000000
d5555555
00000004
00000000
00001b54
00000000
00000000
5a5a5a5a
00000000
00000000
00000004
00000000
00001b54
00000000
00000001
5a5a5a5a
00000000
00000000
00000004
00000000
00001b54
00000000
7fffffff
5a5a5a5a
00000000
00000000
00000004
00000000
00001b54
00000000
80000000
5a5a5a5a
00000000
00000000
00000004
00000000
00001b54
00000000
ffffffff
5a5a5a5a
00000000
00000000
00000004
00000000
00001b54
00000000
55555555
5a5a5a5a
00000000
00000000
00000004
00000000
00001b54
00000000
00000003
5a5a5a5a
00000000
00000000
00000004
00000000
00001b54
00000000
fffffffe
5a5a5a5a
00000000
00000000
00000004
00000000
00001b54
00000000
12345678
5a5a5a5a
00000000
00000000
00000004
00000000
00001b54
00000001
00000000
5a5a5a5a
00000000
00000000
00000004
00000000
00001b54
00000001
00000001
5a5a5a5a
00000000
00000001
00000004
00000000
00001b54
00000001
7fffffff
5a5a5a5a
00000000
7fffffff
00000004
00000000
00001b54
00000001
80000000
5a5a5a5a
00000000
80000000
00000004
00000000
00001b54
00000001
ffffffff
5a5a5a5a
00000000
ffffffff
00000004
00000000
00001b54
00000001
55555555
5a5a5a5a
00000000
55555555
00000004
00000000
00001b54
00000001
00000003
5a5a5a5a
00000000
00000003
00000004
00000000
00001b54
00000001
fffffffe
5a5a5a5a
00000000
fffffffe
00000004
00000000
00001b54
00000001
12345678
5a5a5a5a
00000000
12345678
00000004
00000000
00001b54
7fffffff
00000000
5a5a5a5a
00000000
00000000
00000004
00000000
00001b54
7fffffff
00000001
5a5a5a5a
00000000
7fffffff
00000004
00000000
00001b54
7fffffff
7fffffff
5a5a5a5a
00000000
00000001
00000004
3fffffff
00001b54
7fffffff
80000000
5a5a5a5a
00000000
80000000
00000004
3fffffff
00001b54
7fffffff
ffffffff
5a5a5a5a
00000000
80000001
00000004
7ffffffe
00001b54
7fffffff
55555555
5a5a5a5a
00000000
2aaaaaab
00000004
2aaaaaaa
00001b54
7fffffff
00000003
5a5a5a5a
00000000
7ffffffd
00000004
00000001
00001b54
7fffffff
fffffffe
5a5a5a5a
00000000
00000002
00000004
7ffffffe
00001b54
7fffffff
12345678
5a5a5a5a
00000000
edcba988
00000004
091a2b3b
00001b54
80000000
00000000
5a5a5a5a
00000000
00000000
00000004
00000000
00001b54
80000000
00000001
5a5a5a5a
00000000
80000000
00000004
00000000
00001b54
80000000
7fffffff
5a5a5a5a
00000000
80000000
00000004
3fffffff
00001b54
80000000
80000000
5a5a5a5a
00000000
00000000
00000004
40000000
00001b54
80000000
ffffffff
5a5a5a5a
00000000
80000000
00000004
7fffffff
00001b54
80000000
55555555
5a5a5a5a
00000000
80000000
00000004
2aaaaaaa
00001b54
80000000
00000003
5a5a5a5a
00000000
80000000
00000004
00000001
00001b54
80000000
fffffffe
5a5a5a5a
00000000
00000000
00000004
7fffffff
00001b54
80000000
12345678
5a5a5a5a
00000000
00000000
00000004
091a2b3c
00001b54
ffffffff
00000000
5a5a5a5a
00000000
00000000
00000004
00000000
00001b54
ffffffff
00000001
5a5a5a5a
00000000
ffffffff
00000004
00000000
00001b54
ffffffff
7fffffff
5a5a5a5a
00000000
80000001
00000004
7ffffffe
00001b54
ffffffff
80000000
5a5a5a5a
00000000
80000000
00000004
7fffffff
00001b54
ffffffff
ffffffff
5a5a5a5a
00000000
00000001
00000004
fffffffe
00001b54
ffffffff
55555555
5a5a5a5a
00000000
aaaaaaab
00000004
55555554
00001b54
ffffffff
00000003
5a5a5a5a
00000000
fffffffd
00000004
00000002
00001b54
ffffffff
fffffffe
5a5a5a5a
00000000
00000002
00000004
fffffffd
00001b54
ffffffff
12345678
5a5a5a5a
00000000
edcba988
00000004
12345677
00001b54
55555555
00000000
5a5a5a5a
00000000
00000000
00000004
00000000
00001b54
55555555
00000001
5a5a5a5a
00000000
55555555
00000004
00000000
00001b54
55555555
7fffffff
5a5a5a5a
00000000
2aaaaaab
00000004
2aaaaaaa
00001b54
55555555
80000000
5a5a5a5a
00000000
80000000
00000004
2aaaaaaa
00001b54
55555555
ffffffff
5a5a5a5a
00000000
aaaaaaab
00000004
55555554
00001b54
55555555
55555555
5a5a5a5a
00000000
38e38e39
00000004
1c71c71c
00001b54
55555555
00000003
5a5a5a5a
00000000
ffffffff
00000004
00000000
00001b54
55555555
fffffffe
5a5a5a5a
00000000
55555556
00000004
55555554
00001b54
55555555
12345678
5a5a5a5a
00000000
f9ee8dd8
00000004
06117227
00001b54
00000003
00000000
5a5a5a5a
00000000
00000000
00000004
00000000
00001b54
00000003
00000001
5a5a5a5a
00000000
00000003
00000004
00000000
00001b54
00000003
7fffffff
5a5a5a5a
00000000
7ffffffd
00000004
00000001
00001b54
00000003
80000000
5a5a5a5a
00000000
80000000
00000004
00000001
00001b54
00000003
ffffffff
5a5a5a5a
00000000
fffffffd
00000004
00000002
00001b54
00000003
55555555
5a5a5a5a
00000000
ffffffff
00000004
00000000
00001b54
00000003
00000003
5a5a5a5a
00000000
00000009
00000004
00000000
00001b54
00000003
fffffffe
5a5a5a5a
00000000
fffffffa
00000004
00000002
00001b54
00000003
12345678
5a5a5a5a
00000000
369d0368
00000004
00000000
00001b54
fffffffe
00000000
5a5a5a5a
00000000
00000000
00000004
00000000
00001b54
fffffffe
00000001
5a5a5a5a
00000000
fffffffe
00000004
00000000
00001b54
fffffffe
7fffffff
5a5a5a5a
00000000
00000002
00000004
7ffffffe
00001b54
fffffffe
80000000
5a5a5a5a
00000000
00000000
00000004
7fffffff
00001b54
fffffffe
ffffffff
5a5a5a5a
00000000
00000002
00000004
fffffffd
00001b54
fffffffe
55555555
5a5a5a5a
00000000
55555556
00000004
55555554
00001b54
fffffffe
00000003
5a5a5a5a
00000000
fffffffa
00000004
00000002
00001b54
fffffffe
fffffffe
5a5a5a5a
00000000
00000004
00000004
fffffffc
00001b54
fffffffe
12345678
5a5a5a5a
00000000
db975310
00000004
12345677
00001b54
12345678
00000000
5a5a5a5a
00000000
00000000
00000004
00000000
00001b54
12345678
00000001
5a5a5a5a
00000000
12345678
00000004
00000000
00001b54
12345678
7fffffff
5a5a5a5a
00000000
edcba988
00000004
091a2b3b
00001b54
12345678
80000000
5a5a5a5a
00000000
00000000
00000004
091a2b3c
00001b54
12345678
ffffffff
5a5a5a5a
00000000
edcba988
00000004
12345677
00001b54
12345678
55555555
5a5a5a5a
00000000
f9ee8dd8
00000004
06117227
00001b54
12345678
00000003
5a5a5a5a
00000000
369d0368
00000004
00000000
00001b54
12345678
fffffffe
5a5a5a5a
00000000
db975310
00000004
12345677
00001b54
12345678
12345678
5a5a5a5a
00000000
1df4d840
00000004
014b66dc
00001b54
d18686e7
27301501
a22e76b5
00000001
56e779e7
00000009
2012d8f7
00001b54
23d8d5ee
8f636c4b
ea88dbab
00000001
a7d114ba
00000009
14140b84
00001b54
433abcf6
134b5b28
c5132140
00000000
006af870
00000004
0511262c
00001b54
73961369
3376879d
86626cd0
00000001
e4ac4665
00000009
173c6a45
00001b54
06d69962
2496e249
560c7329
00000000
0e0640f2
00000004
00fa355b
00001b54
1b2ab157
401ed25d
8eb59213
00000001
6c2dca9b
00000009
06cdf1a9
00001b54
e0d9ab3d
6fb9015c
f31bc8ad
00000000
d9f9c6ec
00000004
6220dfbd
00001b54
c0ad2b12
0f982bcf
4476d5dc
00000000
82f1d98e
00000004
0bbcad50
00001b74
00000000
00000000
5a5a5a5a
00000000
00000000
00000004
00000000
00001b74
00000000
00000001
5a5a5a5a
00000000
00000000
00000004
00000000
00001b74
00000000
7fffffff
5a5a5a5a
00000000
00000000
00000004
00000000
00001b74
00000000
80000000
5a5a5a5a
00000000
00000000
00000004
00000000
00001b74
00000000
ffffffff
5a5a5a5a
00000000
00000000
00000004
00000000
00001b74
00000000
55555555
5a5a5a5a
00000000
00000000
00000004
00000000
00001b74
00000000
00000003
5a5a5a5a
00000000
00000000
00000004
00000000
00001b74
00000000
fffffffe
5a5a5a5a
00000000
00000000
00000004
00000000
00001b74
00000000
12345678
5a5a5a5a
00000000
00000000
00000004
00000000
00001b74
00000001
00000000
5a5a5a5a
00000000
00000000
00000004
00000000
00001b74
00000001
00000001
5a5a5a5a
00000000
00000001
00000000
00000000
00001b74
00000001
7fffffff
5a5a5a5a
00000000
7fffffff
00000000
00000000
00001b74
00000001
80000000
5a5a5a5a
00000000
80000000
00000008
00000000
00001b74
00000001
ffffffff
5a5a5a5a
00000000
ffffffff
00000008
00000000
00001b74
00000001
55555555
5a5a5a5a
00000000
55555555
00000000
00000000
00001b74
00000001
00000003
5a5a5a5a
00000000
00000003
00000000
00000000
00001b74
00000001
fffffffe
5a5a5a5a
00000000
fffffffe
00000008
00000000
00001b74
00000001
12345678
5a5a5a5a
00000000
12345678
00000000
00000000
00001b74
7fffffff
00000000
5a5a5a5a
00000000
00000000
00000004
00000000
00001b74
7fffffff
00000001
5a5a5a5a
00000000
7fffffff
00000000
00000000
00001b74
7fffffff
7fffffff
5a5a5a5a
00000000
00000001
00000000
3fffffff
00001b74
7fffffff
80000000
5a5a5a5a
00000000
80000000
00000008
3fffffff
00001b74
7fffffff
ffffffff
5a5a5a5a
00000000
80000001
00000008
7ffffffe
00001b74
7fffffff
55555555
5a5a5a5a
00000000
2aaaaaab
00000000
2aaaaaaa
00001b74
7fffffff
00000003
5a5a5a5a
00000000
7ffffffd
00000000
00000001
00001b74
7fffffff
fffffffe
5a5a5a5a
00000000
00000002
00000000
7ffffffe
00001b74
7fffffff
12345678
5a5a5a5a
00000000
edcba988
00000008
091a2b3b
00001b74
80000000
00000000
5a5a5a5a
00000000
00000000
00000004
00000000
00001b74
80000000
00000001
5a5a5a5a
00000000
80000000
00000008
00000000
00001b74
80000000
7fffffff
5a5a5a5a
00000000
80000000
00000008
3fffffff
00001b74
80000000
80000000
5a5a5a5a
00000000
00000000
00000004
40000000
00001b74
80000000
ffffffff
5a5a5a5a
00000000
80000000
00000008
7fffffff
00001b74
80000000
55555555
5a5a5a5a
00000000
80000000
00000008
2aaaaaaa
00001b74
80000000
00000003
5a5a5a5a
00000000
80000000
00000008
00000001
00001b74
80000000
fffffffe
5a5a5a5a
00000000
00000000
00000004
7fffffff
00001b74
80000000
12345678
5a5a5a5a
00000000
00000000
00000004
091a2b3c
00001b74
ffffffff
00000000
5a5a5a5a
00000000
00000000
00000004
00000000
00001b74
ffffffff
00000001
5a5a5a5a
00000000
ffffffff
00000008
00000000
00001b74
ffffffff
7fffffff
5a5a5a5a
00000000
80000001
00000008
7ffffffe
00001b74
ffffffff
80000000
5a5a5a5a
00000000
80000000
00000008
7fffffff
00001b74
ffffffff
ffffffff
5a5a5a5a
00000000
00000001
00000000
fffffffe
00001b74
ffffffff
55555555
5a5a5a5a
00000000
aaaaaaab
00000008
55555554
00001b74
ffffffff
00000003
5a5a5a5a
00000000
fffffffd
00000008
00000002
00001b74
ffffffff
fffffffe
5a5a5a5a
00000000
00000002
00000000
fffffffd
00001b74
ffffffff
12345678
5a5a5a5a
00000000
edcba988
00000008
12345677
00001b74
55555555
00000000
5a5a5a5a
00000000
00000000
00000004
00000000
00001b74
55555555
00000001
5a5a5a5a
00000000
55555555
00000000
00000000
00001b74
55555555
7fffffff
5a5a5a5a
00000000
2aaaaaab
00000000
2aaaaaaa
00001b74
55555555
80000000
5a5a5a5a
00000000
80000000
00000008
2aaaaaaa
00001b74
55555555
ffffffff
5a5a5a5a
00000000
aaaaaaab
00000008
55555554
00001b74
55555555
55555555
5a5a5a5a
00000000
38e38e39
00000000
1c71c71c
00001b74
55555555
00000003
5a5a5a5a
00000000
ffffffff
00000008
00000000
00001b74
55555555
fffffffe
5a5a5a5a
00000000
55555556
00000000
55555554
00001b74
55555555
12345678
5a5a5a5a
00000000
f9ee8dd8
00000008
06117227
00001b74
00000003
00000000
5a5a5a5a
00000000
00000000
00000004
00000000
00001b74
00000003
00000001
5a5a5a5a
00000000
00000003
00000000
00000000
00001b74
00000003
7fffffff
5a5a5a5a
00000000
7ffffffd
00000000
00000001
00001b74
00000003
80000000
5a5a5a5a
00000000
80000000
00000008
00000001
00001b74
00000003
ffffffff
5a5a5a5a
00000000
fffffffd
00000008
00000002
00001b74
00000003
55555555
5a5a5a5a
00000000
ffffffff
00000008
00000000
00001b74
00000003
00000003
5a5a5a5a
00000000
00000009
00000000
00000000
00001b74
00000003
fffffffe
5a5a5a5a
00000000
fffffffa
00000008
00000002
00001b74
00000003
12345678
5a5a5a5a
00000000
369d0368
00000000
00000000
00001b74
fffffffe
00000000
5a5a5a5a
00000000
00000000
00000004
00000000
00001b74
fffffffe
00000001
5a5a5a5a
00000000
fffffffe
00000008
00000000
00001b74
fffffffe
7fffffff
5a5a5a5a
00000000
00000002
00000000
7ffffffe
00001b74
fffffffe
80000000
5a5a5a5a
00000000
00000000
00000004
7fffffff
00001b74
fffffffe
ffffffff
5a5a5a5a
00000000
00000002
00000000
fffffffd
00001b74
fffffffe
55555555
5a5a5a5a
00000000
55555556
00000000
55555554
00001b74
fffffffe
00000003
5a5a5a5a
00000000
fffffffa
00000008
00000002
00001b74
fffffffe
fffffffe
5a5a5a5a
00000000
00000004
00000000
fffffffc
00001b74
fffffffe
12345678
5a5a5a5a
00000000
db975310
00000008
12345677
00001b74
12345678
00000000
5a5a5a5a
00000000
00000000
00000004
00000000
00001b74
12345678
00000001
5a5a5a5a
00000000
12345678
00000000
00000000
00001b74
12345678
7fffffff
5a5a5a5a
00000000
edcba988
00000008
091a2b3b
00001b74
12345678
80000000
5a5a5a5a
00000000
00000000
00000004
091a2b3c
00001b74
12345678
ffffffff
5a5a5a5a
00000000
edcba988
00000008
12345677
00001b74
12345678
55555555
5a5a5a5a
00000000
f9ee8dd8
00000008
06117227
00001b74
12345678
00000003
5a5a5a5a
00000000
369d0368
00000000
00000000
00001b74
12345678
fffffffe
5a5a5a5a
00000000
db975310
00000008
12345677
00001b74
12345678
12345678
5a5a5a5a
00000000
1df4d840
00000000
014b66dc
00001b74
9c216d20
4dd7c700
2cd4e0ac
00000001
41b3e000
00000000
2f79a743
00001b74
4808267d
e5491d07
09995efe
00000001
af3a366b
00000008
4083dceb
00001b74
0ea9b5ec
9345d955
ed022acb
00000001
462a735c
00000000
086f73a7
00001b74
3d7b66fb
850f0400
1d0bfab9
00000000
5d50ec00
00000000
1ff4b7b1
00001b74
cc41e3d5
ef9a95cd
b78dcef6
00000000
d3806a91
00000008
bf2cdadc
00001b74
1a55424f
7a144754
e4a77710
00000001
1d89aaec
00000000
0c8eb799
00001b74
7aa6e047
a9ab1f2d
d45d4d31
00000000
72eb057b
00000000
514a2676
00001b74
50d0d7b5
fb30f13c
a72a327f
00000001
74f3f36c
00000000
4f4c36ce
00001b94
00000000
00000000
5a5a5a5a
00000000
00000000
00000004
00000000
00001b94
00000000
00000001
5a5a5a5a
00000000
00000000
00000004
00000000
00001b94
00000000
7fffffff
5a5a5a5a
00000000
00000000
00000004
00000000
00001b94
00000000
80000000
5a5a5a5a
00000000
00000000
00000004
00000000
00001b94
00000000
ffffffff
5a5a5a5a
00000000
00000000
00000004
00000000
00001b94
00000000
55555555
5a5a5a5a
00000000
00000000
00000004
00000000
00001b94
00000000
00000003
5a5a5a5a
00000000
00000000
00000004
00000000
00001b94
00000000
fffffffe
5a5a5a5a
00000000
00000000
00000004
00000000
00001b94
00000000
12345678
5a5a5a5a
00000000
00000000
00000004
00000000
00001b94
00000001
00000000
5a5a5a5a
00000000
00000000
00000004
00000000
00001b94
00000001
00000001
5a5a5a5a
00000000
00000001
00000004
00000000
00001b94
00000001
7fffffff
5a5a5a5a
00000000
7fffffff
00000004
00000000
00001b94
00000001
80000000
5a5a5a5a
00000000
80000000
00000004
ffffffff
00001b94
00000001
ffffffff
5a5a5a5a
00000000
ffffffff
00000004
ffffffff
00001b94
00000001
55555555
5a5a5a5a
00000000
55555555
00000004
00000000
00001b94
00000001
00000003
5a5a5a5a
00000000
00000003
00000004
00000000
00001b94
00000001
fffffffe
5a5a5a5a
00000000
fffffffe
00000004
ffffffff
00001b94
00000001
12345678
5a5a5a5a
00000000
12345678
00000004
00000000
00001b94
7fffffff
00000000
5a5a5a5a
00000000
00000000
00000004
00000000
00001b94
7fffffff
00000001
5a5a5a5a
00000000
7fffffff
00000004
00000000
00001b94
7fffffff
7fffffff
5a5a5a5a
00000000
00000001
00000004
3fffffff
00001b94
7fffffff
80000000
5a5a5a5a
00000000
80000000
00000004
c0000000
00001b94
7fffffff
ffffffff
5a5a5a5a
00000000
80000001
00000004
ffffffff
00001b94
7fffffff
55555555
5a5a5a5a
00000000
2aaaaaab
00000004
2aaaaaaa
00001b94
7fffffff
00000003
5a5a5a5a
00000000
7ffffffd
00000004
00000001
00001b94
7fffffff
fffffffe
5a5a5a5a
00000000
00000002
00000004
ffffffff
00001b94
7fffffff
12345678
5a5a5a5a
00000000
edcba988
00000004
091a2b3b
00001b94
80000000
00000000
5a5a5a5a
00000000
00000000
00000004
00000000
00001b94
80000000
00000001
5a5a5a5a
00000000
80000000
00000004
ffffffff
00001b94
80000000
7fffffff
5a5a5a5a
00000000
80000000
00000004
c0000000
00001b94
80000000
80000000
5a5a5a5a
00000000
00000000
00000004
40000000
00001b94
80000000
ffffffff
5a5a5a5a
00000000
80000000
00000004
00000000
00001b94
80000000
55555555
5a5a5a5a
00000000
80000000
00000004
d5555555
00001b94
80000000
00000003
5a5a5a5a
00000000
80000000
00000004
fffffffe
00001b94
80000000
fffffffe
5a5a5a5a
00000000
00000000
00000004
00000001
00001b94
80000000
12345678
5a5a5a5a
00000000
00000000
00000004
f6e5d4c4
00001b94
ffffffff
00000000
5a5a5a5a
00000000
00000000
00000004
00000000
00001b94
ffffffff
00000001
5a5a5a5a
00000000
ffffffff
00000004
ffffffff
00001b94
ffffffff
7fffffff
5a5a5a5a
00000000
80000001
00000004
ffffffff
00001b94
ffffffff
80000000
5a5a5a5a
00000000
80000000
00000004
00000000
00001b94
ffffffff
ffffffff
5a5a5a5a
00000000
00000001
00000004
00000000
00001b94
ffffffff
55555555
5a5a5a5a
00000000
aaaaaaab
00000004
ffffffff
00001b94
ffffffff
00000003
5a5a5a5a
00000000
fffffffd
00000004
ffffffff
00001b94
ffffffff
fffffffe
5a5a5a5a
00000000
00000002
00000004
00000000
00001b94
ffffffff
12345678
5a5a5a5a
00000000
edcba988
00000004
ffffffff
00001b94
55555555
00000000
5a5a5a5a
00000000
00000000
00000004
00000000
00001b94
55555555
00000001
5a5a5a5a
00000000
55555555
00000004
00000000
00001b94
55555555
7fffffff
5a5a5a5a
00000000
2aaaaaab
00000004
2aaaaaaa
00001b94
55555555
80000000
5a5a5a5a
00000000
80000000
00000004
d5555555
00001b94
55555555
ffffffff
5a5a5a5a
00000000
aaaaaaab
00000004
ffffffff
00001b94
55555555
55555555
5a5a5a5a
00000000
38e38e39
00000004
1c71c71c
00001b94
55555555
00000003
5a5a5a5a
00000000
ffffffff
00000004
00000000
00001b94
55555555
fffffffe
5a5a5a5a
00000000
55555556
00000004
ffffffff
00001b94
55555555
12345678
5a5a5a5a
00000000
f9ee8dd8
00000004
06117227
00001b94
00000003
00000000
5a5a5a5a
00000000
00000000
00000004
00000000
00001b94
00000003
00000001
5a5a5a5a
00000000
00000003
00000004
00000000
00001b94
00000003
7fffffff
5a5a5a5a
00000000
7ffffffd
00000004
00000001
00001b94
00000003
80000000
5a5a5a5a
00000000
80000000
00000004
fffffffe
00001b94
00000003
ffffffff
5a5a5a5a
00000000
fffffffd
00000004
ffffffff
00001b94
00000003
55555555
5a5a5a5a
00000000
ffffffff
00000004
00000000
00001b94
00000003
00000003
5a5a5a5a
00000000
00000009
00000004
00000000
00001b94
00000003
fffffffe
5a5a5a5a
00000000
fffffffa
00000004
ffffffff
00001b94
00000003
12345678
5a5a5a5a
00000000
369d0368
00000004
00000000
00001b94
fffffffe
00000000
5a5a5a5a
00000000
00000000
00000004
00000000
00001b94
fffffffe
00000001
5a5a5a5a
00000000
fffffffe
00000004
ffffffff
00001b94
fffffffe
7fffffff
5a5a5a5a
00000000
00000002
00000004
ffffffff
00001b94
fffffffe
80000000
5a5a5a5a
00000000
00000000
00000004
00000001
00001b94
fffffffe
ffffffff
5a5a5a5a
00000000
00000002
00000004
00000000
00001b94
fffffffe
55555555
5a5a5a5a
00000000
55555556
00000004
ffffffff
00001b94
fffffffe
00000003
5a5a5a5a
00000000
fffffffa
00000004
ffffffff
00001b94
fffffffe
fffffffe
5a5a5a5a
00000000
00000004
00000004
00000000
00001b94
fffffffe
12345678
5a5a5a5a
00000000
db975310
00000004
ffffffff
00001b94
12345678
00000000
5a5a5a5a
00000000
00000000
00000004
00000000
00001b94
12345678
00000001
5a5a5a5a
00000000
12345678
00000004
00000000
00001b94
12345678
7fffffff
5a5a5a5a
00000000
edcba988
00000004
091a2b3b
00001b94
12345678
80000000
5a5a5a5a
00000000
00000000
00000004
f6e5d4c4
00001b94
12345678
ffffffff
5a5a5a5a
00000000
edcba988
00000004
ffffffff
00001b94
12345678
55555555
5a5a5a5a
00000000
f9ee8dd8
00000004
06117227
00001b94
12345678
00000003
5a5a5a5a
00000000
369d0368
00000004
00000000
00001b94
12345678
fffffffe
5a5a5a5a
00000000
db975310
00000004
ffffffff
00001b94
12345678
12345678
5a5a5a5a
00000000
1df4d840
00000004
014b66dc
00001b94
29a7f70f
1a3769f5
a70822e1
00000000
5c4d985b
00000004
0444136b
00001b94
10e91867
2177775b
c68a0b0e
00000000
fc148d9d
00000004
0235f061
00001b94
21ac9c7f
52744a93
58bbde2b
00000001
d2e692ed
00000009
0ad89626
00001b94
f9044c4c
6af97d75
df398eee
00000000
9623fabc
00000004
fd14f959
00001b94
448de8ed
fda3706e
e15fc688
00000001
12c8c5d6
00000009
ff5e1abc
00001b94
9b108695
25d9366a
c895bf35
00000000
4e8827b2
00000004
f113bf01
00001b94
cd371838
98ba38b0
5b234cbf
00000001
fbdce680
00000009
147cacf1
00001b94
fa0e7bc3
1bb03430
9d608392
00000000
7aead090
00000004
ff5b6fcc
00001bb4
00000000
00000000
5a5a5a5a
00000000
00000000
00000004
00000000
00001bb4
00000000
00000001
5a5a5a5a
00000000
00000000
00000004
00000000
00001bb4
00000000
7fffffff
5a5a5a5a
00000000
00000000
00000004
00000000
00001bb4
00000000
80000000
5a5a5a5a
00000000
00000000
00000004
00000000
00001bb4
00000000
ffffffff
5a5a5a5a
00000000
00000000
00000004
00000000
00001bb4
00000000
55555555
5a5a5a5a
00000000
00000000
00000004
00000000
00001bb4
00000000
00000003
5a5a5a5a
00000000
00000000
00000004
00000000
00001bb4
00000000
fffffffe
5a5a5a5a
00000000
00000000
00000004
00000000
00001bb4
00000000
12345678
5a5a5a5a
00000000
00000000
00000004
00000000
00001bb4
00000001
00000000
5a5a5a5a
00000000
00000000
00000004
00000000
00001bb4
00000001
00000001
5a5a5a5a
00000000
00000001
00000000
00000000
00001bb4
00000001
7fffffff
5a5a5a5a
00000000
7fffffff
00000000
00000000
00001bb4
00000001
80000000
5a5a5a5a
00000000
80000000
00000008
ffffffff
00001bb4
00000001
ffffffff
5a5a5a5a
00000000
ffffffff
00000008
ffffffff
00001bb4
00000001
55555555
5a5a5a5a
00000000
55555555
00000000
00000000
00001bb4
00000001
00000003
5a5a5a5a
00000000
00000003
00000000
00000000
00001bb4
00000001
fffffffe
5a5a5a5a
00000000
fffffffe
00000008
ffffffff
00001bb4
00000001
12345678
5a5a5a5a
00000000
12345678
00000000
00000000
00001bb4
7fffffff
00000000
5a5a5a5a
00000000
00000000
00000004
00000000
00001bb4
7fffffff
00000001
5a5a5a5a
00000000
7fffffff
00000000
00000000
00001bb4
7fffffff
7fffffff
5a5a5a5a
00000000
00000001
00000000
3fffffff
00001bb4
7fffffff
80000000
5a5a5a5a
00000000
80000000
00000008
c0000000
00001bb4
7fffffff
ffffffff
5a5a5a5a
00000000
80000001
00000008
ffffffff
00001bb4
7fffffff
55555555
5a5a5a5a
00000000
2aaaaaab
00000000
2aaaaaaa
00001bb4
7fffffff
00000003
5a5a5a5a
00000000
7ffffffd
00000000
00000001
00001bb4
7fffffff
fffffffe
5a5a5a5a
00000000
00000002
00000000
ffffffff
00001bb4
7fffffff
12345678
5a5a5a5a
00000000
edcba988
00000008
091a2b3b
00001bb4
80000000
00000000
5a5a5a5a
00000000
00000000
00000004
00000000
00001bb4
80000000
00000001
5a5a5a5a
00000000
80000000
00000008
ffffffff
00001bb4
80000000
7fffffff
5a5a5a5a
00000000
80000000
00000008
c0000000
00001bb4
80000000
80000000
5a5a5a5a
00000000
00000000
00000004
40000000
00001bb4
80000000
ffffffff
5a5a5a5a
00000000
80000000
00000008
00000000
00001bb4
80000000
55555555
5a5a5a5a
00000000
80000000
00000008
d5555555
00001bb4
80000000
00000003
5a5a5a5a
00000000
80000000
00000008
fffffffe
00001bb4
80000000
fffffffe
5a5a5a5a
00000000
00000000
00000004
00000001
00001bb4
80000000
12345678
5a5a5a5a
00000000
00000000
00000004
f6e5d4c4
00001bb4
ffffffff
00000000
5a5a5a5a
00000000
00000000
00000004
00000000
00001bb4
ffffffff
00000001
5a5a5a5a
00000000
ffffffff
00000008
ffffffff
00001bb4
ffffffff
7fffffff
5a5a5a5a
00000000
80000001
00000008
ffffffff
00001bb4
ffffffff
80000000
5a5a5a5a
00000000
80000000
00000008
00000000
00001bb4
ffffffff
ffffffff
5a5a5a5a
00000000
00000001
00000000
00000000
00001bb4
ffffffff
55555555
5a5a5a5a
00000000
aaaaaaab
00000008
ffffffff
00001bb4
ffffffff
00000003
5a5a5a5a
00000000
fffffffd
00000008
ffffffff
00001bb4
ffffffff
fffffffe
5a5a5a5a
00000000
00000002
00000000
00000000
00001bb4
ffffffff
12345678
5a5a5a5a
00000000
edcba988
00000008
ffffffff
00001bb4
55555555
00000000
5a5a5a5a
00000000
00000000
00000004
00000000
00001bb4
55555555
00000001
5a5a5a5a
00000000
55555555
00000000
00000000
00001bb4
55555555
7fffffff
5a5a5a5a
00000000
2aaaaaab
00000000
2aaaaaaa
00001bb4
55555555
80000000
5a5a5a5a
00000000
80000000
00000008
d5555555
00001bb4
55555555
ffffffff
5a5a5a5a
00000000
aaaaaaab
00000008
ffffffff
00001bb4
55555555
55555555
5a5a5a5a
00000000
38e38e39
00000000
1c71c71c
00001bb4
55555555
00000003
5a5a5a5a
00000000
ffffffff
00000008
00000000
00001bb4
55555555
fffffffe
5a5a5a5a
00000000
55555556
00000000
ffffffff
00001bb4
55555555
12345678
5a5a5a5a
00000000
f9ee8dd8
00000008
06117227
00001bb4
00000003
00000000
5a5a5a5a
00000000
00000000
00000004
00000000
00001bb4
00000003
00000001
5a5a5a5a
00000000
00000003
00000000
00000000
00001bb4
00000003
7fffffff
5a5a5a5a
00000000
7ffffffd
00000000
00000001
00001bb4
00000003
80000000
5a5a5a5a
00000000
80000000
00000008
fffffffe
00001bb4
00000003
ffffffff
5a5a5a5a
00000000
fffffffd
00000008
ffffffff
00001bb4
00000003
55555555
5a5a5a5a
00000000
ffffffff
00000008
00000000
00001bb4
00000003
00000003
5a5a5a5a
00000000
00000009
00000000
00000000
00001bb4
00000003
fffffffe
5a5a5a5a
00000000
fffffffa
00000008
ffffffff
00001bb4
00000003
12345678
5a5a5a5a
00000000
369d0368
00000000
00000000
00001bb4
fffffffe
00000000
5a5a5a5a
00000000
00000000
00000004
00000000
00001bb4
fffffffe
00000001
5a5a5a5a
00000000
fffffffe
00000008
ffffffff
00001bb4
fffffffe
7fffffff
5a5a5a5a
00000000
00000002
00000000
ffffffff
00001bb4
fffffffe
80000000
5a5a5a5a
00000000
00000000
00000004
00000001
00001bb4
fffffffe
ffffffff
5a5a5a5a
00000000
00000002
00000000
00000000
00001bb4
fffffffe
55555555
5a5a5a5a
00000000
55555556
00000000
ffffffff
00001bb4
fffffffe
00000003
5a5a5a5a
00000000
fffffffa
00000008
ffffffff
00001bb4
fffffffe
fffffffe
5a5a5a5a
00000000
00000004
00000000
00000000
00001bb4
fffffffe
12345678
5a5a5a5a
00000000
db975310
00000008
ffffffff
00001bb4
12345678
00000000
5a5a5a5a
00000000
00000000
00000004
00000000
00001bb4
12345678
00000001
5a5a5a5a
00000000
12345678
00000000
00000000
00001bb4
12345678
7fffffff
5a5a5a5a
00000000
edcba988
00000008
091a2b3b
00001bb4
12345678
80000000
5a5a5a5a
00000000
00000000
00000004
f6e5d4c4
00001bb4
12345678
ffffffff
5a5a5a5a
00000000
edcba988
00000008
ffffffff
00001bb4
12345678
55555555
5a5a5a5a
00000000
f9ee8dd8
00000008
06117227
00001bb4
12345678
00000003
5a5a5a5a
00000000
369d0368
00000000
00000000
00001bb4
12345678
fffffffe
5a5a5a5a
00000000
db975310
00000008
ffffffff
00001bb4
12345678
12345678
5a5a5a5a
00000000
1df4d840
00000000
014b66dc
00001bb4
10b58280
0626c55a
421e7400
00000000
ec3c6100
00000008
0066c8e1
00001bb4
8a68dba9
96030037
0805ebbd
00000001
5582314f
00000000
30af342d
00001bb4
b455ac91
bf03a217
594bfbb3
00000001
9f994307
00000008
13352c47
00001bb4
d3eb6e92
10b0fd0f
0e52a2fb
00000001
3b71c48e
00000000
fd203d32
00001bb4
8f4de4bf
d7bbd939
1ca458c3
00000001
6fc2d587
00000000
11b9d4a3
00001bb4
3daee4a6
66ac76b5
53891572
00000000
fd942d5e
00000008
18bd3d35
00001bb4
b59038bc
5b3e79f0
9410f35b
00000001
f38e0c40
00000008
e57819a3
00001bb4
0cffa1ac
fb5b3fc6
f9ff0a10
00000001
12a45f08
00000000
ffc3a3f3
00001bd4
00000000
00000001
00000000
00000000
00000000
00000004
00000000
00001bd4
00000000
00000002
00000000
00000000
00000000
00000004
00000000
00001bd4
00000000
00000003
00000000
00000000
00000000
00000004
00000000
00001bd4
00000000
00000007
00000000
00000000
00000000
00000004
00000000
00001bd4
00000000
00010000
00000000
00000000
00000000
00000004
00000000
00001bd4
00000000
ffffffff
00000000
00000000
00000000
00000004
00000000
00001bd4
00000000
80000000
00000000
00000000
00000000
00000004
00000000
00001bd4
00000000
7fffffff
00000000
00000000
00000000
00000004
00000000
00001bd4
00000001
00000001
00000000
00000000
00000001
00000004
00000000
00001bd4
00000001
00000002
00000000
00000000
00000000
00000004
00000000
00001bd4
00000001
00000003
00000000
00000000
00000000
00000004
00000000
00001bd4
00000001
00000007
00000000
00000000
00000000
00000004
00000000
00001bd4
00000001
00010000
00000000
00000000
00000000
00000004
00000000
00001bd4
00000001
ffffffff
00000000
00000000
00000000
00000004
00000000
00001bd4
00000001
80000000
00000000
00000000
00000000
00000004
00000000
00001bd4
00000001
7fffffff
00000000
00000000
00000000
00000004
00000000
00001bd4
00000002
00000001
00000000
00000000
00000002
00000004
00000000
00001bd4
00000002
00000002
00000000
00000000
00000001
00000004
00000000
00001bd4
00000002
00000003
00000000
00000000
00000000
00000004
00000000
00001bd4
00000002
00000007
00000000
00000000
00000000
00000004
00000000
00001bd4
00000002
00010000
00000000
00000000
00000000
00000004
00000000
00001bd4
00000002
ffffffff
00000000
00000000
00000000
00000004
00000000
00001bd4
00000002
80000000
00000000
00000000
00000000
00000004
00000000
00001bd4
00000002
7fffffff
00000000
00000000
00000000
00000004
00000000
00001bd4
00000003
00000001
00000000
00000000
00000003
00000004
00000000
00001bd4
00000003
00000002
00000000
00000000
00000001
00000004
00000000
00001bd4
00000003
00000003
00000000
00000000
00000001
00000004
00000000
00001bd4
00000003
00000007
00000000
00000000
00000000
00000004
00000000
00001bd4
00000003
00010000
00000000
00000000
00000000
00000004
00000000
00001bd4
00000003
ffffffff
00000000
00000000
00000000
00000004
00000000
00001bd4
00000003
80000000
00000000
00000000
00000000
00000004
00000000
00001bd4
00000003
7fffffff
00000000
00000000
00000000
00000004
00000000
00001bd4
00000004
00000001
00000000
00000000
00000004
00000004
00000000
00001bd4
00000004
00000002
00000000
00000000
00000002
00000004
00000000
00001bd4
00000004
00000003
00000000
00000000
00000001
00000004
00000000
00001bd4
00000004
00000007
00000000
00000000
00000000
00000004
00000000
00001bd4
00000004
00010000
00000000
00000000
00000000
00000004
00000000
00001bd4
00000004
ffffffff
00000000
00000000
00000000
00000004
00000000
00001bd4
00000004
80000000
00000000
00000000
00000000
00000004
00000000
00001bd4
00000004
7fffffff
00000000
00000000
00000000
00000004
00000000
00001bd4
7fffffff
00000001
00000000
00000000
7fffffff
00000004
00000000
00001bd4
7fffffff
00000002
00000000
00000000
3fffffff
00000004
00000000
00001bd4
7fffffff
00000003
00000000
00000000
2aaaaaaa
00000004
00000000
00001bd4
7fffffff
00000007
00000000
00000000
12492492
00000004
00000000
00001bd4
7fffffff
00010000
00000000
00000000
00007fff
00000004
00000000
00001bd4
7fffffff
ffffffff
00000000
00000000
00000000
00000004
00000000
00001bd4
7fffffff
80000000
00000000
00000000
00000000
00000004
00000000
00001bd4
7fffffff
7fffffff
00000000
00000000
00000001
00000004
00000000
00001bd4
80000000
00000001
00000000
00000000
80000000
00000004
00000000
00001bd4
80000000
00000002
00000000
00000000
40000000
00000004
00000000
00001bd4
80000000
00000003
00000000
00000000
2aaaaaaa
00000004
00000000
00001bd4
80000000
00000007
00000000
00000000
12492492
00000004
00000000
00001bd4
80000000
00010000
00000000
00000000
00008000
00000004
00000000
00001bd4
80000000
ffffffff
00000000
00000000
00000000
00000004
00000000
00001bd4
80000000
80000000
00000000
00000000
00000001
00000004
00000000
00001bd4
80000000
7fffffff
00000000
00000000
00000001
00000004
00000000
00001bd4
80000001
00000001
00000000
00000000
80000001
00000004
00000000
00001bd4
80000001
00000002
00000000
00000000
40000000
00000004
00000000
00001bd4
80000001
00000003
00000000
00000000
2aaaaaab
00000004
00000000
00001bd4
80000001
00000007
00000000
00000000
12492492
00000004
00000000
00001bd4
80000001
00010000
00000000
00000000
00008000
00000004
00000000
00001bd4
80000001
ffffffff
00000000
00000000
00000000
00000004
00000000
00001bd4
80000001
80000000
00000000
00000000
00000001
00000004
00000000
00001bd4
80000001
7fffffff
00000000
00000000
00000001
00000004
00000000
00001bd4
fffffffe
00000001
00000000
00000000
fffffffe
00000004
00000000
00001bd4
fffffffe
00000002
00000000
00000000
7fffffff
00000004
00000000
00001bd4
fffffffe
00000003
00000000
00000000
55555554
00000004
00000000
00001bd4
fffffffe
00000007
00000000
00000000
24924924
00000004
00000000
00001bd4
fffffffe
00010000
00000000
00000000
0000ffff
00000004
00000000
00001bd4
fffffffe
ffffffff
00000000
00000000
00000000
00000004
00000000
00001bd4
fffffffe
80000000
00000000
00000000
00000001
00000004
00000000
00001bd4
fffffffe
7fffffff
00000000
00000000
00000002
00000004
00000000
00001bd4
ffffffff
00000001
00000000
00000000
ffffffff
00000004
00000000
00001bd4
ffffffff
00000002
00000000
00000000
7fffffff
00000004
00000000
00001bd4
ffffffff
00000003
00000000
00000000
55555555
00000004
00000000
00001bd4
ffffffff
00000007
00000000
00000000
24924924
00000004
00000000
00001bd4
ffffffff
00010000
00000000
00000000
0000ffff
00000004
00000000
00001bd4
ffffffff
ffffffff
00000000
00000000
00000001
00000004
00000000
00001bd4
ffffffff
80000000
00000000
00000000
00000001
00000004
00000000
00001bd4
ffffffff
7fffffff
00000000
00000000
00000002
00000004
00000000
00001bd4
55555555
00000001
00000000
00000000
55555555
00000004
00000000
00001bd4
55555555
00000002
00000000
00000000
2aaaaaaa
00000004
00000000
00001bd4
55555555
00000003
00000000
00000000
1c71c71c
00000004
00000000
00001bd4
55555555
00000007
00000000
00000000
0c30c30c
00000004
00000000
00001bd4
55555555
00010000
00000000
00000000
00005555
00000004
00000000
00001bd4
55555555
ffffffff
00000000
00000000
00000000
00000004
00000000
00001bd4
55555555
80000000
00000000
00000000
00000000
00000004
00000000
00001bd4
55555555
7fffffff
00000000
00000000
00000000
00000004
00000000
00001bd4
aaaaaaaa
00000001
00000000
00000000
aaaaaaaa
00000004
00000000
00001bd4
aaaaaaaa
00000002
00000000
00000000
55555555
00000004
00000000
00001bd4
aaaaaaaa
00000003
00000000
00000000
38e38e38
00000004
00000000
00001bd4
aaaaaaaa
00000007
00000000
00000000
18618618
00000004
00000000
00001bd4
aaaaaaaa
00010000
00000000
00000000
0000aaaa
00000004
00000000
00001bd4
aaaaaaaa
ffffffff
00000000
00000000
00000000
00000004
00000000
00001bd4
aaaaaaaa
80000000
00000000
00000000
00000001
00000004
00000000
00001bd4
aaaaaaaa
7fffffff
00000000
00000000
00000001
00000004
00000000
00001bd4
0000ffff
00000001
00000000
00000000
0000ffff
00000004
00000000
00001bd4
0000ffff
00000002
00000000
00000000
00007fff
00000004
00000000
00001bd4
0000ffff
00000003
00000000
00000000
00005555
00000004
00000000
00001bd4
0000ffff
00000007
00000000
00000000
00002492
00000004
00000000
00001bd4
0000ffff
00010000
00000000
00000000
00000000
00000004
00000000
00001bd4
0000ffff
ffffffff
00000000
00000000
00000000
00000004
00000000
00001bd4
0000ffff
80000000
00000000
00000000
00000000
00000004
00000000
00001bd4
0000ffff
7fffffff
00000000
00000000
00000000
00000004
00000000
00001bd4
ffff0000
00000001
00000000
00000000
ffff0000
00000004
00000000
00001bd4
ffff0000
00000002
00000000
00000000
7fff8000
00000004
00000000
00001bd4
ffff0000
00000003
00000000
00000000
55550000
00000004
00000000
00001bd4
ffff0000
00000007
00000000
00000000
24922492
00000004
00000000
00001bd4
ffff0000
00010000
00000000
00000000
0000ffff
00000004
00000000
00001bd4
ffff0000
ffffffff
00000000
00000000
00000000
00000004
00000000
00001bd4
ffff0000
80000000
00000000
00000000
00000001
00000004
00000000
00001bd4
ffff0000
7fffffff
00000000
00000000
00000001
00000004
00000000
00001bd4
12345678
00000001
00000000
00000000
12345678
00000004
00000000
00001bd4
12345678
00000002
00000000
00000000
091a2b3c
00000004
00000000
00001bd4
12345678
00000003
00000000
00000000
06117228
00000004
00000000
00001bd4
12345678
00000007
00000000
00000000
0299c335
00000004
00000000
00001bd4
12345678
00010000
00000000
00000000
00001234
00000004
00000000
00001bd4
12345678
ffffffff
00000000
00000000
00000000
00000004
00000000
00001bd4
12345678
80000000
00000000
00000000
00000000
00000004
00000000
00001bd4
12345678
7fffffff
00000000
00000000
00000000
00000004
00000000
00001bd4
fedcba98
00000001
00000000
00000000
fedcba98
00000004
00000000
00001bd4
fedcba98
00000002
00000000
00000000
7f6e5d4c
00000004
00000000
00001bd4
fedcba98
00000003
00000000
00000000
54f43e32
00000004
00000000
00001bd4
fedcba98
00000007
00000000
00000000
2468acf1
00000004
00000000
00001bd4
fedcba98
00010000
00000000
00000000
0000fedc
00000004
00000000
00001bd4
fedcba98
ffffffff
00000000
00000000
00000000
00000004
00000000
00001bd4
fedcba98
80000000
00000000
00000000
00000001
00000004
00000000
00001bd4
fedcba98
7fffffff
00000000
00000000
00000001
00000004
00000000
00001bd4
00000000
00000001
00000001
00000000
ffffffff
00000004
00000001
00001bd4
00000000
00000002
00000001
00000000
80000000
00000004
00000001
00001bd4
ffffffff
ffffffff
fffffffe
00000000
ffffffff
00000004
fffffffe
00001bd4
80000000
ffffffff
ffffffff
00000000
ffffffff
00000004
ffffffff
00001bd4
00000000
00000001
80000000
00000000
ffffffff
00000004
80000000
00001bd4
00000001
00000000
00000000
00000000
00000001
002a0404
00000000
00001bd4
12345678
00001000
00000fff
00000000
fff12345
00000004
00000fff
00001bd4
ffffffff
00010000
0000ffff
00000000
ffffffff
00000004
0000ffff
00001bd4
00000005
00010000
00010000
00000000
ffffffff
00000004
00010000
00001bd4
07b03c12
695f5171
6035c384
00000000
e9bd85ab
00000004
6035c384
00001bd4
20b9389b
3795dfc5
21412e8b
00000000
9927a5ad
00000004
21412e8b
00001bd4
93298c1b
2e577da7
01dafc21
00000000
0a3fe650
00000004
01dafc21
00001bd4
b8cfafed
a68608d7
17236f56
00000000
239236dd
00000004
17236f56
00001bd4
4d789a1f
7e328eb7
171177d0
00000000
2ecba272
00000004
171177d0
00001bd4
8ef0f2f0
1ba5cc71
017a7b6c
00000000
0db08225
00000004
017a7b6c
00001bd4
4c044cef
ae106ec5
2db1f042
00000000
433469ca
00000004
2db1f042
00001bd4
2b9f79e4
4563ca35
12631a27
00000000
43d5ecdd
00000004
12631a27
00001bd4
d41f852a
5c82e777
1d3fbb04
00000000
50f0424f
00000004
1d3fbb04
00001bd4
cf2b358e
00a2026b
0024bbb8
00000000
3a0b560f
00000004
0024bbb8
00001bd4
8ca19955
575a8cbf
0779a232
00000000
15e81f09
00000004
0779a232
00001bd4
d1b88357
ef84d3e3
559ab008
00000000
5b7e9f9d
00000004
559ab008
00001bf4
00000000
00000001
00000000
00000000
00000000
00000004
00000000
00001bf4
00000000
00000002
00000000
00000000
00000000
00000004
00000000
00001bf4
00000000
00000003
00000000
00000000
00000000
00000004
00000000
00001bf4
00000000
00000007
00000000
00000000
00000000
00000004
00000000
00001bf4
00000000
00010000
00000000
00000000
00000000
00000004
00000000
00001bf4
00000000
ffffffff
00000000
00000000
00000000
00000004
00000000
00001bf4
00000000
80000000
00000000
00000000
00000000
00000004
00000000
00001bf4
00000000
7fffffff
00000000
00000000
00000000
00000004
00000000
00001bf4
00000001
00000001
00000000
00000000
00000001
00000000
00000000
00001bf4
00000001
00000002
00000000
00000000
00000000
00000004
00000000
00001bf4
00000001
00000003
00000000
00000000
00000000
00000004
00000000
00001bf4
00000001
00000007
00000000
00000000
00000000
00000004
00000000
00001bf4
00000001
00010000
00000000
00000000
00000000
00000004
00000000
00001bf4
00000001
ffffffff
00000000
00000000
00000000
00000004
00000000
00001bf4
00000001
80000000
00000000
00000000
00000000
00000004
00000000
00001bf4
00000001
7fffffff
00000000
00000000
00000000
00000004
00000000
00001bf4
00000002
00000001
00000000
00000000
00000002
00000000
00000000
00001bf4
00000002
00000002
00000000
00000000
00000001
00000000
00000000
00001bf4
00000002
00000003
00000000
00000000
00000000
00000004
00000000
00001bf4
00000002
00000007
00000000
00000000
00000000
00000004
00000000
00001bf4
00000002
00010000
00000000
00000000
00000000
00000004
00000000
00001bf4
00000002
ffffffff
00000000
00000000
00000000
00000004
00000000
00001bf4
00000002
80000000
00000000
00000000
00000000
00000004
00000000
00001bf4
00000002
7fffffff
00000000
00000000
00000000
00000004
00000000
00001bf4
00000003
00000001
00000000
00000000
00000003
00000000
00000000
00001bf4
00000003
00000002
00000000
00000000
00000001
00000000
00000000
00001bf4
00000003
00000003
00000000
00000000
00000001
00000000
00000000
00001bf4
00000003
00000007
00000000
00000000
00000000
00000004
00000000
00001bf4
00000003
00010000
00000000
00000000
00000000
00000004
00000000
00001bf4
00000003
ffffffff
00000000
00000000
00000000
00000004
00000000
00001bf4
00000003
80000000
00000000
00000000
00000000
00000004
00000000
00001bf4
00000003
7fffffff
00000000
00000000
00000000
00000004
00000000
00001bf4
00000004
00000001
00000000
00000000
00000004
00000000
00000000
00001bf4
00000004
00000002
00000000
00000000
00000002
00000000
00000000
00001bf4
00000004
00000003
00000000
00000000
00000001
00000000
00000000
00001bf4
00000004
00000007
00000000
00000000
00000000
00000004
00000000
00001bf4
00000004
00010000
00000000
00000000
00000000
00000004
00000000
00001bf4
00000004
ffffffff
00000000
00000000
00000000
00000004
00000000
00001bf4
00000004
80000000
00000000
00000000
00000000
00000004
00000000
00001bf4
00000004
7fffffff
00000000
00000000
00000000
00000004
00000000
00001bf4
7fffffff
00000001
00000000
00000000
7fffffff
00000000
00000000
00001bf4
7fffffff
00000002
00000000
00000000
3fffffff
00000000
00000000
00001bf4
7fffffff
00000003
00000000
00000000
2aaaaaaa
00000000
00000000
00001bf4
7fffffff
00000007
00000000
00000000
12492492
00000000
00000000
00001bf4
7fffffff
00010000
00000000
00000000
00007fff
00000000
00000000
00001bf4
7fffffff
ffffffff
00000000
00000000
00000000
00000004
00000000
00001bf4
7fffffff
80000000
00000000
00000000
00000000
00000004
00000000
00001bf4
7fffffff
7fffffff
00000000
00000000
00000001
00000000
00000000
00001bf4
80000000
00000001
00000000
00000000
80000000
00000008
00000000
00001bf4
80000000
00000002
00000000
00000000
40000000
00000000
00000000
00001bf4
80000000
00000003
00000000
00000000
2aaaaaaa
00000000
00000000
00001bf4
80000000
00000007
00000000
00000000
12492492
00000000
00000000
00001bf4
80000000
00010000
00000000
00000000
00008000
00000000
00000000
00001bf4
80000000
ffffffff
00000000
00000000
00000000
00000004
00000000
00001bf4
80000000
80000000
00000000
00000000
00000001
00000000
00000000
00001bf4
80000000
7fffffff
00000000
00000000
00000001
00000000
00000000
00001bf4
80000001
00000001
00000000
00000000
80000001
00000008
00000000
00001bf4
80000001
00000002
00000000
00000000
40000000
00000000
00000000
00001bf4
80000001
00000003
00000000
00000000
2aaaaaab
00000000
00000000
00001bf4
80000001
00000007
00000000
00000000
12492492
00000000
00000000
00001bf4
80000001
00010000
00000000
00000000
00008000
00000000
00000000
00001bf4
80000001
ffffffff
00000000
00000000
00000000
00000004
00000000
00001bf4
80000001
80000000
00000000
00000000
00000001
00000000
00000000
00001bf4
80000001
7fffffff
00000000
00000000
00000001
00000000
00000000
00001bf4
fffffffe
00000001
00000000
00000000
fffffffe
00000008
00000000
00001bf4
fffffffe
00000002
00000000
00000000
7fffffff
00000000
00000000
00001bf4
fffffffe
00000003
00000000
00000000
55555554
00000000
00000000
00001bf4
fffffffe
00000007
00000000
00000000
24924924
00000000
00000000
00001bf4
fffffffe
00010000
00000000
00000000
0000ffff
00000000
00000000
00001bf4
fffffffe
ffffffff
00000000
00000000
00000000
00000004
00000000
00001bf4
fffffffe
80000000
00000000
00000000
00000001
00000000
00000000
00001bf4
fffffffe
7fffffff
00000000
00000000
00000002
00000000
00000000
00001bf4
ffffffff
00000001
00000000
00000000
ffffffff
00000008
00000000
00001bf4
ffffffff
00000002
00000000
00000000
7fffffff
00000000
00000000
00001bf4
ffffffff
00000003
00000000
00000000
55555555
00000000
00000000
00001bf4
ffffffff
00000007
00000000
00000000
24924924
00000000
00000000
00001bf4
ffffffff
00010000
00000000
00000000
0000ffff
00000000
00000000
00001bf4
ffffffff
ffffffff
00000000
00000000
00000001
00000000
00000000
00001bf4
ffffffff
80000000
00000000
00000000
00000001
00000000
00000000
00001bf4
ffffffff
7fffffff
00000000
00000000
00000002
00000000
00000000
00001bf4
55555555
00000001
00000000
00000000
55555555
00000000
00000000
00001bf4
55555555
00000002
00000000
00000000
2aaaaaaa
00000000
00000000
00001bf4
55555555
00000003
00000000
00000000
1c71c71c
00000000
00000000
00001bf4
55555555
00000007
00000000
00000000
0c30c30c
00000000
00000000
00001bf4
55555555
00010000
00000000
00000000
00005555
00000000
00000000
00001bf4
55555555
ffffffff
00000000
00000000
00000000
00000004
00000000
00001bf4
55555555
80000000
00000000
00000000
00000000
00000004
00000000
00001bf4
55555555
7fffffff
00000000
00000000
00000000
00000004
00000000
00001bf4
aaaaaaaa
00000001
00000000
00000000
aaaaaaaa
00000008
00000000
00001bf4
aaaaaaaa
00000002
00000000
00000000
55555555
00000000
00000000
00001bf4
aaaaaaaa
00000003
00000000
00000000
38e38e38
00000000
00000000
00001bf4
aaaaaaaa
00000007
00000000
00000000
18618618
00000000
00000000
00001bf4
aaaaaaaa
00010000
00000000
00000000
0000aaaa
00000000
00000000
00001bf4
aaaaaaaa
ffffffff
00000000
00000000
00000000
00000004
00000000
00001bf4
aaaaaaaa
80000000
00000000
00000000
00000001
00000000
00000000
00001bf4
aaaaaaaa
7fffffff
00000000
00000000
00000001
00000000
00000000
00001bf4
0000ffff
00000001
00000000
00000000
0000ffff
00000000
00000000
00001bf4
0000ffff
00000002
00000000
00000000
00007fff
00000000
00000000
00001bf4
0000ffff
00000003
00000000
00000000
00005555
00000000
00000000
00001bf4
0000ffff
00000007
00000000
00000000
00002492
00000000
00000000
00001bf4
0000ffff
00010000
00000000
00000000
00000000
00000004
00000000
00001bf4
0000ffff
ffffffff
00000000
00000000
00000000
00000004
00000000
00001bf4
0000ffff
80000000
00000000
00000000
00000000
00000004
00000000
00001bf4
0000ffff
7fffffff
00000000
00000000
00000000
00000004
00000000
00001bf4
ffff0000
00000001
00000000
00000000
ffff0000
00000008
00000000
00001bf4
ffff0000
00000002
00000000
00000000
7fff8000
00000000
00000000
00001bf4
ffff0000
00000003
00000000
00000000
55550000
00000000
00000000
00001bf4
ffff0000
00000007
00000000
00000000
24922492
00000000
00000000
00001bf4
ffff0000
00010000
00000000
00000000
0000ffff
00000000
00000000
00001bf4
ffff0000
ffffffff
00000000
00000000
00000000
00000004
00000000
00001bf4
ffff0000
80000000
00000000
00000000
00000001
00000000
00000000
00001bf4
ffff0000
7fffffff
00000000
00000000
00000001
00000000
00000000
00001bf4
12345678
00000001
00000000
00000000
12345678
00000000
00000000
00001bf4
12345678
00000002
00000000
00000000
091a2b3c
00000000
00000000
00001bf4
12345678
00000003
00000000
00000000
06117228
00000000
00000000
00001bf4
12345678
00000007
00000000
00000000
0299c335
00000000
00000000
00001bf4
12345678
00010000
00000000
00000000
00001234
00000000
00000000
00001bf4
12345678
ffffffff
00000000
00000000
00000000
00000004
00000000
00001bf4
12345678
80000000
00000000
00000000
00000000
00000004
00000000
00001bf4
12345678
7fffffff
00000000
00000000
00000000
00000004
00000000
00001bf4
fedcba98
00000001
00000000
00000000
fedcba98
00000008
00000000
00001bf4
fedcba98
00000002
00000000
00000000
7f6e5d4c
00000000
00000000
00001bf4
fedcba98
00000003
00000000
00000000
54f43e32
00000000
00000000
00001bf4
fedcba98
00000007
00000000
00000000
2468acf1
00000000
00000000
00001bf4
fedcba98
00010000
00000000
00000000
0000fedc
00000000
00000000
00001bf4
fedcba98
ffffffff
00000000
00000000
00000000
00000004
00000000
00001bf4
fedcba98
80000000
00000000
00000000
00000001
00000000
00000000
00001bf4
fedcba98
7fffffff
00000000
00000000
00000001
00000000
00000000
00001bf4
00000000
00000001
00000001
00000000
ffffffff
0000000a
00000001
00001bf4
00000000
00000002
00000001
00000000
80000000
00000008
00000001
00001bf4
ffffffff
ffffffff
fffffffe
00000000
ffffffff
00000008
fffffffe
00001bf4
80000000
ffffffff
ffffffff
00000000
ffffffff
0000000a
ffffffff
00001bf4
00000000
00000001
80000000
00000000
ffffffff
0000000a
80000000
00001bf4
00000001
00000000
00000000
00000000
00000001
002a0404
00000000
00001bf4
12345678
00001000
00000fff
00000000
fff12345
00000008
00000fff
00001bf4
ffffffff
00010000
0000ffff
00000000
ffffffff
00000008
0000ffff
00001bf4
00000005
00010000
00010000
00000000
ffffffff
0000000a
00010000
00001bf4
fea8e858
3180e489
02cfe367
00000000
0e8acbe4
00000000
02cfe367
00001bf4
2a7b73f1
e5048553
aac25364
00000000
bee0a5fa
00000008
aac25364
00001bf4
7558a953
14e6097b
041f6fe8
00000000
3280b835
00000000
041f6fe8
00001bf4
19fa853f
b8057737
27da8b8a
00000000
377132cb
00000000
27da8b8a
00001bf4
25297ec2
46b73937
249f7832
00000000
84946825
00000008
249f7832
00001bf4
f176d47b
cc0ce401
10ba6a2e
00000000
14fcaf3e
00000000
10ba6a2e
00001bf4
510ba7bc
0e749117
085020aa
00000000
93388b13
00000008
085020aa
00001bf4
a149eac9
0ca9fb35
067427ca
00000000
8275fd77
00000008
067427ca
00001bf4
4a83894c
be60e097
bde07f6c
00000000
ff535e88
00000008
bde07f6c
00001bf4
83d3d4d4
fa501745
29f3c468
00000000
2ae7c6bc
00000000
29f3c468
00001bf4
600076f2
1e365b09
1d866a0a
00000000
fa2d2f51
00000008
1d866a0a
00001bf4
999ec315
b98006dd
70cd3a90
00000000
9bac1c24
00000008
70cd3a90
00001c14
00000000
00000001
00000000
00000000
00000000
00000004
00000000
00001c14
00000000
00000002
00000000
00000000
00000000
00000004
00000000
00001c14
00000000
00000003
00000000
00000000
00000000
00000004
00000000
00001c14
00000000
00000007
00000000
00000000
00000000
00000004
00000000
00001c14
00000000
00010000
00000000
00000000
00000000
00000004
00000000
00001c14
00000000
ffffffff
00000000
00000000
00000000
00000004
00000000
00001c14
00000000
80000000
00000000
00000000
00000000
00000004
00000000
00001c14
00000000
7fffffff
00000000
00000000
00000000
00000004
00000000
00001c14
00000001
00000001
00000000
00000000
00000001
00000004
00000000
00001c14
00000001
00000002
00000000
00000000
00000000
00000004
00000000
00001c14
00000001
00000003
00000000
00000000
00000000
00000004
00000000
00001c14
00000001
00000007
00000000
00000000
00000000
00000004
00000000
00001c14
00000001
00010000
00000000
00000000
00000000
00000004
00000000
00001c14
00000001
ffffffff
00000000
00000000
ffffffff
00000004
00000000
00001c14
00000001
80000000
00000000
00000000
00000000
00000004
00000000
00001c14
00000001
7fffffff
00000000
00000000
00000000
00000004
00000000
00001c14
00000002
00000001
00000000
00000000
00000002
00000004
00000000
00001c14
00000002
00000002
00000000
00000000
00000001
00000004
00000000
00001c14
00000002
00000003
00000000
00000000
00000000
00000004
00000000
00001c14
00000002
00000007
00000000
00000000
00000000
00000004
00000000
00001c14
00000002
00010000
00000000
00000000
00000000
00000004
00000000
00001c14
00000002
ffffffff
00000000
00000000
fffffffe
00000004
00000000
00001c14
00000002
80000000
00000000
00000000
00000000
00000004
00000000
00001c14
00000002
7fffffff
00000000
00000000
00000000
00000004
00000000
00001c14
00000003
00000001
00000000
00000000
00000003
00000004
00000000
00001c14
00000003
00000002
00000000
00000000
00000001
00000004
00000000
00001c14
00000003
00000003
00000000
00000000
00000001
00000004
00000000
00001c14
00000003
00000007
00000000
00000000
00000000
00000004
00000000
00001c14
00000003
00010000
00000000
00000000
00000000
00000004
00000000
00001c14
00000003
ffffffff
00000000
00000000
fffffffd
00000004
00000000
00001c14
00000003
80000000
00000000
00000000
00000000
00000004
00000000
00001c14
00000003
7fffffff
00000000
00000000
00000000
00000004
00000000
00001c14
00000004
00000001
00000000
00000000
00000004
00000004
00000000
00001c14
00000004
00000002
00000000
00000000
00000002
00000004
00000000
00001c14
00000004
00000003
00000000
00000000
00000001
00000004
00000000
00001c14
00000004
00000007
00000000
00000000
00000000
00000004
00000000
00001c14
00000004
00010000
00000000
00000000
00000000
00000004
00000000
00001c14
00000004
ffffffff
00000000
00000000
fffffffc
00000004
00000000
00001c14
00000004
80000000
00000000
00000000
00000000
00000004
00000000
00001c14
00000004
7fffffff
00000000
00000000
00000000
00000004
00000000
00001c14
7fffffff
00000001
00000000
00000000
7fffffff
00000004
00000000
00001c14
7fffffff
00000002
00000000
00000000
3fffffff
00000004
00000000
00001c14
7fffffff
00000003
00000000
00000000
2aaaaaaa
00000004
00000000
00001c14
7fffffff
00000007
00000000
00000000
12492492
00000004
00000000
00001c14
7fffffff
00010000
00000000
00000000
00007fff
00000004
00000000
00001c14
7fffffff
ffffffff
00000000
00000000
80000001
00000004
00000000
00001c14
7fffffff
80000000
00000000
00000000
00000000
00000004
00000000
00001c14
7fffffff
7fffffff
00000000
00000000
00000001
00000004
00000000
00001c14
80000000
00000001
ffffffff
00000000
80000000
00000004
ffffffff
00001c14
80000000
00000002
ffffffff
00000000
c0000000
00000004
ffffffff
00001c14
80000000
00000003
ffffffff
00000000
d5555556
00000004
ffffffff
00001c14
80000000
00000007
ffffffff
00000000
edb6db6e
00000004
ffffffff
00001c14
80000000
00010000
ffffffff
00000000
ffff8000
00000004
ffffffff
00001c14
80000000
ffffffff
ffffffff
00000000
7fffffff
00000004
ffffffff
00001c14
80000000
80000000
ffffffff
00000000
00000001
00000004
ffffffff
00001c14
80000000
7fffffff
ffffffff
00000000
ffffffff
00000004
ffffffff
00001c14
80000001
00000001
ffffffff
00000000
80000001
00000004
ffffffff
00001c14
80000001
00000002
ffffffff
00000000
c0000001
00000004
ffffffff
00001c14
80000001
00000003
ffffffff
00000000
d5555556
00000004
ffffffff
00001c14
80000001
00000007
ffffffff
00000000
edb6db6e
00000004
ffffffff
00001c14
80000001
00010000
ffffffff
00000000
ffff8001
00000004
ffffffff
00001c14
80000001
ffffffff
ffffffff
00000000
7fffffff
00000004
ffffffff
00001c14
80000001
80000000
ffffffff
00000000
00000000
00000004
ffffffff
00001c14
80000001
7fffffff
ffffffff
00000000
ffffffff
00000004
ffffffff
00001c14
fffffffe
00000001
ffffffff
00000000
fffffffe
00000004
ffffffff
00001c14
fffffffe
00000002
ffffffff
00000000
ffffffff
00000004
ffffffff
00001c14
fffffffe
00000003
ffffffff
00000000
00000000
00000004
ffffffff
00001c14
fffffffe
00000007
ffffffff
00000000
00000000
00000004
ffffffff
00001c14
fffffffe
00010000
ffffffff
00000000
00000000
00000004
ffffffff
00001c14
fffffffe
ffffffff
ffffffff
00000000
00000002
00000004
ffffffff
00001c14
fffffffe
80000000
ffffffff
00000000
00000000
00000004
ffffffff
00001c14
fffffffe
7fffffff
ffffffff
00000000
00000000
00000004
ffffffff
00001c14
ffffffff
00000001
ffffffff
00000000
ffffffff
00000004
ffffffff
00001c14
ffffffff
00000002
ffffffff
00000000
00000000
00000004
ffffffff
00001c14
ffffffff
00000003
ffffffff
00000000
00000000
00000004
ffffffff
00001c14
ffffffff
00000007
ffffffff
00000000
00000000
00000004
ffffffff
00001c14
ffffffff
00010000
ffffffff
00000000
00000000
00000004
ffffffff
00001c14
ffffffff
ffffffff
ffffffff
00000000
00000001
00000004
ffffffff
00001c14
ffffffff
80000000
ffffffff
00000000
00000000
00000004
ffffffff
00001c14
ffffffff
7fffffff
ffffffff
00000000
00000000
00000004
ffffffff
00001c14
55555555
00000001
00000000
00000000
55555555
00000004
00000000
00001c14
55555555
00000002
00000000
00000000
2aaaaaaa
00000004
00000000
00001c14
55555555
00000003
00000000
00000000
1c71c71c
00000004
00000000
00001c14
55555555
00000007
00000000
00000000
0c30c30c
00000004
00000000
00001c14
55555555
00010000
00000000
00000000
00005555
00000004
00000000
00001c14
55555555
ffffffff
00000000
00000000
aaaaaaab
00000004
00000000
00001c14
55555555
80000000
00000000
00000000
00000000
00000004
00000000
00001c14
55555555
7fffffff
00000000
00000000
00000000
00000004
00000000
00001c14
aaaaaaaa
00000001
ffffffff
00000000
aaaaaaaa
00000004
ffffffff
00001c14
aaaaaaaa
00000002
ffffffff
00000000
d5555555
00000004
ffffffff
00001c14
aaaaaaaa
00000003
ffffffff
00000000
e38e38e4
00000004
ffffffff
00001c14
aaaaaaaa
00000007
ffffffff
00000000
f3cf3cf4
00000004
ffffffff
00001c14
aaaaaaaa
00010000
ffffffff
00000000
ffffaaab
00000004
ffffffff
00001c14
aaaaaaaa
ffffffff
ffffffff
00000000
55555556
00000004
ffffffff
00001c14
aaaaaaaa
80000000
ffffffff
00000000
00000000
00000004
ffffffff
00001c14
aaaaaaaa
7fffffff
ffffffff
00000000
00000000
00000004
ffffffff
00001c14
0000ffff
00000001
00000000
00000000
0000ffff
00000004
00000000
00001c14
0000ffff
00000002
00000000
00000000
00007fff
00000004
00000000
00001c14
0000ffff
00000003
00000000
00000000
00005555
00000004
00000000
00001c14
0000ffff
00000007
00000000
00000000
00002492
00000004
00000000
00001c14
0000ffff
00010000
00000000
00000000
00000000
00000004
00000000
00001c14
0000ffff
ffffffff
00000000
00000000
ffff0001
00000004
00000000
00001c14
0000ffff
80000000
00000000
00000000
00000000
00000004
00000000
00001c14
0000ffff
7fffffff
00000000
00000000
00000000
00000004
00000000
00001c14
ffff0000
00000001
ffffffff
00000000
ffff0000
00000004
ffffffff
00001c14
ffff0000
00000002
ffffffff
00000000
ffff8000
00000004
ffffffff
00001c14
ffff0000
00000003
ffffffff
00000000
ffffaaab
00000004
ffffffff
00001c14
ffff0000
00000007
ffffffff
00000000
ffffdb6e
00000004
ffffffff
00001c14
ffff0000
00010000
ffffffff
00000000
ffffffff
00000004
ffffffff
00001c14
ffff0000
ffffffff
ffffffff
00000000
00010000
00000004
ffffffff
00001c14
ffff0000
80000000
ffffffff
00000000
00000000
00000004
ffffffff
00001c14
ffff0000
7fffffff
ffffffff
00000000
00000000
00000004
ffffffff
00001c14
12345678
00000001
00000000
00000000
12345678
00000004
00000000
00001c14
12345678
00000002
00000000
00000000
091a2b3c
00000004
00000000
00001c14
12345678
00000003
00000000
00000000
06117228
00000004
00000000
00001c14
12345678
00000007
00000000
00000000
0299c335
00000004
00000000
00001c14
12345678
00010000
00000000
00000000
00001234
00000004
00000000
00001c14
12345678
ffffffff
00000000
00000000
edcba988
00000004
00000000
00001c14
12345678
80000000
00000000
00000000
00000000
00000004
00000000
00001c14
12345678
7fffffff
00000000
00000000
00000000
00000004
00000000
00001c14
fedcba98
00000001
ffffffff
00000000
fedcba98
00000004
ffffffff
00001c14
fedcba98
00000002
ffffffff
00000000
ff6e5d4c
00000004
ffffffff
00001c14
fedcba98
00000003
ffffffff
00000000
ff9ee8de
00000004
ffffffff
00001c14
fedcba98
00000007
ffffffff
00000000
ffd663cd
00000004
ffffffff
00001c14
fedcba98
00010000
ffffffff
00000000
fffffedd
00000004
ffffffff
00001c14
fedcba98
ffffffff
ffffffff
00000000
01234568
00000004
ffffffff
00001c14
fedcba98
80000000
ffffffff
00000000
00000000
00000004
ffffffff
00001c14
fedcba98
7fffffff
ffffffff
00000000
00000000
00000004
ffffffff
00001c14
00000000
00000001
00000001
00000000
7fffffff
00000004
00000001
00001c14
00000000
00000002
00000001
00000000
7fffffff
00000004
00000001
00001c14
ffffffff
ffffffff
fffffffe
00000000
7fffffff
00000004
fffffffe
00001c14
80000000
ffffffff
ffffffff
00000000
7fffffff
00000004
ffffffff
00001c14
00000000
00000001
80000000
00000000
80000000
00000004
80000000
00001c14
00000001
00000000
00000000
00000000
00000001
002a0404
00000000
00001c14
12345678
00001000
00000fff
00000000
7fffffff
00000004
00000fff
00001c14
ffffffff
00010000
0000ffff
00000000
7fffffff
00000004
0000ffff
00001c14
00000005
00010000
00010000
00000000
7fffffff
00000004
00010000
00001c14
2a99aea3
303df36d
00000000
00000000
00000000
00000004
00000000
00001c14
a96bba9e
5a4e41bb
ffffffff
00000000
00000000
00000004
ffffffff
00001c14
63756a93
57c91187
00000000
00000000
00000001
00000004
00000000
00001c14
eda560e8
d2685b77
ffffffff
00000000
00000000
00000004
ffffffff
00001c14
deaae7da
2de1cb67
ffffffff
00000000
00000000
00000004
ffffffff
00001c14
c5c8948e
067e186f
ffffffff
00000000
fffffff8
00000004
ffffffff
00001c14
7bbf23fb
aa5d9525
00000000
00000000
ffffffff
00000004
00000000
00001c14
bfc97c66
0f2dccdf
ffffffff
00000000
fffffffc
00000004
ffffffff
00001c14
4724abfe
1849c11f
00000000
00000000
00000002
00000004
00000000
00001c14
2ad681ac
3e89ad53
00000000
00000000
00000000
00000004
00000000
00001c14
09db7e0b
71e3bdf5
00000000
00000000
00000000
00000004
00000000
00001c14
d15d4cf2
a0da4a07
ffffffff
00000000
00000000
00000004
ffffffff
00001c34
00000000
00000001
00000000
00000000
00000000
00000004
00000000
00001c34
00000000
00000002
00000000
00000000
00000000
00000004
00000000
00001c34
00000000
00000003
00000000
00000000
00000000
00000004
00000000
00001c34
00000000
00000007
00000000
00000000
00000000
00000004
00000000
00001c34
00000000
00010000
00000000
00000000
00000000
00000004
00000000
00001c34
00000000
ffffffff
00000000
00000000
00000000
00000004
00000000
00001c34
00000000
80000000
00000000
00000000
00000000
00000004
00000000
00001c34
00000000
7fffffff
00000000
00000000
00000000
00000004
00000000
00001c34
00000001
00000001
00000000
00000000
00000001
00000000
00000000
00001c34
00000001
00000002
00000000
00000000
00000000
00000004
00000000
00001c34
00000001
00000003
00000000
00000000
00000000
00000004
00000000
00001c34
00000001
00000007
00000000
00000000
00000000
00000004
00000000
00001c34
00000001
00010000
00000000
00000000
00000000
00000004
00000000
00001c34
00000001
ffffffff
00000000
00000000
ffffffff
00000008
00000000
00001c34
00000001
80000000
00000000
00000000
00000000
00000004
00000000
00001c34
00000001
7fffffff
00000000
00000000
00000000
00000004
00000000
00001c34
00000002
00000001
00000000
00000000
00000002
00000000
00000000
00001c34
00000002
00000002
00000000
00000000
00000001
00000000
00000000
00001c34
00000002
00000003
00000000
00000000
00000000
00000004
00000000
00001c34
00000002
00000007
00000000
00000000
00000000
00000004
00000000
00001c34
00000002
00010000
00000000
00000000
00000000
00000004
00000000
00001c34
00000002
ffffffff
00000000
00000000
fffffffe
00000008
00000000
00001c34
00000002
80000000
00000000
00000000
00000000
00000004
00000000
00001c34
00000002
7fffffff
00000000
00000000
00000000
00000004
00000000
00001c34
00000003
00000001
00000000
00000000
00000003
00000000
00000000
00001c34
00000003
00000002
00000000
00000000
00000001
00000000
00000000
00001c34
00000003
00000003
00000000
00000000
00000001
00000000
00000000
00001c34
00000003
00000007
00000000
00000000
00000000
00000004
00000000
00001c34
00000003
00010000
00000000
00000000
00000000
00000004
00000000
00001c34
00000003
ffffffff
00000000
00000000
fffffffd
00000008
00000000
00001c34
00000003
80000000
00000000
00000000
00000000
00000004
00000000
00001c34
00000003
7fffffff
00000000
00000000
00000000
00000004
00000000
00001c34
00000004
00000001
00000000
00000000
00000004
00000000
00000000
00001c34
00000004
00000002
00000000
00000000
00000002
00000000
00000000
00001c34
00000004
00000003
00000000
00000000
00000001
00000000
00000000
00001c34
00000004
00000007
00000000
00000000
00000000
00000004
00000000
00001c34
00000004
00010000
00000000
00000000
00000000
00000004
00000000
00001c34
00000004
ffffffff
00000000
00000000
fffffffc
00000008
00000000
00001c34
00000004
80000000
00000000
00000000
00000000
00000004
00000000
00001c34
00000004
7fffffff
00000000
00000000
00000000
00000004
00000000
00001c34
7fffffff
00000001
00000000
00000000
7fffffff
00000000
00000000
00001c34
7fffffff
00000002
00000000
00000000
3fffffff
00000000
00000000
00001c34
7fffffff
00000003
00000000
00000000
2aaaaaaa
00000000
00000000
00001c34
7fffffff
00000007
00000000
00000000
12492492
00000000
00000000
00001c34
7fffffff
00010000
00000000
00000000
00007fff
00000000
00000000
00001c34
7fffffff
ffffffff
00000000
00000000
80000001
00000008
00000000
00001c34
7fffffff
80000000
00000000
00000000
00000000
00000004
00000000
00001c34
7fffffff
7fffffff
00000000
00000000
00000001
00000000
00000000
00001c34
80000000
00000001
ffffffff
00000000
80000000
00000008
ffffffff
00001c34
80000000
00000002
ffffffff
00000000
c0000000
00000008
ffffffff
00001c34
80000000
00000003
ffffffff
00000000
d5555556
00000008
ffffffff
00001c34
80000000
00000007
ffffffff
00000000
edb6db6e
00000008
ffffffff
00001c34
80000000
00010000
ffffffff
00000000
ffff8000
00000008
ffffffff
00001c34
80000000
ffffffff
ffffffff
00000000
7fffffff
00000002
ffffffff
00001c34
80000000
80000000
ffffffff
00000000
00000001
00000000
ffffffff
00001c34
80000000
7fffffff
ffffffff
00000000
ffffffff
00000008
ffffffff
00001c34
80000001
00000001
ffffffff
00000000
80000001
00000008
ffffffff
00001c34
80000001
00000002
ffffffff
00000000
c0000001
00000008
ffffffff
00001c34
80000001
00000003
ffffffff
00000000
d5555556
00000008
ffffffff
00001c34
80000001
00000007
ffffffff
00000000
edb6db6e
00000008
ffffffff
00001c34
80000001
00010000
ffffffff
00000000
ffff8001
00000008
ffffffff
00001c34
80000001
ffffffff
ffffffff
00000000
7fffffff
00000000
ffffffff
00001c34
80000001
80000000
ffffffff
00000000
00000000
00000004
ffffffff
00001c34
80000001
7fffffff
ffffffff
00000000
ffffffff
00000008
ffffffff
00001c34
fffffffe
00000001
ffffffff
00000000
fffffffe
00000008
ffffffff
00001c34
fffffffe
00000002
ffffffff
00000000
ffffffff
00000008
ffffffff
00001c34
fffffffe
00000003
ffffffff
00000000
00000000
00000004
ffffffff
00001c34
fffffffe
00000007
ffffffff
00000000
00000000
00000004
ffffffff
00001c34
fffffffe
00010000
ffffffff
00000000
00000000
00000004
ffffffff
00001c34
fffffffe
ffffffff
ffffffff
00000000
00000002
00000000
ffffffff
00001c34
fffffffe
80000000
ffffffff
00000000
00000000
00000004
ffffffff
00001c34
fffffffe
7fffffff
ffffffff
00000000
00000000
00000004
ffffffff
00001c34
ffffffff
00000001
ffffffff
00000000
ffffffff
00000008
ffffffff
00001c34
ffffffff
00000002
ffffffff
00000000
00000000
00000004
ffffffff
00001c34
ffffffff
00000003
ffffffff
00000000
00000000
00000004
ffffffff
00001c34
ffffffff
00000007
ffffffff
00000000
00000000
00000004
ffffffff
00001c34
ffffffff
00010000
ffffffff
00000000
00000000
00000004
ffffffff
00001c34
ffffffff
ffffffff
ffffffff
00000000
00000001
00000000
ffffffff
00001c34
ffffffff
80000000
ffffffff
00000000
00000000
00000004
ffffffff
00001c34
ffffffff
7fffffff
ffffffff
00000000
00000000
00000004
ffffffff
00001c34
55555555
00000001
00000000
00000000
55555555
00000000
00000000
00001c34
55555555
00000002
00000000
00000000
2aaaaaaa
00000000
00000000
00001c34
55555555
00000003
00000000
00000000
1c71c71c
00000000
00000000
00001c34
55555555
00000007
00000000
00000000
0c30c30c
00000000
00000000
00001c34
55555555
00010000
00000000
00000000
00005555
00000000
00000000
00001c34
55555555
ffffffff
00000000
00000000
aaaaaaab
00000008
00000000
00001c34
55555555
80000000
00000000
00000000
00000000
00000004
00000000
00001c34
55555555
7fffffff
00000000
00000000
00000000
00000004
00000000
00001c34
aaaaaaaa
00000001
ffffffff
00000000
aaaaaaaa
00000008
ffffffff
00001c34
aaaaaaaa
00000002
ffffffff
00000000
d5555555
00000008
ffffffff
00001c34
aaaaaaaa
00000003
ffffffff
00000000
e38e38e4
00000008
ffffffff
00001c34
aaaaaaaa
00000007
ffffffff
00000000
f3cf3cf4
00000008
ffffffff
00001c34
aaaaaaaa
00010000
ffffffff
00000000
ffffaaab
00000008
ffffffff
00001c34
aaaaaaaa
ffffffff
ffffffff
00000000
55555556
00000000
ffffffff
00001c34
aaaaaaaa
80000000
ffffffff
00000000
00000000
00000004
ffffffff
00001c34
aaaaaaaa
7fffffff
ffffffff
00000000
00000000
00000004
ffffffff
00001c34
0000ffff
00000001
00000000
00000000
0000ffff
00000000
00000000
00001c34
0000ffff
00000002
00000000
00000000
00007fff
00000000
00000000
00001c34
0000ffff
00000003
00000000
00000000
00005555
00000000
00000000
00001c34
0000ffff
00000007
00000000
00000000
00002492
00000000
00000000
00001c34
0000ffff
00010000
00000000
00000000
00000000
00000004
00000000
00001c34
0000ffff
ffffffff
00000000
00000000
ffff0001
00000008
00000000
00001c34
0000ffff
80000000
00000000
00000000
00000000
00000004
00000000
00001c34
0000ffff
7fffffff
00000000
00000000
00000000
00000004
00000000
00001c34
ffff0000
00000001
ffffffff
00000000
ffff0000
00000008
ffffffff
00001c34
ffff0000
00000002
ffffffff
00000000
ffff8000
00000008
ffffffff
00001c34
ffff0000
00000003
ffffffff
00000000
ffffaaab
00000008
ffffffff
00001c34
ffff0000
00000007
ffffffff
00000000
ffffdb6e
00000008
ffffffff
00001c34
ffff0000
00010000
ffffffff
00000000
ffffffff
00000008
ffffffff
00001c34
ffff0000
ffffffff
ffffffff
00000000
00010000
00000000
ffffffff
00001c34
ffff0000
80000000
ffffffff
00000000
00000000
00000004
ffffffff
00001c34
ffff0000
7fffffff
ffffffff
00000000
00000000
00000004
ffffffff
00001c34
12345678
00000001
00000000
00000000
12345678
00000000
00000000
00001c34
12345678
00000002
00000000
00000000
091a2b3c
00000000
00000000
00001c34
12345678
00000003
00000000
00000000
06117228
00000000
00000000
00001c34
12345678
00000007
00000000
00000000
0299c335
00000000
00000000
00001c34
12345678
00010000
00000000
00000000
00001234
00000000
00000000
00001c34
12345678
ffffffff
00000000
00000000
edcba988
00000008
00000000
00001c34
12345678
80000000
00000000
00000000
00000000
00000004
00000000
00001c34
12345678
7fffffff
00000000
00000000
00000000
00000004
00000000
00001c34
fedcba98
00000001
ffffffff
00000000
fedcba98
00000008
ffffffff
00001c34
fedcba98
00000002
ffffffff
00000000
ff6e5d4c
00000008
ffffffff
00001c34
fedcba98
00000003
ffffffff
00000000
ff9ee8de
00000008
ffffffff
00001c34
fedcba98
00000007
ffffffff
00000000
ffd663cd
00000008
ffffffff
00001c34
fedcba98
00010000
ffffffff
00000000
fffffedd
00000008
ffffffff
00001c34
fedcba98
ffffffff
ffffffff
00000000
01234568
00000000
ffffffff
00001c34
fedcba98
80000000
ffffffff
00000000
00000000
00000004
ffffffff
00001c34
fedcba98
7fffffff
ffffffff
00000000
00000000
00000004
ffffffff
00001c34
00000000
00000001
00000001
00000000
7fffffff
00000002
00000001
00001c34
00000000
00000002
00000001
00000000
7fffffff
00000002
00000001
00001c34
ffffffff
ffffffff
fffffffe
00000000
7fffffff
00000002
fffffffe
00001c34
80000000
ffffffff
ffffffff
00000000
7fffffff
00000002
ffffffff
00001c34
00000000
00000001
80000000
00000000
80000000
0000000a
80000000
00001c34
00000001
00000000
00000000
00000000
00000001
002a0404
00000000
00001c34
12345678
00001000
00000fff
00000000
7fffffff
00000002
00000fff
00001c34
ffffffff
00010000
0000ffff
00000000
7fffffff
00000002
0000ffff
00001c34
00000005
00010000
00010000
00000000
7fffffff
00000002
00010000
00001c34
8df40549
45510479
ffffffff
00000000
ffffffff
00000008
ffffffff
00001c34
25701311
34b32fc9
00000000
00000000
00000000
00000004
00000000
00001c34
bf522759
27411cf9
ffffffff
00000000
ffffffff
00000008
ffffffff
00001c34
5cbb38ec
cccf63ab
00000000
00000000
ffffffff
00000008
00000000
00001c34
8117c67e
496c3555
ffffffff
00000000
ffffffff
00000008
ffffffff
00001c34
5172bdcd
03826c83
00000000
00000000
00000017
00000000
00000000
00001c34
c750421b
a0851921
ffffffff
00000000
00000000
00000004
ffffffff
00001c34
9b971fd4
7d92fd1d
ffffffff
00000000
00000000
00000004
ffffffff
00001c34
d0470837
41f43d5f
ffffffff
00000000
00000000
00000004
ffffffff
00001c34
d58b6013
8db7acc3
ffffffff
00000000
00000000
00000004
ffffffff
00001c34
dc9a40ce
6bba38bf
ffffffff
00000000
00000000
00000004
ffffffff
00001c34
626ed1ea
d3ab07cf
00000000
00000000
fffffffe
00000008
00000000
00001c54
5d3e2961
ac3666fb
eb933858
00000000
2e9f14b0
00000000
f5c99c2c
00001c54
4365abb4
cf01ac9c
dc73a90d
00000000
f0b48276
00000008
6e39d486
00001c54
da81003f
92c29da6
37b0a8e4
00000001
ed40801f
00000008
9bd85472
00001c54
d9cffcf6
7ccbad6d
aa393b59
00000000
e9b3abe8
0000000a
551c9dac
00001c54
2ef03063
9d4b2032
73561a4f
00000001
34c33863
00000003
b9ab0d27
00001c54
a79e17c8
1e399cb5
df95f05f
00000000
7208a899
00000000
6fcaf82f
00001c54
5e46d0dd
f8fce52f
7a6c51fb
00000001
a8204d9d
00000009
bd3628fd
00001c54
ae0025d2
9e0d13f6
8a251fa5
00000000
f50d26df
00000008
45128fd2
00001c54
74dbfb5c
06e2eb0e
f4ffb559
00000000
4150e8bc
00000000
7a7fdaac
00001c54
aee557bb
1c2a0ef8
4b2a3610
00000000
5772abdd
00000000
a5951b08
00001c54
5ffd90f6
1bcd9061
28198063
00000001
cbcc58dc
00000008
140cc031
00001c54
ecf0a359
c161320d
015324b1
00000000
37d983b9
00000001
80a99258
00001c54
bec6b25d
0cc21e57
685981c5
00000001
ec257785
00000008
b42cc0e2
00001c54
3711936a
f01a9dd1
d784e599
00000000
0ba36786
00000001
6bc272cc
00001c54
ab982a1a
4b92e76c
79706e41
00000000
a15efc79
0000000a
3cb83720
00001c54
91c62587
98c8074b
db3d5913
00000000
e1ab1a0e
00000008
ed9eac89
00001c54
80110240
672e74a7
18d6e15b
00000000
a736f5c7
0000000a
0c6b70ad
00001c54
26047606
9de046fa
bfe065f3
00000000
b0e281fd
00000008
5ff032f9
00001c54
8ef5040e
29650595
f518d78c
00000000
477a8207
00000000
7a8c6bc6
00001c54
8578d6d4
47e534ef
a28ee96a
00000000
42bc6b6a
00000000
514774b5
00001c54
acfee8e5
df885ae4
680c429a
00000000
567f7472
00000000
b406214d
00001c54
0514f6e7
5e0acf83
8bed4723
00000000
60954af6
00000000
c5f6a391
00001c54
7b380fd9
45e4a34f
ce7ff692
00000000
3d9c07ec
00000000
e73ffb49
00001c54
7a75ae50
ea531519
f7485d84
00000001
bd3ad728
00000008
7ba42ec2
00001c54
00000000
00000005
00000001
00000000
00000005
00000000
00000000
00001c54
00000001
00000005
00000000
00000001
80000000
00000008
80000000
00001c54
ffffffff
ffffffff
ffffffff
00000001
fffffffe
00000009
ffffffff
00001c54
00000002
80000000
00000001
00000000
80000001
00000008
00000000
00001c74
00000000
00000000
5a5a5a5a
00000000
00000000
00000004
5a5a5a5a
00001c74
00000000
00000001
5a5a5a5a
00000000
00000001
00000002
5a5a5a5a
00001c74
00000000
7fffffff
5a5a5a5a
00000000
7fffffff
00000002
5a5a5a5a
00001c74
00000000
80000000
5a5a5a5a
00000000
80000000
00000008
5a5a5a5a
00001c74
00000000
ffffffff
5a5a5a5a
00000000
ffffffff
0000000a
5a5a5a5a
00001c74
00000000
55555555
5a5a5a5a
00000000
55555555
00000002
5a5a5a5a
00001c74
00000000
00000003
5a5a5a5a
00000000
00000003
00000002
5a5a5a5a
00001c74
00000000
fffffffe
5a5a5a5a
00000000
fffffffe
0000000a
5a5a5a5a
00001c74
00000000
12345678
5a5a5a5a
00000000
12345678
00000000
5a5a5a5a
00001c74
00000001
00000000
5a5a5a5a
00000000
00000001
00000002
5a5a5a5a
00001c74
00000001
00000001
5a5a5a5a
00000000
00000002
00000002
5a5a5a5a
00001c74
00000001
7fffffff
5a5a5a5a
00000000
80000000
0000000a
5a5a5a5a
00001c74
00000001
80000000
5a5a5a5a
00000000
80000001
0000000a
5a5a5a5a
00001c74
00000001
ffffffff
5a5a5a5a
00000000
00000000
00000007
5a5a5a5a
00001c74
00000001
55555555
5a5a5a5a
00000000
55555556
00000002
5a5a5a5a
00001c74
00000001
00000003
5a5a5a5a
00000000
00000004
00000002
5a5a5a5a
00001c74
00000001
fffffffe
5a5a5a5a
00000000
ffffffff
0000000a
5a5a5a5a
00001c74
00000001
12345678
5a5a5a5a
00000000
12345679
00000002
5a5a5a5a
00001c74
7fffffff
00000000
5a5a5a5a
00000000
7fffffff
00000002
5a5a5a5a
00001c74
7fffffff
00000001
5a5a5a5a
00000000
80000000
0000000a
5a5a5a5a
00001c74
7fffffff
7fffffff
5a5a5a5a
00000000
fffffffe
0000000a
5a5a5a5a
00001c74
7fffffff
80000000
5a5a5a5a
00000000
ffffffff
0000000a
5a5a5a5a
00001c74
7fffffff
ffffffff
5a5a5a5a
00000000
7ffffffe
00000003
5a5a5a5a
00001c74
7fffffff
55555555
5a5a5a5a
00000000
d5555554
0000000a
5a5a5a5a
00001c74
7fffffff
00000003
5a5a5a5a
00000000
80000002
0000000a
5a5a5a5a
00001c74
7fffffff
fffffffe
5a5a5a5a
00000000
7ffffffd
00000003
5a5a5a5a
00001c74
7fffffff
12345678
5a5a5a5a
00000000
92345677
0000000a
5a5a5a5a
00001c74
80000000
00000000
5a5a5a5a
00000000
80000000
00000008
5a5a5a5a
00001c74
80000000
00000001
5a5a5a5a
00000000
80000001
0000000a
5a5a5a5a
00001c74
80000000
7fffffff
5a5a5a5a
00000000
ffffffff
0000000a
5a5a5a5a
00001c74
80000000
80000000
5a5a5a5a
00000000
00000000
00000007
5a5a5a5a
00001c74
80000000
ffffffff
5a5a5a5a
00000000
7fffffff
00000003
5a5a5a5a
00001c74
80000000
55555555
5a5a5a5a
00000000
d5555555
0000000a
5a5a5a5a
00001c74
80000000
00000003
5a5a5a5a
00000000
80000003
0000000a
5a5a5a5a
00001c74
80000000
fffffffe
5a5a5a5a
00000000
7ffffffe
00000003
5a5a5a5a
00001c74
80000000
12345678
5a5a5a5a
00000000
92345678
00000008
5a5a5a5a
00001c74
ffffffff
00000000
5a5a5a5a
00000000
ffffffff
0000000a
5a5a5a5a
00001c74
ffffffff
00000001
5a5a5a5a
00000000
00000000
00000007
5a5a5a5a
00001c74
ffffffff
7fffffff
5a5a5a5a
00000000
7ffffffe
00000003
5a5a5a5a
00001c74
ffffffff
80000000
5a5a5a5a
00000000
7fffffff
00000003
5a5a5a5a
00001c74
ffffffff
ffffffff
5a5a5a5a
00000000
fffffffe
0000000b
5a5a5a5a
00001c74
ffffffff
55555555
5a5a5a5a
00000000
55555554
00000003
5a5a5a5a
00001c74
ffffffff
00000003
5a5a5a5a
00000000
00000002
00000003
5a5a5a5a
00001c74
ffffffff
fffffffe
5a5a5a5a
00000000
fffffffd
0000000b
5a5a5a5a
00001c74
ffffffff
12345678
5a5a5a5a
00000000
12345677
00000003
5a5a5a5a
00001c74
55555555
00000000
5a5a5a5a
00000000
55555555
00000002
5a5a5a5a
00001c74
55555555
00000001
5a5a5a5a
00000000
55555556
00000002
5a5a5a5a
00001c74
55555555
7fffffff
5a5a5a5a
00000000
d5555554
0000000a
5a5a5a5a
00001c74
55555555
80000000
5a5a5a5a
00000000
d5555555
0000000a
5a5a5a5a
00001c74
55555555
ffffffff
5a5a5a5a
00000000
55555554
00000003
5a5a5a5a
00001c74
55555555
55555555
5a5a5a5a
00000000
aaaaaaaa
0000000a
5a5a5a5a
00001c74
55555555
00000003
5a5a5a5a
00000000
55555558
00000002
5a5a5a5a
00001c74
55555555
fffffffe
5a5a5a5a
00000000
55555553
00000003
5a5a5a5a
00001c74
55555555
12345678
5a5a5a5a
00000000
6789abcd
00000002
5a5a5a5a
00001c74
00000003
00000000
5a5a5a5a
00000000
00000003
00000002
5a5a5a5a
00001c74
00000003
00000001
5a5a5a5a
00000000
00000004
00000002
5a5a5a5a
00001c74
00000003
7fffffff
5a5a5a5a
00000000
80000002
0000000a
5a5a5a5a
00001c74
00000003
80000000
5a5a5a5a
00000000
80000003
0000000a
5a5a5a5a
00001c74
00000003
ffffffff
5a5a5a5a
00000000
00000002
00000003
5a5a5a5a
00001c74
00000003
55555555
5a5a5a5a
00000000
55555558
00000002
5a5a5a5a
00001c74
00000003
00000003
5a5a5a5a
00000000
00000006
00000002
5a5a5a5a
00001c74
00000003
fffffffe
5a5a5a5a
00000000
00000001
00000003
5a5a5a5a
00001c74
00000003
12345678
5a5a5a5a
00000000
1234567b
00000002
5a5a5a5a
00001c74
fffffffe
00000000
5a5a5a5a
00000000
fffffffe
0000000a
5a5a5a5a
00001c74
fffffffe
00000001
5a5a5a5a
00000000
ffffffff
0000000a
5a5a5a5a
00001c74
fffffffe
7fffffff
5a5a5a5a
00000000
7ffffffd
00000003
5a5a5a5a
00001c74
fffffffe
80000000
5a5a5a5a
00000000
7ffffffe
00000003
5a5a5a5a
00001c74
fffffffe
ffffffff
5a5a5a5a
00000000
fffffffd
0000000b
5a5a5a5a
00001c74
fffffffe
55555555
5a5a5a5a
00000000
55555553
00000003
5a5a5a5a
00001c74
fffffffe
00000003
5a5a5a5a
00000000
00000001
00000003
5a5a5a5a
00001c74
fffffffe
fffffffe
5a5a5a5a
00000000
fffffffc
0000000b
5a5a5a5a
00001c74
fffffffe
12345678
5a5a5a5a
00000000
12345676
00000003
5a5a5a5a
00001c74
12345678
00000000
5a5a5a5a
00000000
12345678
00000000
5a5a5a5a
00001c74
12345678
00000001
5a5a5a5a
00000000
12345679
00000002
5a5a5a5a
00001c74
12345678
7fffffff
5a5a5a5a
00000000
92345677
0000000a
5a5a5a5a
00001c74
12345678
80000000
5a5a5a5a
00000000
92345678
00000008
5a5a5a5a
00001c74
12345678
ffffffff
5a5a5a5a
00000000
12345677
00000003
5a5a5a5a
00001c74
12345678
55555555
5a5a5a5a
00000000
6789abcd
00000002
5a5a5a5a
00001c74
12345678
00000003
5a5a5a5a
00000000
1234567b
00000002
5a5a5a5a
00001c74
12345678
fffffffe
5a5a5a5a
00000000
12345676
00000003
5a5a5a5a
00001c74
12345678
12345678
5a5a5a5a
00000000
2468acf0
00000000
5a5a5a5a
00001c74
18375aa5
14a5f54c
b5ee5bad
00000000
2cdd4ff1
00000002
b5ee5bad
00001c74
8fa9777f
3da0a3c7
1691e6cb
00000000
cd4a1b46
0000000a
1691e6cb
00001c74
bbb6e593
54d7b05f
69cd524a
00000001
108e95f2
00000003
69cd524a
00001c74
7c0fbf3e
4d29e19c
1a87d269
00000000
c939a0da
0000000a
1a87d269
00001c74
009fd074
136143c9
c71f9428
00000000
1401143d
00000002
c71f9428
00001c74
af16bb57
9d26c9fd
d9e0a454
00000000
4c3d8554
00000003
d9e0a454
00001c74
5feaeae2
ee9586c9
0e7ef23d
00000000
4e8071ab
00000003
0e7ef23d
00001c74
a4fd83d8
69f5a831
12ae171a
00000000
0ef32c09
00000003
12ae171a
00001c94
00000000
00000000
5a5a5a5a
00000000
00000000
00000004
5a5a5a5a
00001c94
00000000
00000001
5a5a5a5a
00000000
ffffffff
0000000b
5a5a5a5a
00001c94
00000000
7fffffff
5a5a5a5a
00000000
80000001
0000000b
5a5a5a5a
00001c94
00000000
80000000
5a5a5a5a
00000000
80000000
0000000b
5a5a5a5a
00001c94
00000000
ffffffff
5a5a5a5a
00000000
00000001
00000003
5a5a5a5a
00001c94
00000000
55555555
5a5a5a5a
00000000
aaaaaaab
0000000b
5a5a5a5a
00001c94
00000000
00000003
5a5a5a5a
00000000
fffffffd
0000000b
5a5a5a5a
00001c94
00000000
fffffffe
5a5a5a5a
00000000
00000002
00000003
5a5a5a5a
00001c94
00000000
12345678
5a5a5a5a
00000000
edcba988
00000009
5a5a5a5a
00001c94
00000001
00000000
5a5a5a5a
00000000
00000001
00000002
5a5a5a5a
00001c94
00000001
00000001
5a5a5a5a
00000000
00000000
00000006
5a5a5a5a
00001c94
00000001
7fffffff
5a5a5a5a
00000000
80000002
0000000b
5a5a5a5a
00001c94
00000001
80000000
5a5a5a5a
00000000
80000001
0000000b
5a5a5a5a
00001c94
00000001
ffffffff
5a5a5a5a
00000000
00000002
00000003
5a5a5a5a
00001c94
00000001
55555555
5a5a5a5a
00000000
aaaaaaac
0000000b
5a5a5a5a
00001c94
00000001
00000003
5a5a5a5a
00000000
fffffffe
0000000b
5a5a5a5a
00001c94
00000001
fffffffe
5a5a5a5a
00000000
00000003
00000003
5a5a5a5a
00001c94
00000001
12345678
5a5a5a5a
00000000
edcba989
0000000b
5a5a5a5a
00001c94
7fffffff
00000000
5a5a5a5a
00000000
7fffffff
00000002
5a5a5a5a
00001c94
7fffffff
00000001
5a5a5a5a
00000000
7ffffffe
00000002
5a5a5a5a
00001c94
7fffffff
7fffffff
5a5a5a5a
00000000
00000000
00000006
5a5a5a5a
00001c94
7fffffff
80000000
5a5a5a5a
00000000
ffffffff
0000000b
5a5a5a5a
00001c94
7fffffff
ffffffff
5a5a5a5a
00000000
80000000
0000000b
5a5a5a5a
00001c94
7fffffff
55555555
5a5a5a5a
00000000
2aaaaaaa
00000002
5a5a5a5a
00001c94
7fffffff
00000003
5a5a5a5a
00000000
7ffffffc
00000002
5a5a5a5a
00001c94
7fffffff
fffffffe
5a5a5a5a
00000000
80000001
0000000b
5a5a5a5a
00001c94
7fffffff
12345678
5a5a5a5a
00000000
6dcba987
00000002
5a5a5a5a
00001c94
80000000
00000000
5a5a5a5a
00000000
80000000
00000008
5a5a5a5a
00001c94
80000000
00000001
5a5a5a5a
00000000
7fffffff
00000002
5a5a5a5a
00001c94
80000000
7fffffff
5a5a5a5a
00000000
00000001
00000002
5a5a5a5a
00001c94
80000000
80000000
5a5a5a5a
00000000
00000000
00000004
5a5a5a5a
00001c94
80000000
ffffffff
5a5a5a5a
00000000
80000001
0000000b
5a5a5a5a
00001c94
80000000
55555555
5a5a5a5a
00000000
2aaaaaab
00000002
5a5a5a5a
00001c94
80000000
00000003
5a5a5a5a
00000000
7ffffffd
00000002
5a5a5a5a
00001c94
80000000
fffffffe
5a5a5a5a
00000000
80000002
0000000b
5a5a5a5a
00001c94
80000000
12345678
5a5a5a5a
00000000
6dcba988
00000002
5a5a5a5a
00001c94
ffffffff
00000000
5a5a5a5a
00000000
ffffffff
0000000a
5a5a5a5a
00001c94
ffffffff
00000001
5a5a5a5a
00000000
fffffffe
0000000a
5a5a5a5a
00001c94
ffffffff
7fffffff
5a5a5a5a
00000000
80000000
0000000a
5a5a5a5a
00001c94
ffffffff
80000000
5a5a5a5a
00000000
7fffffff
00000002
5a5a5a5a
00001c94
ffffffff
ffffffff
5a5a5a5a
00000000
00000000
00000006
5a5a5a5a
00001c94
ffffffff
55555555
5a5a5a5a
00000000
aaaaaaaa
0000000a
5a5a5a5a
00001c94
ffffffff
00000003
5a5a5a5a
00000000
fffffffc
0000000a
5a5a5a5a
00001c94
ffffffff
fffffffe
5a5a5a5a
00000000
00000001
00000002
5a5a5a5a
00001c94
ffffffff
12345678
5a5a5a5a
00000000
edcba987
0000000a
5a5a5a5a
00001c94
55555555
00000000
5a5a5a5a
00000000
55555555
00000002
5a5a5a5a
00001c94
55555555
00000001
5a5a5a5a
00000000
55555554
00000002
5a5a5a5a
00001c94
55555555
7fffffff
5a5a5a5a
00000000
d5555556
0000000b
5a5a5a5a
00001c94
55555555
80000000
5a5a5a5a
00000000
d5555555
0000000b
5a5a5a5a
00001c94
55555555
ffffffff
5a5a5a5a
00000000
55555556
00000003
5a5a5a5a
00001c94
55555555
55555555
5a5a5a5a
00000000
00000000
00000006
5a5a5a5a
00001c94
55555555
00000003
5a5a5a5a
00000000
55555552
00000002
5a5a5a5a
00001c94
55555555
fffffffe
5a5a5a5a
00000000
55555557
00000003
5a5a5a5a
00001c94
55555555
12345678
5a5a5a5a
00000000
4320fedd
00000002
5a5a5a5a
00001c94
00000003
00000000
5a5a5a5a
00000000
00000003
00000002
5a5a5a5a
00001c94
00000003
00000001
5a5a5a5a
00000000
00000002
00000002
5a5a5a5a
00001c94
00000003
7fffffff
5a5a5a5a
00000000
80000004
0000000b
5a5a5a5a
00001c94
00000003
80000000
5a5a5a5a
00000000
80000003
0000000b
5a5a5a5a
00001c94
00000003
ffffffff
5a5a5a5a
00000000
00000004
00000003
5a5a5a5a
00001c94
00000003
55555555
5a5a5a5a
00000000
aaaaaaae
0000000b
5a5a5a5a
00001c94
00000003
00000003
5a5a5a5a
00000000
00000000
00000006
5a5a5a5a
00001c94
00000003
fffffffe
5a5a5a5a
00000000
00000005
00000003
5a5a5a5a
00001c94
00000003
12345678
5a5a5a5a
00000000
edcba98b
0000000b
5a5a5a5a
00001c94
fffffffe
00000000
5a5a5a5a
00000000
fffffffe
0000000a
5a5a5a5a
00001c94
fffffffe
00000001
5a5a5a5a
00000000
fffffffd
0000000a
5a5a5a5a
00001c94
fffffffe
7fffffff
5a5a5a5a
00000000
7fffffff
00000002
5a5a5a5a
00001c94
fffffffe
80000000
5a5a5a5a
00000000
7ffffffe
00000002
5a5a5a5a
00001c94
fffffffe
ffffffff
5a5a5a5a
00000000
ffffffff
0000000b
5a5a5a5a
00001c94
fffffffe
55555555
5a5a5a5a
00000000
aaaaaaa9
0000000a
5a5a5a5a
00001c94
fffffffe
00000003
5a5a5a5a
00000000
fffffffb
0000000a
5a5a5a5a
00001c94
fffffffe
fffffffe
5a5a5a5a
00000000
00000000
00000006
5a5a5a5a
00001c94
fffffffe
12345678
5a5a5a5a
00000000
edcba986
0000000a
5a5a5a5a
00001c94
12345678
00000000
5a5a5a5a
00000000
12345678
00000000
5a5a5a5a
00001c94
12345678
00000001
5a5a5a5a
00000000
12345677
00000002
5a5a5a5a
00001c94
12345678
7fffffff
5a5a5a5a
00000000
92345679
0000000b
5a5a5a5a
00001c94
12345678
80000000
5a5a5a5a
00000000
92345678
0000000b
5a5a5a5a
00001c94
12345678
ffffffff
5a5a5a5a
00000000
12345679
00000003
5a5a5a5a
00001c94
12345678
55555555
5a5a5a5a
00000000
bcdf0123
0000000b
5a5a5a5a
00001c94
12345678
00000003
5a5a5a5a
00000000
12345675
00000002
5a5a5a5a
00001c94
12345678
fffffffe
5a5a5a5a
00000000
1234567a
00000003
5a5a5a5a
00001c94
12345678
12345678
5a5a5a5a
00000000
00000000
00000004
5a5a5a5a
00001c94
bd28ef0c
b8021f95
54295cbe
00000000
0526cf77
00000002
54295cbe
00001c94
bb5b976d
0f1561f7
0042d593
00000001
ac463576
0000000a
0042d593
00001c94
72c28a48
b6869ba5
b8a4b2ee
00000000
bc3beea3
0000000b
b8a4b2ee
00001c94
a6b731ac
ab78428c
d9fb54d7
00000000
fb3eef20
00000009
d9fb54d7
00001c94
8b7a73b2
aacf368f
20837647
00000001
e0ab3d23
0000000b
20837647
00001c94
26366551
40820472
5bb76ecd
00000001
e5b460df
0000000b
5bb76ecd
00001c94
437c1cd3
1f0e24cf
22c76cd4
00000001
246df804
00000002
22c76cd4
00001c94
5786b468
545d59e1
6080baa6
00000000
03295a87
00000002
6080baa6
00001cb4
00000000
00000000
5a5a5a5a
00000000
00000000
00000004
5a5a5a5a
00001cb4
00000000
00000001
5a5a5a5a
00000000
00000000
000a0404
5a5a5a5a
00001cb4
00000000
7fffffff
5a5a5a5a
00000000
00000000
000a0404
5a5a5a5a
00001cb4
00000000
80000000
5a5a5a5a
00000000
80000000
00000008
5a5a5a5a
00001cb4
00000000
ffffffff
5a5a5a5a
00000000
00000000
000a0404
5a5a5a5a
00001cb4
00000000
55555555
5a5a5a5a
00000000
00000000
000a0404
5a5a5a5a
00001cb4
00000000
00000003
5a5a5a5a
00000000
00000000
000a0404
5a5a5a5a
00001cb4
00000000
fffffffe
5a5a5a5a
00000000
00000000
000a0404
5a5a5a5a
00001cb4
00000000
12345678
5a5a5a5a
00000000
12345678
00000000
5a5a5a5a
00001cb4
00000001
00000000
5a5a5a5a
00000000
00000001
000a0404
5a5a5a5a
00001cb4
00000001
00000001
5a5a5a5a
00000000
00000001
000a0404
5a5a5a5a
00001cb4
00000001
7fffffff
5a5a5a5a
00000000
00000001
000a0404
5a5a5a5a
00001cb4
00000001
80000000
5a5a5a5a
00000000
00000001
000a0404
5a5a5a5a
00001cb4
00000001
ffffffff
5a5a5a5a
00000000
00000001
000a0404
5a5a5a5a
00001cb4
00000001
55555555
5a5a5a5a
00000000
00000001
000a0404
5a5a5a5a
00001cb4
00000001
00000003
5a5a5a5a
00000000
00000001
000a0404
5a5a5a5a
00001cb4
00000001
fffffffe
5a5a5a5a
00000000
00000001
000a0404
5a5a5a5a
00001cb4
00000001
12345678
5a5a5a5a
00000000
00000001
000a0404
5a5a5a5a
00001cb4
7fffffff
00000000
5a5a5a5a
00000000
7fffffff
000a0404
5a5a5a5a
00001cb4
7fffffff
00000001
5a5a5a5a
00000000
7fffffff
000a0404
5a5a5a5a
00001cb4
7fffffff
7fffffff
5a5a5a5a
00000000
7fffffff
000a0404
5a5a5a5a
00001cb4
7fffffff
80000000
5a5a5a5a
00000000
7fffffff
000a0404
5a5a5a5a
00001cb4
7fffffff
ffffffff
5a5a5a5a
00000000
7fffffff
000a0404
5a5a5a5a
00001cb4
7fffffff
55555555
5a5a5a5a
00000000
7fffffff
000a0404
5a5a5a5a
00001cb4
7fffffff
00000003
5a5a5a5a
00000000
7fffffff
000a0404
5a5a5a5a
00001cb4
7fffffff
fffffffe
5a5a5a5a
00000000
7fffffff
000a0404
5a5a5a5a
00001cb4
7fffffff
12345678
5a5a5a5a
00000000
7fffffff
000a0404
5a5a5a5a
00001cb4
80000000
00000000
5a5a5a5a
00000000
80000000
00000008
5a5a5a5a
00001cb4
80000000
00000001
5a5a5a5a
00000000
80000000
000a0404
5a5a5a5a
00001cb4
80000000
7fffffff
5a5a5a5a
00000000
80000000
000a0404
5a5a5a5a
00001cb4
80000000
80000000
5a5a5a5a
00000000
80000000
000a0404
5a5a5a5a
00001cb4
80000000
ffffffff
5a5a5a5a
00000000
80000000
000a0404
5a5a5a5a
00001cb4
80000000
55555555
5a5a5a5a
00000000
80000000
000a0404
5a5a5a5a
00001cb4
80000000
00000003
5a5a5a5a
00000000
80000000
000a0404
5a5a5a5a
00001cb4
80000000
fffffffe
5a5a5a5a
00000000
80000000
000a0404
5a5a5a5a
00001cb4
80000000
12345678
5a5a5a5a
00000000
92345678
00000008
5a5a5a5a
00001cb4
ffffffff
00000000
5a5a5a5a
00000000
ffffffff
000a0404
5a5a5a5a
00001cb4
ffffffff
00000001
5a5a5a5a
00000000
ffffffff
000a0404
5a5a5a5a
00001cb4
ffffffff
7fffffff
5a5a5a5a
00000000
ffffffff
000a0404
5a5a5a5a
00001cb4
ffffffff
80000000
5a5a5a5a
00000000
ffffffff
000a0404
5a5a5a5a
00001cb4
ffffffff
ffffffff
5a5a5a5a
00000000
ffffffff
000a0404
5a5a5a5a
00001cb4
ffffffff
55555555
5a5a5a5a
00000000
ffffffff
000a0404
5a5a5a5a
00001cb4
ffffffff
00000003
5a5a5a5a
00000000
ffffffff
000a0404
5a5a5a5a
00001cb4
ffffffff
fffffffe
5a5a5a5a
00000000
ffffffff
000a0404
5a5a5a5a
00001cb4
ffffffff
12345678
5a5a5a5a
00000000
ffffffff
000a0404
5a5a5a5a
00001cb4
55555555
00000000
5a5a5a5a
00000000
55555555
000a0404
5a5a5a5a
00001cb4
55555555
00000001
5a5a5a5a
00000000
55555555
000a0404
5a5a5a5a
00001cb4
55555555
7fffffff
5a5a5a5a
00000000
55555555
000a0404
5a5a5a5a
00001cb4
55555555
80000000
5a5a5a5a
00000000
55555555
000a0404
5a5a5a5a
00001cb4
55555555
ffffffff
5a5a5a5a
00000000
55555555
000a0404
5a5a5a5a
00001cb4
55555555
55555555
5a5a5a5a
00000000
55555555
000a0404
5a5a5a5a
00001cb4
55555555
00000003
5a5a5a5a
00000000
55555555
000a0404
5a5a5a5a
00001cb4
55555555
fffffffe
5a5a5a5a
00000000
55555555
000a0404
5a5a5a5a
00001cb4
55555555
12345678
5a5a5a5a
00000000
55555555
000a0404
5a5a5a5a
00001cb4
00000003
00000000
5a5a5a5a
00000000
00000003
000a0404
5a5a5a5a
00001cb4
00000003
00000001
5a5a5a5a
00000000
00000003
000a0404
5a5a5a5a
00001cb4
00000003
7fffffff
5a5a5a5a
00000000
00000003
000a0404
5a5a5a5a
00001cb4
00000003
80000000
5a5a5a5a
00000000
00000003
000a0404
5a5a5a5a
00001cb4
00000003
ffffffff
5a5a5a5a
00000000
00000003
000a0404
5a5a5a5a
00001cb4
00000003
55555555
5a5a5a5a
00000000
00000003
000a0404
5a5a5a5a
00001cb4
00000003
00000003
5a5a5a5a
00000000
00000003
000a0404
5a5a5a5a
00001cb4
00000003
fffffffe
5a5a5a5a
00000000
00000003
000a0404
5a5a5a5a
00001cb4
00000003
12345678
5a5a5a5a
00000000
00000003
000a0404
5a5a5a5a
00001cb4
fffffffe
00000000
5a5a5a5a
00000000
fffffffe
000a0404
5a5a5a5a
00001cb4
fffffffe
00000001
5a5a5a5a
00000000
fffffffe
000a0404
5a5a5a5a
00001cb4
fffffffe
7fffffff
5a5a5a5a
00000000
fffffffe
000a0404
5a5a5a5a
00001cb4
fffffffe
80000000
5a5a5a5a
00000000
fffffffe
000a0404
5a5a5a5a
00001cb4
fffffffe
ffffffff
5a5a5a5a
00000000
fffffffe
000a0404
5a5a5a5a
00001cb4
fffffffe
55555555
5a5a5a5a
00000000
fffffffe
000a0404
5a5a5a5a
00001cb4
fffffffe
00000003
5a5a5a5a
00000000
fffffffe
000a0404
5a5a5a5a
00001cb4
fffffffe
fffffffe
5a5a5a5a
00000000
fffffffe
000a0404
5a5a5a5a
00001cb4
fffffffe
12345678
5a5a5a5a
00000000
fffffffe
000a0404
5a5a5a5a
00001cb4
12345678
00000000
5a5a5a5a
00000000
12345678
00000000
5a5a5a5a
00001cb4
12345678
00000001
5a5a5a5a
00000000
12345678
000a0404
5a5a5a5a
00001cb4
12345678
7fffffff
5a5a5a5a
00000000
12345678
000a0404
5a5a5a5a
00001cb4
12345678
80000000
5a5a5a5a
00000000
92345678
00000008
5a5a5a5a
00001cb4
12345678
ffffffff
5a5a5a5a
00000000
12345678
000a0404
5a5a5a5a
00001cb4
12345678
55555555
5a5a5a5a
00000000
12345678
000a0404
5a5a5a5a
00001cb4
12345678
00000003
5a5a5a5a
00000000
12345678
000a0404
5a5a5a5a
00001cb4
12345678
fffffffe
5a5a5a5a
00000000
12345678
000a0404
5a5a5a5a
00001cb4
12345678
12345678
5a5a5a5a
00000000
2468acf0
00000000
5a5a5a5a
00001cb4
0ca0cf55
1defc090
769ad4ac
00000000
0ca0cf55
000a0404
769ad4ac
00001cb4
9653b073
d2356dc5
6282f91c
00000000
9653b073
000a0404
6282f91c
00001cb4
b31e05cd
df670d63
db7178aa
00000001
b31e05cd
000a0409
db7178aa
00001cb4
b02095dc
0d361161
3e1b3b3a
00000001
b02095dc
000a0409
3e1b3b3a
00001cb4
710dec61
c753e659
47b4ddac
00000001
710dec61
000a0409
47b4ddac
00001cb4
305f2b47
8e9d3094
ec483f8c
00000001
305f2b47
000a0409
ec483f8c
00001cb4
4774e393
2b1ed7f5
73cc1e30
00000000
4774e393
000a0404
73cc1e30
00001cb4
bf7f5b8d
f391991d
85846dc7
00000001
bf7f5b8d
000a0409
85846dc7
00001cd4
00000000
00000000
5a5a5a5a
00000000
00000000
00000004
5a5a5a5a
00001cd4
00000000
00000001
5a5a5a5a
00000000
00000000
000a0404
5a5a5a5a
00001cd4
00000000
7fffffff
5a5a5a5a
00000000
00000000
000a0404
5a5a5a5a
00001cd4
00000000
80000000
5a5a5a5a
00000000
00000000
000a0404
5a5a5a5a
00001cd4
00000000
ffffffff
5a5a5a5a
00000000
00000000
000a0404
5a5a5a5a
00001cd4
00000000
55555555
5a5a5a5a
00000000
00000000
000a0404
5a5a5a5a
00001cd4
00000000
00000003
5a5a5a5a
00000000
00000000
000a0404
5a5a5a5a
00001cd4
00000000
fffffffe
5a5a5a5a
00000000
00000000
000a0404
5a5a5a5a
00001cd4
00000000
12345678
5a5a5a5a
00000000
edcba988
00000009
5a5a5a5a
00001cd4
00000001
00000000
5a5a5a5a
00000000
00000001
000a0404
5a5a5a5a
00001cd4
00000001
00000001
5a5a5a5a
00000000
00000001
000a0404
5a5a5a5a
00001cd4
00000001
7fffffff
5a5a5a5a
00000000
00000001
000a0404
5a5a5a5a
00001cd4
00000001
80000000
5a5a5a5a
00000000
00000001
000a0404
5a5a5a5a
00001cd4
00000001
ffffffff
5a5a5a5a
00000000
00000001
000a0404
5a5a5a5a
00001cd4
00000001
55555555
5a5a5a5a
00000000
00000001
000a0404
5a5a5a5a
00001cd4
00000001
00000003
5a5a5a5a
00000000
00000001
000a0404
5a5a5a5a
00001cd4
00000001
fffffffe
5a5a5a5a
00000000
00000001
000a0404
5a5a5a5a
00001cd4
00000001
12345678
5a5a5a5a
00000000
00000001
000a0404
5a5a5a5a
00001cd4
7fffffff
00000000
5a5a5a5a
00000000
7fffffff
000a0404
5a5a5a5a
00001cd4
7fffffff
00000001
5a5a5a5a
00000000
7fffffff
000a0404
5a5a5a5a
00001cd4
7fffffff
7fffffff
5a5a5a5a
00000000
7fffffff
000a0404
5a5a5a5a
00001cd4
7fffffff
80000000
5a5a5a5a
00000000
7fffffff
000a0404
5a5a5a5a
00001cd4
7fffffff
ffffffff
5a5a5a5a
00000000
7fffffff
000a0404
5a5a5a5a
00001cd4
7fffffff
55555555
5a5a5a5a
00000000
7fffffff
000a0404
5a5a5a5a
00001cd4
7fffffff
00000003
5a5a5a5a
00000000
7fffffff
000a0404
5a5a5a5a
00001cd4
7fffffff
fffffffe
5a5a5a5a
00000000
7fffffff
000a0404
5a5a5a5a
00001cd4
7fffffff
12345678
5a5a5a5a
00000000
7fffffff
000a0404
5a5a5a5a
00001cd4
80000000
00000000
5a5a5a5a
00000000
80000000
00000008
5a5a5a5a
00001cd4
80000000
00000001
5a5a5a5a
00000000
80000000
000a0404
5a5a5a5a
00001cd4
80000000
7fffffff
5a5a5a5a
00000000
80000000
000a0404
5a5a5a5a
00001cd4
80000000
80000000
5a5a5a5a
00000000
00000000
00000004
5a5a5a5a
00001cd4
80000000
ffffffff
5a5a5a5a
00000000
80000000
000a0404
5a5a5a5a
00001cd4
80000000
55555555
5a5a5a5a
00000000
80000000
000a0404
5a5a5a5a
00001cd4
80000000
00000003
5a5a5a5a
00000000
80000000
000a0404
5a5a5a5a
00001cd4
80000000
fffffffe
5a5a5a5a
00000000
80000000
000a0404
5a5a5a5a
00001cd4
80000000
12345678
5a5a5a5a
00000000
80000000
000a0404
5a5a5a5a
00001cd4
ffffffff
00000000
5a5a5a5a
00000000
ffffffff
000a0404
5a5a5a5a
00001cd4
ffffffff
00000001
5a5a5a5a
00000000
ffffffff
000a0404
5a5a5a5a
00001cd4
ffffffff
7fffffff
5a5a5a5a
00000000
ffffffff
000a0404
5a5a5a5a
00001cd4
ffffffff
80000000
5a5a5a5a
00000000
ffffffff
000a0404
5a5a5a5a
00001cd4
ffffffff
ffffffff
5a5a5a5a
00000000
ffffffff
000a0404
5a5a5a5a
00001cd4
ffffffff
55555555
5a5a5a5a
00000000
ffffffff
000a0404
5a5a5a5a
00001cd4
ffffffff
00000003
5a5a5a5a
00000000
ffffffff
000a0404
5a5a5a5a
00001cd4
ffffffff
fffffffe
5a5a5a5a
00000000
ffffffff
000a0404
5a5a5a5a
00001cd4
ffffffff
12345678
5a5a5a5a
00000000
ffffffff
000a0404
5a5a5a5a
00001cd4
55555555
00000000
5a5a5a5a
00000000
55555555
000a0404
5a5a5a5a
00001cd4
55555555
00000001
5a5a5a5a
00000000
55555555
000a0404
5a5a5a5a
00001cd4
55555555
7fffffff
5a5a5a5a
00000000
55555555
000a0404
5a5a5a5a
00001cd4
55555555
80000000
5a5a5a5a
00000000
55555555
000a0404
5a5a5a5a
00001cd4
55555555
ffffffff
5a5a5a5a
00000000
55555555
000a0404
5a5a5a5a
00001cd4
55555555
55555555
5a5a5a5a
00000000
55555555
000a0404
5a5a5a5a
00001cd4
55555555
00000003
5a5a5a5a
00000000
55555555
000a0404
5a5a5a5a
00001cd4
55555555
fffffffe
5a5a5a5a
00000000
55555555
000a0404
5a5a5a5a
00001cd4
55555555
12345678
5a5a5a5a
00000000
55555555
000a0404
5a5a5a5a
00001cd4
00000003
00000000
5a5a5a5a
00000000
00000003
000a0404
5a5a5a5a
00001cd4
00000003
00000001
5a5a5a5a
00000000
00000003
000a0404
5a5a5a5a
00001cd4
00000003
7fffffff
5a5a5a5a
00000000
00000003
000a0404
5a5a5a5a
00001cd4
00000003
80000000
5a5a5a5a
00000000
00000003
000a0404
5a5a5a5a
00001cd4
00000003
ffffffff
5a5a5a5a
00000000
00000003
000a0404
5a5a5a5a
00001cd4
00000003
55555555
5a5a5a5a
00000000
00000003
000a0404
5a5a5a5a
00001cd4
00000003
00000003
5a5a5a5a
00000000
00000003
000a0404
5a5a5a5a
00001cd4
00000003
fffffffe
5a5a5a5a
00000000
00000003
000a0404
5a5a5a5a
00001cd4
00000003
12345678
5a5a5a5a
00000000
00000003
000a0404
5a5a5a5a
00001cd4
fffffffe
00000000
5a5a5a5a
00000000
fffffffe
000a0404
5a5a5a5a
00001cd4
fffffffe
00000001
5a5a5a5a
00000000
fffffffe
000a0404
5a5a5a5a
00001cd4
fffffffe
7fffffff
5a5a5a5a
00000000
fffffffe
000a0404
5a5a5a5a
00001cd4
fffffffe
80000000
5a5a5a5a
00000000
fffffffe
000a0404
5a5a5a5a
00001cd4
fffffffe
ffffffff
5a5a5a5a
00000000
fffffffe
000a0404
5a5a5a5a
00001cd4
fffffffe
55555555
5a5a5a5a
00000000
fffffffe
000a0404
5a5a5a5a
00001cd4
fffffffe
00000003
5a5a5a5a
00000000
fffffffe
000a0404
5a5a5a5a
00001cd4
fffffffe
fffffffe
5a5a5a5a
00000000
fffffffe
000a0404
5a5a5a5a
00001cd4
fffffffe
12345678
5a5a5a5a
00000000
fffffffe
000a0404
5a5a5a5a
00001cd4
12345678
00000000
5a5a5a5a
00000000
12345678
00000000
5a5a5a5a
00001cd4
12345678
00000001
5a5a5a5a
00000000
12345678
000a0404
5a5a5a5a
00001cd4
12345678
7fffffff
5a5a5a5a
00000000
12345678
000a0404
5a5a5a5a
00001cd4
12345678
80000000
5a5a5a5a
00000000
12345678
000a0404
5a5a5a5a
00001cd4
12345678
ffffffff
5a5a5a5a
00000000
12345678
000a0404
5a5a5a5a
00001cd4
12345678
55555555
5a5a5a5a
00000000
12345678
000a0404
5a5a5a5a
00001cd4
12345678
00000003
5a5a5a5a
00000000
12345678
000a0404
5a5a5a5a
00001cd4
12345678
fffffffe
5a5a5a5a
00000000
12345678
000a0404
5a5a5a5a
00001cd4
12345678
12345678
5a5a5a5a
00000000
00000000
00000004
5a5a5a5a
00001cd4
d63703fa
79c9cef4
41cdb6fc
00000000
d63703fa
000a0404
41cdb6fc
00001cd4
8475972f
c36985d8
e30caa33
00000001
8475972f
000a0409
e30caa33
00001cd4
408a2d44
0e7cd282
711a5211
00000000
408a2d44
000a0404
711a5211
00001cd4
4412b344
ad089b48
e1fa7b53
00000000
4412b344
000a0404
e1fa7b53
00001cd4
a6f70005
28097ba7
5757a6c0
00000000
a6f70005
000a0404
5757a6c0
00001cd4
6ddb5e58
03316f74
c3d732c1
00000000
6aa9eee4
00000000
c3d732c1
00001cd4
2bfebcc4
59157aff
948a13d9
00000001
2bfebcc4
000a0409
948a13d9
00001cd4
82074801
8d8d1efa
9419437b
00000001
82074801
000a0409
9419437b
00001cf4
00000000
fffff000
00000000
00000000
fffff000
00000004
00000000
00001cf4
00000000
fffff000
a5a5a5a5
00000001
fffff000
00000009
a5a5a5a5
00001cf4
00000001
fffff000
00000000
00000000
fffff001
00000004
00000000
00001cf4
00000001
fffff000
a5a5a5a5
00000001
fffff001
00000009
a5a5a5a5
00001cf4
7fffffff
fffff000
00000000
00000000
7fffefff
00000004
00000000
00001cf4
7fffffff
fffff000
a5a5a5a5
00000001
7fffefff
00000009
a5a5a5a5
00001cf4
80000000
fffff000
00000000
00000000
7ffff000
00000004
00000000
00001cf4
80000000
fffff000
a5a5a5a5
00000001
7ffff000
00000009
a5a5a5a5
00001cf4
ffffffff
fffff000
00000000
00000000
ffffefff
00000004
00000000
00001cf4
ffffffff
fffff000
a5a5a5a5
00000001
ffffefff
00000009
a5a5a5a5
00001cf4
12345678
fffff000
00000000
00000000
12344678
00000004
00000000
00001cf4
12345678
fffff000
a5a5a5a5
00000001
12344678
00000009
a5a5a5a5
00001cf4
00000003
fffff000
00000000
00000000
fffff003
00000004
00000000
00001cf4
00000003
fffff000
a5a5a5a5
00000001
fffff003
00000009
a5a5a5a5
00001cf4
00001000
fffff000
00000000
00000000
00000000
00000004
00000000
00001cf4
00001000
fffff000
a5a5a5a5
00000001
00000000
00000009
a5a5a5a5
00001d14
00000000
00000fff
00000000
00000000
00000fff
00000004
00000000
00001d14
00000000
00000fff
a5a5a5a5
00000001
00000fff
00000009
a5a5a5a5
00001d14
00000001
00000fff
00000000
00000000
00001000
00000004
00000000
00001d14
00000001
00000fff
a5a5a5a5
00000001
00001000
00000009
a5a5a5a5
00001d14
7fffffff
00000fff
00000000
00000000
80000ffe
00000004
00000000
00001d14
7fffffff
00000fff
a5a5a5a5
00000001
80000ffe
00000009
a5a5a5a5
00001d14
80000000
00000fff
00000000
00000000
80000fff
00000004
00000000
00001d14
80000000
00000fff
a5a5a5a5
00000001
80000fff
00000009
a5a5a5a5
00001d14
ffffffff
00000fff
00000000
00000000
00000ffe
00000004
00000000
00001d14
ffffffff
00000fff
a5a5a5a5
00000001
00000ffe
00000009
a5a5a5a5
00001d14
12345678
00000fff
00000000
00000000
12346677
00000004
00000000
00001d14
12345678
00000fff
a5a5a5a5
00000001
12346677
00000009
a5a5a5a5
00001d14
00000003
00000fff
00000000
00000000
00001002
00000004
00000000
00001d14
00000003
00000fff
a5a5a5a5
00000001
00001002
00000009
a5a5a5a5
00001d14
00001000
00000fff
00000000
00000000
00001fff
00000004
00000000
00001d14
00001000
00000fff
a5a5a5a5
00000001
00001fff
00000009
a5a5a5a5
00001d34
00000000
ffffffff
00000000
00000000
ffffffff
00000008
00000000
00001d34
00000000
ffffffff
a5a5a5a5
00000001
ffffffff
00000008
a5a5a5a5
00001d34
00000001
ffffffff
00000000
00000000
00000000
00000005
00000000
00001d34
00000001
ffffffff
a5a5a5a5
00000001
00000000
00000005
a5a5a5a5
00001d34
7fffffff
ffffffff
00000000
00000000
7ffffffe
00000001
00000000
00001d34
7fffffff
ffffffff
a5a5a5a5
00000001
7ffffffe
00000001
a5a5a5a5
00001d34
80000000
ffffffff
00000000
00000000
7fffffff
00000003
00000000
00001d34
80000000
ffffffff
a5a5a5a5
00000001
7fffffff
00000003
a5a5a5a5
00001d34
ffffffff
ffffffff
00000000
00000000
fffffffe
00000009
00000000
00001d34
ffffffff
ffffffff
a5a5a5a5
00000001
fffffffe
00000009
a5a5a5a5
00001d34
12345678
ffffffff
00000000
00000000
12345677
00000001
00000000
00001d34
12345678
ffffffff
a5a5a5a5
00000001
12345677
00000001
a5a5a5a5
00001d34
00000003
ffffffff
00000000
00000000
00000002
00000001
00000000
00001d34
00000003
ffffffff
a5a5a5a5
00000001
00000002
00000001
a5a5a5a5
00001d34
00001000
ffffffff
00000000
00000000
00000fff
00000001
00000000
00001d34
00001000
ffffffff
a5a5a5a5
00000001
00000fff
00000001
a5a5a5a5
00001d54
00000000
00000001
00000000
00000000
00000001
00000000
00000000
00001d54
00000000
00000001
a5a5a5a5
00000001
00000001
00000000
a5a5a5a5
00001d54
00000001
00000001
00000000
00000000
00000002
00000000
00000000
00001d54
00000001
00000001
a5a5a5a5
00000001
00000002
00000000
a5a5a5a5
00001d54
7fffffff
00000001
00000000
00000000
80000000
0000000a
00000000
00001d54
7fffffff
00000001
a5a5a5a5
00000001
80000000
0000000a
a5a5a5a5
00001d54
80000000
00000001
00000000
00000000
80000001
00000008
00000000
00001d54
80000000
00000001
a5a5a5a5
00000001
80000001
00000008
a5a5a5a5
00001d54
ffffffff
00000001
00000000
00000000
00000000
00000005
00000000
00001d54
ffffffff
00000001
a5a5a5a5
00000001
00000000
00000005
a5a5a5a5
00001d54
12345678
00000001
00000000
00000000
12345679
00000000
00000000
00001d54
12345678
00000001
a5a5a5a5
00000001
12345679
00000000
a5a5a5a5
00001d54
00000003
00000001
00000000
00000000
00000004
00000000
00000000
00001d54
00000003
00000001
a5a5a5a5
00000001
00000004
00000000
a5a5a5a5
00001d54
00001000
00000001
00000000
00000000
00001001
00000000
00000000
00001d54
00001000
00000001
a5a5a5a5
00000001
00001001
00000000
a5a5a5a5
00001d74
00000000
00000001
00000000
00000000
ffffffff
00000009
00000000
00001d74
00000000
00000001
a5a5a5a5
00000001
ffffffff
00000009
a5a5a5a5
00001d74
00000001
00000001
00000000
00000000
00000000
00000004
00000000
00001d74
00000001
00000001
a5a5a5a5
00000001
00000000
00000004
a5a5a5a5
00001d74
7fffffff
00000001
00000000
00000000
7ffffffe
00000000
00000000
00001d74
7fffffff
00000001
a5a5a5a5
00000001
7ffffffe
00000000
a5a5a5a5
00001d74
80000000
00000001
00000000
00000000
7fffffff
00000002
00000000
00001d74
80000000
00000001
a5a5a5a5
00000001
7fffffff
00000002
a5a5a5a5
00001d74
ffffffff
00000001
00000000
00000000
fffffffe
00000008
00000000
00001d74
ffffffff
00000001
a5a5a5a5
00000001
fffffffe
00000008
a5a5a5a5
00001d74
12345678
00000001
00000000
00000000
12345677
00000000
00000000
00001d74
12345678
00000001
a5a5a5a5
00000001
12345677
00000000
a5a5a5a5
00001d74
00000003
00000001
00000000
00000000
00000002
00000000
00000000
00001d74
00000003
00000001
a5a5a5a5
00000001
00000002
00000000
a5a5a5a5
00001d74
00001000
00000001
00000000
00000000
00000fff
00000000
00000000
00001d74
00001000
00000001
a5a5a5a5
00000001
00000fff
00000000
a5a5a5a5
00001d94
00000000
fffff000
00000000
00000000
00001000
00000001
00000000
00001d94
00000000
fffff000
a5a5a5a5
00000001
00001000
00000001
a5a5a5a5
00001d94
00000001
fffff000
00000000
00000000
00001001
00000001
00000000
00001d94
00000001
fffff000
a5a5a5a5
00000001
00001001
00000001
a5a5a5a5
00001d94
7fffffff
fffff000
00000000
00000000
80000fff
0000000b
00000000
00001d94
7fffffff
fffff000
a5a5a5a5
00000001
80000fff
0000000b
a5a5a5a5
00001d94
80000000
fffff000
00000000
00000000
80001000
00000009
00000000
00001d94
80000000
fffff000
a5a5a5a5
00000001
80001000
00000009
a5a5a5a5
00001d94
ffffffff
fffff000
00000000
00000000
00000fff
00000000
00000000
00001d94
ffffffff
fffff000
a5a5a5a5
00000001
00000fff
00000000
a5a5a5a5
00001d94
12345678
fffff000
00000000
00000000
12346678
00000001
00000000
00001d94
12345678
fffff000
a5a5a5a5
00000001
12346678
00000001
a5a5a5a5
00001d94
00000003
fffff000
00000000
00000000
00001003
00000001
00000000
00001d94
00000003
fffff000
a5a5a5a5
00000001
00001003
00000001
a5a5a5a5
00001d94
00001000
fffff000
00000000
00000000
00002000
00000001
00000000
00001d94
00001000
fffff000
a5a5a5a5
00000001
00002000
00000001
a5a5a5a5
00001db4
00000000
00000000
00000000
00000000
00000000
00000004
00000000
00001db4
00000000
00000000
a5a5a5a5
00000001
00000001
00000000
a5a5a5a5
00001db4
00000001
00000000
00000000
00000000
00000001
00000000
00000000
00001db4
00000001
00000000
a5a5a5a5
00000001
00000002
00000000
a5a5a5a5
00001db4
7fffffff
00000000
00000000
00000000
7fffffff
00000000
00000000
00001db4
7fffffff
00000000
a5a5a5a5
00000001
80000000
0000000a
a5a5a5a5
00001db4
80000000
00000000
00000000
00000000
80000000
00000008
00000000
00001db4
80000000
00000000
a5a5a5a5
00000001
80000001
00000008
a5a5a5a5
00001db4
ffffffff
00000000
00000000
00000000
ffffffff
00000008
00000000
00001db4
ffffffff
00000000
a5a5a5a5
00000001
00000000
00000005
a5a5a5a5
00001db4
12345678
00000000
00000000
00000000
12345678
00000000
00000000
00001db4
12345678
00000000
a5a5a5a5
00000001
12345679
00000000
a5a5a5a5
00001db4
00000003
00000000
00000000
00000000
00000003
00000000
00000000
00001db4
00000003
00000000
a5a5a5a5
00000001
00000004
00000000
a5a5a5a5
00001db4
00001000
00000000
00000000
00000000
00001000
00000000
00000000
00001db4
00001000
00000000
a5a5a5a5
00000001
00001001
00000000
a5a5a5a5
00001dd4
00000000
00000000
00000000
00000000
00000000
00000004
00000000
00001dd4
00000000
00000000
a5a5a5a5
00000001
ffffffff
00000009
a5a5a5a5
00001dd4
00000001
00000000
00000000
00000000
00000001
00000000
00000000
00001dd4
00000001
00000000
a5a5a5a5
00000001
00000000
00000004
a5a5a5a5
00001dd4
7fffffff
00000000
00000000
00000000
7fffffff
00000000
00000000
00001dd4
7fffffff
00000000
a5a5a5a5
00000001
7ffffffe
00000000
a5a5a5a5
00001dd4
80000000
00000000
00000000
00000000
80000000
00000008
00000000
00001dd4
80000000
00000000
a5a5a5a5
00000001
7fffffff
00000002
a5a5a5a5
00001dd4
ffffffff
00000000
00000000
00000000
ffffffff
00000008
00000000
00001dd4
ffffffff
00000000
a5a5a5a5
00000001
fffffffe
00000008
a5a5a5a5
00001dd4
12345678
00000000
00000000
00000000
12345678
00000000
00000000
00001dd4
12345678
00000000
a5a5a5a5
00000001
12345677
00000000
a5a5a5a5
00001dd4
00000003
00000000
00000000
00000000
00000003
00000000
00000000
00001dd4
00000003
00000000
a5a5a5a5
00000001
00000002
00000000
a5a5a5a5
00001dd4
00001000
00000000
00000000
00000000
00001000
00000000
00000000
00001dd4
00001000
00000000
a5a5a5a5
00000001
00000fff
00000000
a5a5a5a5
00001df4
00000000
00000fff
00000000
00000000
00000000
00000004
00000000
00001df4
00000000
00000fff
a5a5a5a5
00000001
00000000
00000009
a5a5a5a5
00001df4
00000001
00000fff
00000000
00000000
00000001
00000004
00000000
00001df4
00000001
00000fff
a5a5a5a5
00000001
00000001
00000009
a5a5a5a5
00001df4
7fffffff
00000fff
00000000
00000000
00000fff
00000004
00000000
00001df4
7fffffff
00000fff
a5a5a5a5
00000001
00000fff
00000009
a5a5a5a5
00001df4
80000000
00000fff
00000000
00000000
00000000
00000004
00000000
00001df4
80000000
00000fff
a5a5a5a5
00000001
00000000
00000009
a5a5a5a5
00001df4
ffffffff
00000fff
00000000
00000000
00000fff
00000004
00000000
00001df4
ffffffff
00000fff
a5a5a5a5
00000001
00000fff
00000009
a5a5a5a5
00001df4
12345678
00000fff
00000000
00000000
00000678
00000004
00000000
00001df4
12345678
00000fff
a5a5a5a5
00000001
00000678
00000009
a5a5a5a5
00001df4
00000003
00000fff
00000000
00000000
00000003
00000004
00000000
00001df4
00000003
00000fff
a5a5a5a5
00000001
00000003
00000009
a5a5a5a5
00001df4
00001000
00000fff
00000000
00000000
00000000
00000004
00000000
00001df4
00001000
00000fff
a5a5a5a5
00000001
00000000
00000009
a5a5a5a5
00001e14
00000000
fffffffe
00000000
00000000
00000000
00000004
00000000
00001e14
00000000
fffffffe
a5a5a5a5
00000001
00000000
00000004
a5a5a5a5
00001e14
00000001
fffffffe
00000000
00000000
00000000
00000004
00000000
00001e14
00000001
fffffffe
a5a5a5a5
00000001
00000000
00000004
a5a5a5a5
00001e14
7fffffff
fffffffe
00000000
00000000
7ffffffe
00000000
00000000
00001e14
7fffffff
fffffffe
a5a5a5a5
00000001
7ffffffe
00000000
a5a5a5a5
00001e14
80000000
fffffffe
00000000
00000000
80000000
00000008
00000000
00001e14
80000000
fffffffe
a5a5a5a5
00000001
80000000
00000008
a5a5a5a5
00001e14
ffffffff
fffffffe
00000000
00000000
fffffffe
00000008
00000000
00001e14
ffffffff
fffffffe
a5a5a5a5
00000001
fffffffe
00000008
a5a5a5a5
00001e14
12345678
fffffffe
00000000
00000000
12345678
00000000
00000000
00001e14
12345678
fffffffe
a5a5a5a5
00000001
12345678
00000000
a5a5a5a5
00001e14
00000003
fffffffe
00000000
00000000
00000002
00000000
00000000
00001e14
00000003
fffffffe
a5a5a5a5
00000001
00000002
00000000
a5a5a5a5
00001e14
00001000
fffffffe
00000000
00000000
00001000
00000000
00000000
00001e14
00001000
fffffffe
a5a5a5a5
00000001
00001000
00000000
a5a5a5a5
00001e34
00000000
ffffffff
00000000
00000000
ffffffff
00000004
00000000
00001e34
00000000
ffffffff
a5a5a5a5
00000001
ffffffff
00000009
a5a5a5a5
00001e34
00000001
ffffffff
00000000
00000000
ffffffff
00000004
00000000
00001e34
00000001
ffffffff
a5a5a5a5
00000001
ffffffff
00000009
a5a5a5a5
00001e34
7fffffff
ffffffff
00000000
00000000
ffffffff
00000004
00000000
00001e34
7fffffff
ffffffff
a5a5a5a5
00000001
ffffffff
00000009
a5a5a5a5
00001e34
80000000
ffffffff
00000000
00000000
ffffffff
00000004
00000000
00001e34
80000000
ffffffff
a5a5a5a5
00000001
ffffffff
00000009
a5a5a5a5
00001e34
ffffffff
ffffffff
00000000
00000000
ffffffff
00000004
00000000
00001e34
ffffffff
ffffffff
a5a5a5a5
00000001
ffffffff
00000009
a5a5a5a5
00001e34
12345678
ffffffff
00000000
00000000
ffffffff
00000004
00000000
00001e34
12345678
ffffffff
a5a5a5a5
00000001
ffffffff
00000009
a5a5a5a5
00001e34
00000003
ffffffff
00000000
00000000
ffffffff
00000004
00000000
00001e34
00000003
ffffffff
a5a5a5a5
00000001
ffffffff
00000009
a5a5a5a5
00001e34
00001000
ffffffff
00000000
00000000
ffffffff
00000004
00000000
00001e34
00001000
ffffffff
a5a5a5a5
00000001
ffffffff
00000009
a5a5a5a5
00001e54
00000000
00000000
00000000
00000000
00000000
00000004
00000000
00001e54
00000000
00000000
a5a5a5a5
00000001
00000000
00000004
a5a5a5a5
00001e54
00000001
00000000
00000000
00000000
00000001
00000000
00000000
00001e54
00000001
00000000
a5a5a5a5
00000001
00000001
00000000
a5a5a5a5
00001e54
7fffffff
00000000
00000000
00000000
7fffffff
00000000
00000000
00001e54
7fffffff
00000000
a5a5a5a5
00000001
7fffffff
00000000
a5a5a5a5
00001e54
80000000
00000000
00000000
00000000
80000000
00000008
00000000
00001e54
80000000
00000000
a5a5a5a5
00000001
80000000
00000008
a5a5a5a5
00001e54
ffffffff
00000000
00000000
00000000
ffffffff
00000008
00000000
00001e54
ffffffff
00000000
a5a5a5a5
00000001
ffffffff
00000008
a5a5a5a5
00001e54
12345678
00000000
00000000
00000000
12345678
00000000
00000000
00001e54
12345678
00000000
a5a5a5a5
00000001
12345678
00000000
a5a5a5a5
00001e54
00000003
00000000
00000000
00000000
00000003
00000000
00000000
00001e54
00000003
00000000
a5a5a5a5
00000001
00000003
00000000
a5a5a5a5
00001e54
00001000
00000000
00000000
00000000
00001000
00000000
00000000
00001e54
00001000
00000000
a5a5a5a5
00000001
00001000
00000000
a5a5a5a5
00001e74
00000000
ffffffff
00000000
00000000
ffffffff
00000004
00000000
00001e74
00000000
ffffffff
a5a5a5a5
00000001
ffffffff
00000009
a5a5a5a5
00001e74
00000001
ffffffff
00000000
00000000
fffffffe
00000004
00000000
00001e74
00000001
ffffffff
a5a5a5a5
00000001
fffffffe
00000009
a5a5a5a5
00001e74
7fffffff
ffffffff
00000000
00000000
80000000
00000004
00000000
00001e74
7fffffff
ffffffff
a5a5a5a5
00000001
80000000
00000009
a5a5a5a5
00001e74
80000000
ffffffff
00000000
00000000
7fffffff
00000004
00000000
00001e74
80000000
ffffffff
a5a5a5a5
00000001
7fffffff
00000009
a5a5a5a5
00001e74
ffffffff
ffffffff
00000000
00000000
00000000
00000004
00000000
00001e74
ffffffff
ffffffff
a5a5a5a5
00000001
00000000
00000009
a5a5a5a5
00001e74
12345678
ffffffff
00000000
00000000
edcba987
00000004
00000000
00001e74
12345678
ffffffff
a5a5a5a5
00000001
edcba987
00000009
a5a5a5a5
00001e74
00000003
ffffffff
00000000
00000000
fffffffc
00000004
00000000
00001e74
00000003
ffffffff
a5a5a5a5
00000001
fffffffc
00000009
a5a5a5a5
00001e74
00001000
ffffffff
00000000
00000000
ffffefff
00000004
00000000
00001e74
00001000
ffffffff
a5a5a5a5
00000001
ffffefff
00000009
a5a5a5a5
00001e94
00000000
00000000
00000000
00000000
ffffffff
00000008
00000000
00001e94
00000000
00000000
a5a5a5a5
00000001
ffffffff
00000008
a5a5a5a5
00001e94
00000001
00000000
00000000
00000000
fffffffe
00000008
00000000
00001e94
00000001
00000000
a5a5a5a5
00000001
fffffffe
00000008
a5a5a5a5
00001e94
7fffffff
00000000
00000000
00000000
80000000
00000008
00000000
00001e94
7fffffff
00000000
a5a5a5a5
00000001
80000000
00000008
a5a5a5a5
00001e94
80000000
00000000
00000000
00000000
7fffffff
00000000
00000000
00001e94
80000000
00000000
a5a5a5a5
00000001
7fffffff
00000000
a5a5a5a5
00001e94
ffffffff
00000000
00000000
00000000
00000000
00000004
00000000
00001e94
ffffffff
00000000
a5a5a5a5
00000001
00000000
00000004
a5a5a5a5
00001e94
12345678
00000000
00000000
00000000
edcba987
00000008
00000000
00001e94
12345678
00000000
a5a5a5a5
00000001
edcba987
00000008
a5a5a5a5
00001e94
00000003
00000000
00000000
00000000
fffffffc
00000008
00000000
00001e94
00000003
00000000
a5a5a5a5
00000001
fffffffc
00000008
a5a5a5a5
00001e94
00001000
00000000
00000000
00000000
ffffefff
00000008
00000000
00001e94
00001000
00000000
a5a5a5a5
00000001
ffffefff
00000008
a5a5a5a5
00001eb4
00000000
0000001f
00000000
00000000
00000000
00000004
00000000
00001eb4
00000000
0000001f
a5a5a5a5
00000001
00000000
00000009
a5a5a5a5
00001eb4
00000001
0000001f
00000000
00000000
80000000
00000004
00000000
00001eb4
00000001
0000001f
a5a5a5a5
00000001
80000000
00000009
a5a5a5a5
00001eb4
7fffffff
0000001f
00000000
00000000
80000000
00000004
00000000
00001eb4
7fffffff
0000001f
a5a5a5a5
00000001
80000000
00000009
a5a5a5a5
00001eb4
80000000
0000001f
00000000
00000000
00000000
00000004
00000000
00001eb4
80000000
0000001f
a5a5a5a5
00000001
00000000
00000009
a5a5a5a5
00001eb4
ffffffff
0000001f
00000000
00000000
80000000
00000004
00000000
00001eb4
ffffffff
0000001f
a5a5a5a5
00000001
80000000
00000009
a5a5a5a5
00001eb4
12345678
0000001f
00000000
00000000
00000000
00000004
00000000
00001eb4
12345678
0000001f
a5a5a5a5
00000001
00000000
00000009
a5a5a5a5
00001eb4
00000003
0000001f
00000000
00000000
80000000
00000004
00000000
00001eb4
00000003
0000001f
a5a5a5a5
00000001
80000000
00000009
a5a5a5a5
00001eb4
00001000
0000001f
00000000
00000000
00000000
00000004
00000000
00001eb4
00001000
0000001f
a5a5a5a5
00000001
00000000
00000009
a5a5a5a5
00001ed4
00000000
00000001
00000000
00000000
00000000
00000004
00000000
00001ed4
00000000
00000001
a5a5a5a5
00000001
00000000
00000009
a5a5a5a5
00001ed4
00000001
00000001
00000000
00000000
00000002
00000004
00000000
00001ed4
00000001
00000001
a5a5a5a5
00000001
00000002
00000009
a5a5a5a5
00001ed4
7fffffff
00000001
00000000
00000000
fffffffe
00000004
00000000
00001ed4
7fffffff
00000001
a5a5a5a5
00000001
fffffffe
00000009
a5a5a5a5
00001ed4
80000000
00000001
00000000
00000000
00000000
00000004
00000000
00001ed4
80000000
00000001
a5a5a5a5
00000001
00000000
00000009
a5a5a5a5
00001ed4
ffffffff
00000001
00000000
00000000
fffffffe
00000004
00000000
00001ed4
ffffffff
00000001
a5a5a5a5
00000001
fffffffe
00000009
a5a5a5a5
00001ed4
12345678
00000001
00000000
00000000
2468acf0
00000004
00000000
00001ed4
12345678
00000001
a5a5a5a5
00000001
2468acf0
00000009
a5a5a5a5
00001ed4
00000003
00000001
00000000
00000000
00000006
00000004
00000000
00001ed4
00000003
00000001
a5a5a5a5
00000001
00000006
00000009
a5a5a5a5
00001ed4
00001000
00000001
00000000
00000000
00002000
00000004
00000000
00001ed4
00001000
00000001
a5a5a5a5
00000001
00002000
00000009
a5a5a5a5
00001ef4
00000000
0000001f
00000000
00000000
00000000
00000004
00000000
00001ef4
00000000
0000001f
a5a5a5a5
00000001
00000000
00000009
a5a5a5a5
00001ef4
00000001
0000001f
00000000
00000000
00000000
00000004
00000000
00001ef4
00000001
0000001f
a5a5a5a5
00000001
00000000
00000009
a5a5a5a5
00001ef4
7fffffff
0000001f
00000000
00000000
00000000
00000004
00000000
00001ef4
7fffffff
0000001f
a5a5a5a5
00000001
00000000
00000009
a5a5a5a5
00001ef4
80000000
0000001f
00000000
00000000
00000001
00000004
00000000
00001ef4
80000000
0000001f
a5a5a5a5
00000001
00000001
00000009
a5a5a5a5
00001ef4
ffffffff
0000001f
00000000
00000000
00000001
00000004
00000000
00001ef4
ffffffff
0000001f
a5a5a5a5
00000001
00000001
00000009
a5a5a5a5
00001ef4
12345678
0000001f
00000000
00000000
00000000
00000004
00000000
00001ef4
12345678
0000001f
a5a5a5a5
00000001
00000000
00000009
a5a5a5a5
00001ef4
00000003
0000001f
00000000
00000000
00000000
00000004
00000000
00001ef4
00000003
0000001f
a5a5a5a5
00000001
00000000
00000009
a5a5a5a5
00001ef4
00001000
0000001f
00000000
00000000
00000000
00000004
00000000
00001ef4
00001000
0000001f
a5a5a5a5
00000001
00000000
00000009
a5a5a5a5
00001f14
00000000
00000001
00000000
00000000
00000000
00000004
00000000
00001f14
00000000
00000001
a5a5a5a5
00000001
00000000
00000009
a5a5a5a5
00001f14
00000001
00000001
00000000
00000000
00000000
00000004
00000000
00001f14
00000001
00000001
a5a5a5a5
00000001
00000000
00000009
a5a5a5a5
00001f14
7fffffff
00000001
00000000
00000000
3fffffff
00000004
00000000
00001f14
7fffffff
00000001
a5a5a5a5
00000001
3fffffff
00000009
a5a5a5a5
00001f14
80000000
00000001
00000000
00000000
40000000
00000004
00000000
00001f14
80000000
00000001
a5a5a5a5
00000001
40000000
00000009
a5a5a5a5
00001f14
ffffffff
00000001
00000000
00000000
7fffffff
00000004
00000000
00001f14
ffffffff
00000001
a5a5a5a5
00000001
7fffffff
00000009
a5a5a5a5
00001f14
12345678
00000001
00000000
00000000
091a2b3c
00000004
00000000
00001f14
12345678
00000001
a5a5a5a5
00000001
091a2b3c
00000009
a5a5a5a5
00001f14
00000003
00000001
00000000
00000000
00000001
00000004
00000000
00001f14
00000003
00000001
a5a5a5a5
00000001
00000001
00000009
a5a5a5a5
00001f14
00001000
00000001
00000000
00000000
00000800
00000004
00000000
00001f14
00001000
00000001
a5a5a5a5
00000001
00000800
00000009
a5a5a5a5
00001f34
00000000
0000001f
00000000
00000000
00000000
00000004
00000000
00001f34
00000000
0000001f
a5a5a5a5
00000001
00000000
00000009
a5a5a5a5
00001f34
00000001
0000001f
00000000
00000000
00000000
00000004
00000000
00001f34
00000001
0000001f
a5a5a5a5
00000001
00000000
00000009
a5a5a5a5
00001f34
7fffffff
0000001f
00000000
00000000
00000000
00000004
00000000
00001f34
7fffffff
0000001f
a5a5a5a5
00000001
00000000
00000009
a5a5a5a5
00001f34
80000000
0000001f
00000000
00000000
ffffffff
00000004
00000000
00001f34
80000000
0000001f
a5a5a5a5
00000001
ffffffff
00000009
a5a5a5a5
00001f34
ffffffff
0000001f
00000000
00000000
ffffffff
00000004
00000000
00001f34
ffffffff
0000001f
a5a5a5a5
00000001
ffffffff
00000009
a5a5a5a5
00001f34
12345678
0000001f
00000000
00000000
00000000
00000004
00000000
00001f34
12345678
0000001f
a5a5a5a5
00000001
00000000
00000009
a5a5a5a5
00001f34
00000003
0000001f
00000000
00000000
00000000
00000004
00000000
00001f34
00000003
0000001f
a5a5a5a5
00000001
00000000
00000009
a5a5a5a5
00001f34
00001000
0000001f
00000000
00000000
00000000
00000004
00000000
00001f34
00001000
0000001f
a5a5a5a5
00000001
00000000
00000009
a5a5a5a5
00001f54
00000000
00000004
00000000
00000000
00000000
00000004
00000000
00001f54
00000000
00000004
a5a5a5a5
00000001
00000000
00000009
a5a5a5a5
00001f54
00000001
00000004
00000000
00000000
00000000
00000004
00000000
00001f54
00000001
00000004
a5a5a5a5
00000001
00000000
00000009
a5a5a5a5
00001f54
7fffffff
00000004
00000000
00000000
07ffffff
00000004
00000000
00001f54
7fffffff
00000004
a5a5a5a5
00000001
07ffffff
00000009
a5a5a5a5
00001f54
80000000
00000004
00000000
00000000
f8000000
00000004
00000000
00001f54
80000000
00000004
a5a5a5a5
00000001
f8000000
00000009
a5a5a5a5
00001f54
ffffffff
00000004
00000000
00000000
ffffffff
00000004
00000000
00001f54
ffffffff
00000004
a5a5a5a5
00000001
ffffffff
00000009
a5a5a5a5
00001f54
12345678
00000004
00000000
00000000
01234567
00000004
00000000
00001f54
12345678
00000004
a5a5a5a5
00000001
01234567
00000009
a5a5a5a5
00001f54
00000003
00000004
00000000
00000000
00000000
00000004
00000000
00001f54
00000003
00000004
a5a5a5a5
00000001
00000000
00000009
a5a5a5a5
00001f54
00001000
00000004
00000000
00000000
00000100
00000004
00000000
00001f54
00001000
00000004
a5a5a5a5
00000001
00000100
00000009
a5a5a5a5
00001f74
00000000
00000003
00000000
00000000
00000000
00000004
00000000
00001f74
00000000
00000003
a5a5a5a5
00000001
00000000
00000009
00000000
00001f74
00000001
00000003
00000000
00000000
00000003
00000004
00000000
00001f74
00000001
00000003
a5a5a5a5
00000001
00000003
00000009
00000000
00001f74
7fffffff
00000003
00000000
00000000
7ffffffd
00000004
00000001
00001f74
7fffffff
00000003
a5a5a5a5
00000001
7ffffffd
00000009
00000001
00001f74
80000000
00000003
00000000
00000000
80000000
00000004
00000001
00001f74
80000000
00000003
a5a5a5a5
00000001
80000000
00000009
00000001
00001f74
ffffffff
00000003
00000000
00000000
fffffffd
00000004
00000002
00001f74
ffffffff
00000003
a5a5a5a5
00000001
fffffffd
00000009
00000002
00001f74
12345678
00000003
00000000
00000000
369d0368
00000004
00000000
00001f74
12345678
00000003
a5a5a5a5
00000001
369d0368
00000009
00000000
00001f74
00000003
00000003
00000000
00000000
00000009
00000004
00000000
00001f74
00000003
00000003
a5a5a5a5
00000001
00000009
00000009
00000000
00001f74
00001000
00000003
00000000
00000000
00003000
00000004
00000000
00001f74
00001000
00000003
a5a5a5a5
00000001
00003000
00000009
00000000
00001f94
00000000
fffffffd
00000000
00000000
00000000
00000004
00000000
00001f94
00000000
fffffffd
a5a5a5a5
00000001
00000000
00000009
00000000
00001f94
00000001
fffffffd
00000000
00000000
fffffffd
00000004
ffffffff
00001f94
00000001
fffffffd
a5a5a5a5
00000001
fffffffd
00000009
ffffffff
00001f94
7fffffff
fffffffd
00000000
00000000
80000003
00000004
fffffffe
00001f94
7fffffff
fffffffd
a5a5a5a5
00000001
80000003
00000009
fffffffe
00001f94
80000000
fffffffd
00000000
00000000
80000000
00000004
00000001
00001f94
80000000
fffffffd
a5a5a5a5
00000001
80000000
00000009
00000001
00001f94
ffffffff
fffffffd
00000000
00000000
00000003
00000004
00000000
00001f94
ffffffff
fffffffd
a5a5a5a5
00000001
00000003
00000009
00000000
00001f94
12345678
fffffffd
00000000
00000000
c962fc98
00000004
ffffffff
00001f94
12345678
fffffffd
a5a5a5a5
00000001
c962fc98
00000009
ffffffff
00001f94
00000003
fffffffd
00000000
00000000
fffffff7
00000004
ffffffff
00001f94
00000003
fffffffd
a5a5a5a5
00000001
fffffff7
00000009
ffffffff
00001f94
00001000
fffffffd
00000000
00000000
ffffd000
00000004
ffffffff
00001f94
00001000
fffffffd
a5a5a5a5
00000001
ffffd000
00000009
ffffffff
00001fb4
00000000
00000003
00000000
00000000
00000000
00000004
00000000
00001fb4
00000000
00000003
00000000
00000001
00000000
00000009
00000000
00001fb4
00000001
00000003
00000000
00000000
00000000
00000004
00000000
00001fb4
00000001
00000003
00000000
00000001
00000000
00000009
00000000
00001fb4
7fffffff
00000003
00000000
00000000
2aaaaaaa
00000004
00000000
00001fb4
7fffffff
00000003
00000000
00000001
2aaaaaaa
00000009
00000000
00001fb4
80000000
00000003
00000000
00000000
2aaaaaaa
00000004
00000000
00001fb4
80000000
00000003
00000000
00000001
2aaaaaaa
00000009
00000000
00001fb4
ffffffff
00000003
00000000
00000000
55555555
00000004
00000000
00001fb4
ffffffff
00000003
00000000
00000001
55555555
00000009
00000000
00001fb4
12345678
00000003
00000000
00000000
06117228
00000004
00000000
00001fb4
12345678
00000003
00000000
00000001
06117228
00000009
00000000
00001fb4
00000003
00000003
00000000
00000000
00000001
00000004
00000000
00001fb4
00000003
00000003
00000000
00000001
00000001
00000009
00000000
00001fb4
00001000
00000003
00000000
00000000
00000555
00000004
00000000
00001fb4
00001000
00000003
00000000
00000001
00000555
00000009
00000000
00001fd4
00000000
fffffffe
00000000
00000000
00000000
00000004
00000000
00001fd4
00000000
fffffffe
00000000
00000001
00000000
00000009
00000000
00001fd4
00000001
fffffffe
00000000
00000000
00000000
00000004
00000000
00001fd4
00000001
fffffffe
00000000
00000001
00000000
00000009
00000000
00001fd4
7fffffff
fffffffe
00000000
00000000
c0000001
00000004
00000000
00001fd4
7fffffff
fffffffe
00000000
00000001
c0000001
00000009
00000000
00001fd4
80000000
fffffffe
ffffffff
00000000
40000000
00000004
ffffffff
00001fd4
80000000
fffffffe
ffffffff
00000001
40000000
00000009
ffffffff
00001fd4
ffffffff
fffffffe
ffffffff
00000000
00000000
00000004
ffffffff
00001fd4
ffffffff
fffffffe
ffffffff
00000001
00000000
00000009
ffffffff
00001fd4
12345678
fffffffe
00000000
00000000
f6e5d4c4
00000004
00000000
00001fd4
12345678
fffffffe
00000000
00000001
f6e5d4c4
00000009
00000000
00001fd4
00000003
fffffffe
00000000
00000000
ffffffff
00000004
00000000
00001fd4
00000003
fffffffe
00000000
00000001
ffffffff
00000009
00000000
00001fd4
00001000
fffffffe
00000000
00000000
fffff800
00000004
00000000
00001fd4
00001000
fffffffe
00000000
00000001
fffff800
00000009
00000000
00001ff4
00000000
00000000
00000000
00000000
00000000
00000004
00000000
00001ff4
00000000
00000000
a5a5a5a5
00000001
80000000
00000008
52d2d2d2
00001ff4
00000001
00000000
00000000
00000000
00000000
00000004
80000000
00001ff4
00000001
00000000
a5a5a5a5
00000001
80000000
00000008
d2d2d2d2
00001ff4
7fffffff
00000000
00000000
00000000
3fffffff
00000000
80000000
00001ff4
7fffffff
00000000
a5a5a5a5
00000001
bfffffff
00000008
d2d2d2d2
00001ff4
80000000
00000000
00000000
00000000
40000000
00000000
00000000
00001ff4
80000000
00000000
a5a5a5a5
00000001
c0000000
00000008
52d2d2d2
00001ff4
ffffffff
00000000
00000000
00000000
7fffffff
00000000
80000000
00001ff4
ffffffff
00000000
a5a5a5a5
00000001
ffffffff
00000008
d2d2d2d2
00001ff4
12345678
00000000
00000000
00000000
091a2b3c
00000000
00000000
00001ff4
12345678
00000000
a5a5a5a5
00000001
891a2b3c
00000008
52d2d2d2
00001ff4
00000003
00000000
00000000
00000000
00000001
00000000
80000000
00001ff4
00000003
00000000
a5a5a5a5
00000001
80000001
00000008
d2d2d2d2
00001ff4
00001000
00000000
00000000
00000000
00000800
00000000
00000000
00001ff4
00001000
00000000
a5a5a5a5
00000001
80000800
00000008
52d2d2d2
00002014
00000000
00000001
00000000
00000000
00000001
00000002
00000000
00002014
00000000
00000001
a5a5a5a5
00000001
00000001
00000002
a5a5a5a5
00002014
00000001
00000001
00000000
00000000
00000002
00000002
00000000
00002014
00000001
00000001
a5a5a5a5
00000001
00000002
00000002
a5a5a5a5
00002014
7fffffff
00000001
00000000
00000000
80000000
0000000a
00000000
00002014
7fffffff
00000001
a5a5a5a5
00000001
80000000
0000000a
a5a5a5a5
00002014
80000000
00000001
00000000
00000000
80000001
0000000a
00000000
00002014
80000000
00000001
a5a5a5a5
00000001
80000001
0000000a
a5a5a5a5
00002014
ffffffff
00000001
00000000
00000000
00000000
00000007
00000000
00002014
ffffffff
00000001
a5a5a5a5
00000001
00000000
00000007
a5a5a5a5
00002014
12345678
00000001
00000000
00000000
12345679
00000002
00000000
00002014
12345678
00000001
a5a5a5a5
00000001
12345679
00000002
a5a5a5a5
00002014
00000003
00000001
00000000
00000000
00000004
00000002
00000000
00002014
00000003
00000001
a5a5a5a5
00000001
00000004
00000002
a5a5a5a5
00002014
00001000
00000001
00000000
00000000
00001001
00000002
00000000
00002014
00001000
00000001
a5a5a5a5
00000001
00001001
00000002
a5a5a5a5
00002034
00000000
00000004
00000000
00000000
fffffffc
00000009
00000000
00002034
00000000
00000004
a5a5a5a5
00000001
fffffffc
00000009
a5a5a5a5
00002034
00000001
00000004
00000000
00000000
fffffffd
0000000b
00000000
00002034
00000001
00000004
a5a5a5a5
00000001
fffffffd
0000000b
a5a5a5a5
00002034
7fffffff
00000004
00000000
00000000
7ffffffb
00000002
00000000
00002034
7fffffff
00000004
a5a5a5a5
00000001
7ffffffb
00000002
a5a5a5a5
00002034
80000000
00000004
00000000
00000000
7ffffffc
00000002
00000000
00002034
80000000
00000004
a5a5a5a5
00000001
7ffffffc
00000002
a5a5a5a5
00002034
ffffffff
00000004
00000000
00000000
fffffffb
0000000a
00000000
00002034
ffffffff
00000004
a5a5a5a5
00000001
fffffffb
0000000a
a5a5a5a5
00002034
12345678
00000004
00000000
00000000
12345674
00000000
00000000
00002034
12345678
00000004
a5a5a5a5
00000001
12345674
00000000
a5a5a5a5
00002034
00000003
00000004
00000000
00000000
ffffffff
0000000b
00000000
00002034
00000003
00000004
a5a5a5a5
00000001
ffffffff
0000000b
a5a5a5a5
00002034
00001000
00000004
00000000
00000000
00000ffc
00000000
00000000
00002034
00001000
00000004
a5a5a5a5
00000001
00000ffc
00000000
a5a5a5a5
616c753a
20657665
72792069
6e746567
65722041
4c552069
6e737472
75637469
6f6e2c20
7461626c
65206f66
20766563
746f7273
00000000
9de3bfa0
21000020
a0142248
23000095
a21462c8
3b000400
80a40011
1a800032
01000000
ec042018
9135a00a
808a2001
02800007
01000000
9335a010
920a60ff
90103fff
d021e004
d221e000
e4040000
d0042004
d2042008
d404200c
9fc48000
d6042010
a7480000
a9400000
aa100008
a734e014
a60ce00f
92100015
d4042014
7fff6f9b
9010001d
92100013
940da00f
7fff6f97
90076001
92100014
d404201c
7fff6f93
90076002
9135a00a
808a2001
02800004
94103fff
9535a010
940aa0ff
d201e004
7fff6f8a
90076003
90103fff
d021e000
d021e004
ba076010
10bfffcf
a0042020
81c7e008
81e80000
616c753a
20736574
6869202f
20736574
202f2025
68692025
6c6f0000
9de3bfa0
213fffff
92100010
94103c00
90102001
7fff6f74
01000000
21048d15
92100010
15048d15
90102002
7fff6f6e
01000000
a0142278
92100010
15048d15
9412a278
90102003
7fff6f67
01000000
21000000
92100010
94102000
90102004
7fff6f61
01000000
a2103fff
92100011
94103fff
90102005
7fff6f5b
01000000
a2103000
92100011
94103000
90102006
7fff6f55
01000000
a2102fff
92100011
94102fff
90102007
7fff6f4f
01000000
80102005
a4100000
92100012
94102000
90102008
7fff6f48
01000000
80002007
a4000000
92100012
94102000
90102009
7fff6f41
01000000
81c7e008
81e80000
616c753a
2077722f
72642025
792c2078
6f722073
656d616e
74696373
206f6620
77720000
9de3bfa0
21048d15
a0142278
81800010
01000000
01000000
01000000
a3400000
92100011
15048d15
9412a278
90102001
7fff6f28
01000000
253fc03f
a414a300
81840012
01000000
01000000
01000000
a3400000
92100011
153b4d2a
9412a178
90102002
7fff6f1b
01000000
81842fff
01000000
01000000
01000000
a3400000
92100011
15048d16
9412a187
90102003
7fff6f10
01000000
81c7e008
81e80000
6c647374
3a206279
74652f68
616c662f
776f7264
206c6f61
64732c20
7369676e
20657874
656e7369
6f6e2c20
6269672d
656e6469
616e0000
9de3bfa0
21000800
23202468
a21462b3
e2240000
e40c0000
92100012
94102080
90102001
7fff6ef5
01000000
e40c2003
92100012
941020b3
90102002
7fff6eef
01000000
e44c0000
92100012
94103f80
90102003
7fff6ee9
01000000
e44c2001
92100012
94103f91
90102004
7fff6ee3
01000000
e44c2003
92100012
94103fb3
90102005
7fff6edd
01000000
e4140000
92100012
15000020
9412a091
90102006
7fff6ed6
01000000
e4142002
92100012
15000028
9412a2b3
90102007
7fff6ecf
01000000
e4540000
92100012
153fffe0
9412a091
90102008
7fff6ec8
01000000
231fc05f
a2146302
e2240000
e44c0000
92100012
9410207f
90102009
7fff6ebf
01000000
e4542002
92100012
1500001f
9412a302
9010200a
7fff6eb8
01000000
e4040000
92100012
151fc05f
9412a302
9010200b
7fff6eb1
01000000
a6102002
e4140013
92100012
1500001f
9412a302
9010200c
7fff6ea9
01000000
81c7e008
81e80000
6c647374
3a206279
74652f68
616c6620
73746f72
6573206d
65726765
20696e74
6f207468
6520776f
72640000
9de3bfa0
21000800
2304488c
a2146344
e2240000
a41020aa
e42c2001
e6040000
92100013
15046a8c
9412a344
90102001
7fff6e8e
01000000
2500002e
a414a3cc
e4342002
e6040000
92100013
15046aae
9412a3cc
90102002
7fff6e84
01000000
25048d15
a414a2dd
e42c0000
e6040000
92100013
15376aae
9412a3cc
90102003
7fff6e7a
01000000
c0342002
e6040000
92100013
15376a80
90102004
7fff6e73
01000000
c02c0000
e6040000
92100013
15002a80
90102005
7fff6e6c
01000000
81c7e008
81e80000
6c647374
3a206c64
642f7374
64207265
67697374
65722070
61697273
00000000
9de3bfa0
21000800
250048d1
a414a167
27226af3
a614e1ef
e43c2008
e8042008
92100014
150048d1
9412a167
90102001
7fff6e54
01000000
e804200c
92100014
15226af3
9412a1ef
90102002
7fff6e4d
01000000
a8100000
aa100000
e81c2008
92100014
150048d1
9412a167
90102003
7fff6e44
01000000
92100015
15226af3
9412a1ef
90102004
7fff6e3e
01000000
82102000
c01c2008
92100000
94102000
90102005
7fff6e37
01000000
92100001
15226af3
9412a1ef
90102006
7fff6e31
01000000
81c7e008
81e80000
6c647374
3a206c64
73747562
20616e64
20737761
70000000
9de3bfa0
21000800
23048d15
a2146278
e2240000
e46c2001
92100012
94102034
90102001
7fff6e1e
01000000
e6040000
92100013
1504bfd5
9412a278
90102002
7fff6e17
01000000
e46c2001
92100012
941020ff
90102003
7fff6e11
01000000
2932bfbc
a815200d
e87c0000
92100014
1504bfd5
9412a278
90102004
7fff6e08
01000000
e6040000
92100013
1532bfbc
9412a00d
90102005
7fff6e01
01000000
81c7e008
81e80000
6c647374
3a206c64
612f7374
61207769
74682041
53492030
78622028
73757065
72766973
6f722064
61746129
20616e64
20627970
61737300
9de3bfa0
21000800
231696a9
a21461a5
e2a40160
e4040000
92100012
151696a9
9412a1a5
90102001
7fff6de5
01000000
2303c78b
a214613c
e2240000
e4840160
92100012
1503c78b
9412a13c
90102002
7fff6ddb
01000000
e48c0160
92100012
9410200f
90102003
7fff6dd5
01000000
e4d40160
92100012
94102f1e
90102004
7fff6dcf
01000000
81c7e008
81e80000
6c647374
3a206d69
73616c69
676e6564
20616363
65737365
73207472
61702028
74742030
78303729
00000000
9de3bfa0
21000800
2302eb7c
a214600d
e2240000
a4102077
90103fff
d021e004
90102007
d021e000
e4042002
d201e004
94102007
90102001
7fff6db2
01000000
90103fff
d021e000
92100012
94102077
90102002
7fff6dab
01000000
90103fff
d021e004
90102007
d021e000
e4142001
d201e004
94102007
90102003
7fff6da1
01000000
90103fff
d021e000
90103fff
d021e004
90102007
d021e000
e41c2004
d201e004
94102007
90102004
7fff6d95
01000000
90103fff
d021e000
90103fff
d021e004
90102007
d021e000
e2242001
d201e004
94102007
90102005
7fff6d89
01000000
90103fff
d021e000
e6040000
92100013
1502eb7c
9412a00d
90102006
7fff6d80
01000000
90103fff
d021e004
90102007
d021e000
e2342003
d201e004
94102007
90102007
7fff6d76
01000000
90103fff
d021e000
90103fff
d021e004
90102007
d021e000
e43c2004
d201e004
94102007
90102008
7fff6d6a
01000000
90103fff
d021e000
90103fff
d021e004
90102007
d021e000
e47c2002
d201e004
94102007
90102009
7fff6d5e
01000000
90103fff
d021e000
90103fff
d021e004
90102007
d021e000
e4042001
29000098
a8152094
ea01e008
92100015
94100014
9010200a
7fff6d4f
01000000
90103fff
d021e000
90103fff
d021e004
90102007
d021e000
e40c2003
e4142002
e4040000
e41c0000
d201e004
94103fff
9010200b
7fff6d40
01000000
90103fff
d021e000
81c7e008
81e80000
6272616e
63683a20
31362042
69636320
636f6e64
6974696f
6e732078
20313620
69636320
76616c75
65730062
72616e63
683a2031
36205469
63632063
6f6e6469
74696f6e
73207820
31362069
63632076
616c7565
73006272
616e6368
3a20616e
6e756c20
62697420
616e6420
64656c61
7920736c
6f747300
6272616e
63683a20
63616c6c
2f6a6d70
6c206c69
6e6b2072
65676973
7465722c
20636f6d
70757465
64206a75
6d707300
74726170
3a207461
206e202d
3e207474
20307838
302b6e2c
20747261
70205043
2f6e5043
2c207265
67697374
65722b69
6d6d206e
756d6265
72007472
61703a20
756e696d
7020616e
6420696e
76616c69
64206f70
636f6465
73202d3e
20696c6c
6567616c
5f696e73
74727563
74696f6e
00747261
703a2072
65747420
77697468
20747261
70732065
6e61626c
6564202d
3e20696c
6c656761
6c5f696e
73747275
6374696f
6e007472
61703a20
72657474
20696e20
75736572
206d6f64
65202d3e
20707269
76696c65
6765645f
696e7374
72756374
696f6e20
28307830
33290074
7261703a
20756469
762f7364
69762062
79207a65
726f202d
3e206469
76697369
6f6e5f62
795f7a65
726f2028
30783261
29007472
61703a20
74616464
63637476
2f747375
62636374
76202d3e
20746167
5f6f7665
72666c6f
77202830
78306129
00747261
703a2046
506f7020
77697468
20505352
2e45463d
30202d3e
2066705f
64697361
626c6564
20283078
30342900
74726170
3a20636f
70726f63
6573736f
72206f70
73202d3e
2063705f
64697361
626c6564
20283078
32342900
77696e64
6f773a20
73617665
2f726573
746f7265
2c20696e
732f6f75
7473206f
7665726c
61702c20
676c6f62
616c7320
73686172
65640077
696e646f
773a2034
302d6465
65702072
65637572
73696f6e
2c206f76
6572666c
6f772f75
6e646572
666c6f77
20747261
70730077
696e646f
773a2057
494d2069
6d706c65
6d656e74
73204e57
494e444f
57532062
6974732c
20736176
6520696e
746f2057
494d2074
72617073
00707372
3a20696d
706c2f76
65722072
6561642d
6f6e6c79
2c205049
4c20616e
64206963
63207772
69746162
6c650070
73723a20
5442522e
74742068
6f6c6473
20746865
206c6173
74207472
61702074
7970652c
20544241
20777269
7461626c
65006670
753a2073
696e676c
65207072
65636973
696f6e20
6164642f
7375622f
6d756c2f
6469762f
73717274
2c206d6f
76657300
6670753a
20646f75
626c6520
70726563
6973696f
6e206172
6974686d
65746963
2c206576
656e2f6f
64642070
61697273
00667075
3a206669
746f732f
6669746f
642f6673
746f692f
6664746f
692f6673
746f642f
6664746f
73006670
753a2066
636d7073
2f66636d
70642066
63632076
616c7565
7320616e
64204642
66636300
6670753a
20465352
20636578
632f6165
7863206f
6e20696e
65786163
742c2064
69766964
652d6279
2d7a6572
6f2c2069
6e76616c
69640066
70753a20
464c545f
4d494e2a
464c545f
4d494e2c
2044424c
5f4d494e
2a44424c
5f4d494e
3a207472
61707065
64205546
7c4e5820
2873746f
72652062
6c6f636b
6564292c
20756e74
72617070
6564202b
30006d6d
753a2053
53323020
636f6e74
65787420
72656769
73746572
20686173
20313620
62697473
2c204354
50522062
69747320
33313a36
20737469
636b006d
6d753a20
53533230
20636f6e
74657874
7320312c
20307831
30312c20
30783830
30312074
72616e73
6c617465
20746865
2073616d
65205641
20646966
66657265
6e746c79
006d6d75
3a206120
6368616e
67656420
50544520
69732073
65656e20
61667465
72207468
65206d61
74636869
6e672041
53492033
20666c75
73682c20
6e6f7420
6265666f
7265006d
6d753a20
41534920
33207072
6f626573
20706167
652f7365
676d656e
742f7265
67696f6e
2f636f6e
74657874
2f656e74
6972653b
2030206f
6e20696e
76616c69
642c2072
65736572
76656400
6d6d753a
20534653
52204c2f
41542f46
542f4641
562f4f57
20616e64
20534641
52206f6e
20696e76
616c6964
2c207265
73657276
65642c20
70726f74
65637469
6f6e2c20
70726976
696c6567
65206661
756c7473
3b204e46
006d6d75
3a20616e
20696e73
74727563
74696f6e
20616363
65737320
6661756c
74207365
74732074
68652053
46535220
6f6e6365
20284641
562c206e
6f204f57
29006361
6368653a
20535332
3020666c
61736820
636c6561
72202841
53492030
7833362f
30783337
29206472
6f707320
7374616c
65206c69
6e657300
63616368
653a2053
53323020
77726974
65206869
74733a20
63616368
65642072
65616473
20736565
20746865
2073746f
7265732c
206d656d
6f727920
73686f77
73207468
65207772
69746520
706f6c69
63790000
20202020
64636163
6865206d
6f64653a
20000000
000267e8
000267ee
000267fc
6d697865
64007772
6974652d
7468726f
75676800
77726974
652d6261
636b0063
61636865
3a205353
3230206c
696e6520
666c7573
68206166
74657220
61204454
4c42206d
69737320
72656163
68657320
74686520
6c696e65
00636163
68653a20
6c647374
75622061
6e642073
77617020
6f6e2061
20636163
68656420
6c696e65
20636861
6e676520
6f6e6c79
20746865
69722062
79746520
2f20776f
72640063
61636865
3a206120
73746f72
65207468
656e206c
64737475
622f7377
6170206f
6e207468
65207361
6d65206c
696e6520
6b656570
73207468
65207374
6f726500
63616368
653a2053
53323020
77726974
652d6261
636b7320
6f662033
32206d6f
64696669
6564206c
696e6573
20726561
6368206d
656d6f72
7920696e
74616374
00636163
68653a20
61207061
74636865
6420696e
73747275
6374696f
6e207275
6e732061
66746572
20464c55
53480063
61636865
3a207468
6520776f
72647320
6f662061
206c696e
65207573
65642072
69676874
20616674
65722069
7473206d
69737320
61726520
6d656d6f
72792773
00636163
68653a20
6120726f
7574696e
65206665
74636865
64207468
726f7567
68206974
73206c69
6e652066
696c6c20
72756e73
206d656d
6f727927
7320776f
72647300
6670753a
206d6973
616c6967
6e656420
73742025
66207769
74682061
2070656e
64696e67
2066705f
65786365
7074696f
6e207461
6b657320
74742037
20666972
73740066
70753a20
46512068
6f6c6473
20746865
20747261
7070696e
67204650
6f703b20
53544446
5120656d
70746965
73206974
2c206973
20707269
76696c65
6765642c
20747261
70732077
68656e20
656d7074
79007472
61703a20
4c44432f
53544320
66616d69
6c79202d
3e206370
5f646973
61626c65
64202830
78323429
2c206e6f
206d656d
6f727920
61636365
73730074
7261703a
20777220
25707372
20776974
68204357
50203d20
4e57494e
444f5753
202d3e20
696c6c65
67616c5f
696e7374
72756374
696f6e00
69753a20
72657365
72766564
20415352
73207265
61642025
792c2077
72697465
7320646f
206e6f74
68696e67
3b204341
5341202d
3e20696c
6c656761
6c5f696e
73747275
6374696f
6e006d6d
753a2053
53323020
41534920
30783463
20697320
61207265
67697374
65722c20
6e6f7420
41534920
30783063
3b204153
49203078
33382068
6f6c6473
2036342d
62697420
76616c75
65730069
753a206a
6d702f72
65747420
746f2061
206a6d70
6c202567
312c256f
37202830
2c20312c
20322c20
342c2038
2073746f
72657320
6265666f
72652074
68652072
65747429
2c206361
63686573
206f6e3a
20256f37
20697320
74686520
6a6d706c
27732061
64647265
73730000
aaaaa000
0000aaaa
aaaaaaaa
00000000
55555000
00005555
55555555
00000001
fffff000
0000ffff
ffffffff
00000001
00000000
00000000
00000000
00000000
6d6d753a
20535332
30204153
49203620
544c4220
696d6167
653a2036
3420656e
74726965
73207820
53454c30
2d332068
6f6c6420
74686520
504f5354
27732062
69742070
61747465
726e7300
6d6d753a
20535332
30204153
49203620
544c4220
696d6167
653a2041
53492033
2064656d
61707320
28636f6e
74657874
2c207265
67696f6e
2c207365
676d656e
742c2070
6167652c
20656e74
69726529
20636c65
61722056
20627920
74686520
666c7573
68207275
6c657300
6d6d753a
20616e20
41534920
36207772
69746520
64726f70
73207468
6520544c
42732028
616e6420
74686520
4c322054
4c42293a
20612063
68616e67
65642050
54452069
73207365
656e2077
69746820
6e6f2041
53492033
20666c75
7368006d
6d753a20
74686520
4c322054
4c422065
6e61626c
65642061
74207275
6e207469
6d652073
65727665
73206e6f
20656e74
7279206f
6620616e
20656172
6c696572
2067656e
65726174
696f6e00
6d6d753a
20616e20
41534920
33207072
6f626520
72657475
726e7320
74686520
50544520
696e206d
656d6f72
79206166
74657220
61206368
616e6765
20776974
68206e6f
20666c75
73682028
4c322054
4c42206f
6e290063
61636865
3a205353
32302041
53492030
7830662f
30783064
20442061
6e642049
20646174
6120696d
61676573
20686f6c
64206576
65727920
646f7562
6c65776f
72642028
34783132
3878342c
20357836
34783829
00636163
68653a20
53533230
20415349
20307830
652f3078
30632050
54414773
206b6565
7020562f
442f5320
6f722056
20616e64
2050415b
33353a31
325d2c20
53544147
73207468
65204d52
5520616e
64206c6f
636b2062
69747300
63616368
653a2053
53323020
666c6173
6820636c
65617273
206f6e20
74686520
696d6167
653a206c
6f636b20
28564120
30783830
30303030
30302920
64726f70
73207468
65206c6f
636b732c
2076616c
69642028
56412030
29207468
65205054
41472056
20626974
7320616e
64207468
65204d52
55730063
61636865
3a205353
32302061
20433d30
20706167
65206f66
206d6169
6e206d65
6d6f7279
20697320
63616368
65643b20
74686520
77616c6b
65722773
20522f4d
20777269
74657320
72656163
68207468
65206361
63686564
20505445
00627573
6572723a
20612062
79706173
73206c6f
6164206f
6620616e
20656d70
74792053
42757320
736c6f74
20747261
70732074
74203078
32393b20
53465352
20544f2f
41542f46
5420352f
46415620
616e6420
53464152
2c207265
61642063
6c656172
732c206c
64737475
622c204f
572c204e
463b2061
2073746f
72652069
7320706f
73746564
00627573
6572723a
20746872
6f756768
2061206d
61707069
6e673a20
6c6f6164
20747420
30783239
20284154
20312c20
53464152
292c2066
65746368
20747420
30783231
20284654
20352c20
6e6f2046
4156292c
20612074
61626c65
20696e20
74686520
736c6f74
3a207474
20392077
69746820
46542034
2c204c20
332c2054
4f000000
000256c8
00025700
000257ec
00025808
000258f8
0002591c
000259bc
000259f4
00025b58
00025b84
00025c4c
00025c6c
00025d38
00025d50
00025df8
00025e30
00025ec0
00025eec
00026104
00002310
0002612f
0000237c
0002615a
000023e8
0002617c
000024f0
000261ac
000025c8
000261e6
000026a8
0002621d
00002744
00026252
000027bc
0002628b
00002888
000262be
00002920
000262ed
00002a28
0002631c
00002af4
00026348
00002be4
0002637f
00002ca0
000263b3
00002d20
000263ed
00002d44
0002641b
00002e10
0002644e
00002ec4
00026480
0000302c
000264b1
000031dc
000264da
00003370
00026500
000034f0
00026537
000035f8
0002658a
00003c64
000265c7
00003d54
0002660d
00003e48
00026653
00004050
000266a0
000041ec
000266f9
000044e0
0002673a
000045a0
00026774
000046f8
00026807
000048d8
00026841
000049c8
00026887
00004b64
000268c8
00004cb0
00026909
00004dc4
00026937
00004eac
00026979
00005340
000269bc
00005494
000269ff
00005660
00026a52
0000584c
00026a8f
00005a5c
00026ac8
00005ae4
00026b12
00005c2c
00026b5f
00005ed8
00026c0c
000061d8
00026c58
000062f0
00026cc4
00006478
00026d23
00006594
00026d70
000066f4
00026dc7
00006b38
00026e1d
00006d14
00026e78
00007264
00026eef
00007afc
00026f4d
00007c50
00026fd5
00007ef4
00000000
00000000
ffffffff
ffffffff
ffffffff
ffffffff
ffffffff
ffffffff
ffffffff
ffffffff
ffffffff
ffffffff
ffffffff
ffffffff
ffffffff
ffffffff
ffffffff
ffffffff
ffffffff
ffffffff
ffffffff
ffffffff
ffffffff
ffffffff
ffffffff
ffffffff
ffffffff
ffffffff
ffffffff
ffffffff
ffffffff
ffffffff
ffffffff
ffffffff
ffffffff
ffffffff
ffffffff
ffffffff
ffffffff
ffffffff
ffffffff
ffffffff
ffffffff
ffffffff
ffffffff
ffffffff
ffffffff
ffffffff
ffffffff
ffffffff
ffffffff
ffffffff
ffffffff
ffffffff
ffffffff
ffffffff
ffffffff
ffffffff
ffffffff
ffffffff
ffffffff
ffffffff
ffffffff
ffffffff
ffffffff
ffffffff
ffffffff
ffffffff
ffffffff
ffffffff
ffffffff
ffffffff
ffffffff
ffffffff
ffffffff
ffffffff
ffffffff
ffffffff
ffffffff
ffffffff
ffffffff
ffffffff
ffffffff
ffffffff
ffffffff
ffffffff
ffffffff
ffffffff
ffffffff
ffffffff
ffffffff
ffffffff
ffffffff
ffffffff
ffffffff
ffffffff
ffffffff
ffffffff
ffffffff
ffffffff
ffffffff
ffffffff
ffffffff
ffffffff
ffffffff
ffffffff
ffffffff
ffffffff
ffffffff
ffffffff
ffffffff
ffffffff
ffffffff
ffffffff
ffffffff
ffffffff
ffffffff
ffffffff
ffffffff
ffffffff
ffffffff
ffffffff
ffffffff
ffffffff
ffffffff
ffffffff
ffffffff
ffffffff
ffffffff
ffffffff
ffffffff
ffffffff
ffffffff
ffffffff
ffffffff
ffffffff
ffffffff
ffffffff
ffffffff
ffffffff
ffffffff
ffffffff
ffffffff
ffffffff
ffffffff
ffffffff
ffffffff
ffffffff
ffffffff
ffffffff
ffffffff
ffffffff
ffffffff
ffffffff
ffffffff
ffffffff
ffffffff
ffffffff
ffffffff
ffffffff
ffffffff
ffffffff
ffffffff
ffffffff
ffffffff
ffffffff
ffffffff
ffffffff
ffffffff
ffffffff
ffffffff
ffffffff
ffffffff
ffffffff
ffffffff
ffffffff
ffffffff
ffffffff
ffffffff
ffffffff
ffffffff
ffffffff
ffffffff
ffffffff
ffffffff
ffffffff
ffffffff
ffffffff
ffffffff
ffffffff
ffffffff
ffffffff
ffffffff
ffffffff
ffffffff
ffffffff
ffffffff
ffffffff
ffffffff
ffffffff
ffffffff
ffffffff
ffffffff
ffffffff
ffffffff
ffffffff
ffffffff
ffffffff
ffffffff
ffffffff
ffffffff
ffffffff
ffffffff
ffffffff
ffffffff
ffffffff
ffffffff
ffffffff
ffffffff
ffffffff
ffffffff
ffffffff
ffffffff
ffffffff
ffffffff
ffffffff
ffffffff
ffffffff
ffffffff
ffffffff
ffffffff
ffffffff
ffffffff
ffffffff
ffffffff
ffffffff
ffffffff
ffffffff
ffffffff
ffffffff
ffffffff
ffffffff
ffffffff
ffffffff
ffffffff
ffffffff
ffffffff
ffffffff
ffffffff
ffffffff
ffffffff
ffffffff
ffffffff
ffffffff
ffffffff
ffffffff
ffffffff
ffffffff
ffffffff
ffffffff
ffffffff
ffffffff
ffffffff
ffffffff
ffffffff
ffffffff
ffffffff
ffffffff
ffffffff
ffffffff
ffffffff
ffffffff
ffffffff
ffffffff
ffffffff
ffffffff
ffffffff
ffffffff
ffffffff
ffffffff
ffffffff
ffffffff
ffffffff
ffffffff
ffffffff
ffffffff
ffffffff
ffffffff
ffffffff
ffffffff
ffffffff
ffffffff
ffffffff
ffffffff
ffffffff
ffffffff
ffffffff
ffffffff
ffffffff
ffffffff
ffffffff
ffffffff
ffffffff
ffffffff
ffffffff
ffffffff
ffffffff
ffffffff
ffffffff
ffffffff
ffffffff
ffffffff
ffffffff
ffffffff
ffffffff
ffffffff
ffffffff
ffffffff
ffffffff
ffffffff
ffffffff
ffffffff
ffffffff
ffffffff
ffffffff
ffffffff
ffffffff
ffffffff
ffffffff
ffffffff
ffffffff
ffffffff
ffffffff
ffffffff
ffffffff
ffffffff
ffffffff
ffffffff
ffffffff
ffffffff
ffffffff
ffffffff
ffffffff
ffffffff
ffffffff
ffffffff
ffffffff
ffffffff
ffffffff
ffffffff
ffffffff
ffffffff
ffffffff
ffffffff
ffffffff
ffffffff
ffffffff
ffffffff
ffffffff
ffffffff
ffffffff
ffffffff
ffffffff
ffffffff
ffffffff
ffffffff
ffffffff
ffffffff
ffffffff
ffffffff
ffffffff
ffffffff
ffffffff
ffffffff
ffffffff
ffffffff
ffffffff
ffffffff
ffffffff
ffffffff
ffffffff
ffffffff
ffffffff
ffffffff
ffffffff
ffffffff
ffffffff
ffffffff
ffffffff
ffffffff
ffffffff
ffffffff
ffffffff
ffffffff
ffffffff
ffffffff
ffffffff
ffffffff
ffffffff
ffffffff
ffffffff
ffffffff
ffffffff
ffffffff
ffffffff
ffffffff
ffffffff
ffffffff
ffffffff
ffffffff
ffffffff
ffffffff
ffffffff
ffffffff
ffffffff
ffffffff
ffffffff
ffffffff
ffffffff
ffffffff
ffffffff
ffffffff
ffffffff
ffffffff
ffffffff
ffffffff
ffffffff
ffffffff
ffffffff
ffffffff
ffffffff
ffffffff
ffffffff
ffffffff
ffffffff
ffffffff
ffffffff
ffffffff
ffffffff
ffffffff
ffffffff
ffffffff
ffffffff
ffffffff
ffffffff
ffffffff
ffffffff
ffffffff
ffffffff
ffffffff
ffffffff
ffffffff
ffffffff
ffffffff
ffffffff
ffffffff
ffffffff
ffffffff
ffffffff
ffffffff
ffffffff
ffffffff
ffffffff
ffffffff
ffffffff
ffffffff
ffffffff
ffffffff
ffffffff
ffffffff
ffffffff
ffffffff
ffffffff
ffffffff
ffffffff
ffffffff
ffffffff
ffffffff
ffffffff
ffffffff
ffffffff
ffffffff
ffffffff
ffffffff
ffffffff
ffffffff
ffffffff
ffffffff
ffffffff
ffffffff
ffffffff
ffffffff
ffffffff
ffffffff
ffffffff
ffffffff
ffffffff
ffffffff
ffffffff
ffffffff
ffffffff
ffffffff
ffffffff
ffffffff
ffffffff
ffffffff
ffffffff
ffffffff
ffffffff
ffffffff
ffffffff
ffffffff
ffffffff
ffffffff
ffffffff
ffffffff
ffffffff
ffffffff
ffffffff
ffffffff
ffffffff
ffffffff
ffffffff
ffffffff
ffffffff
ffffffff
ffffffff
ffffffff
ffffffff
ffffffff
ffffffff
ffffffff
ffffffff
ffffffff
ffffffff
ffffffff
ffffffff
ffffffff
ffffffff
ffffffff
ffffffff
ffffffff
ffffffff
ffffffff
ffffffff
ffffffff
ffffffff
ffffffff
ffffffff
ffffffff
ffffffff
ffffffff
ffffffff
ffffffff
ffffffff
ffffffff
ffffffff
ffffffff
ffffffff
ffffffff
ffffffff
ffffffff
ffffffff
ffffffff
ffffffff
ffffffff
ffffffff
ffffffff
ffffffff
ffffffff
ffffffff
ffffffff
ffffffff
ffffffff
ffffffff
ffffffff
ffffffff
ffffffff
ffffffff
ffffffff
ffffffff
ffffffff
ffffffff
ffffffff
ffffffff
ffffffff
ffffffff
ffffffff
ffffffff
ffffffff
ffffffff
ffffffff
ffffffff
ffffffff
ffffffff
ffffffff
ffffffff
ffffffff
ffffffff
ffffffff
ffffffff
ffffffff
ffffffff
ffffffff
ffffffff
ffffffff
ffffffff
ffffffff
ffffffff
ffffffff
ffffffff
ffffffff
ffffffff
ffffffff
ffffffff
ffffffff
ffffffff
ffffffff
ffffffff
ffffffff
ffffffff
ffffffff
ffffffff
ffffffff
ffffffff
ffffffff
ffffffff
ffffffff
ffffffff
ffffffff
ffffffff
ffffffff
ffffffff
ffffffff
ffffffff
ffffffff
ffffffff
ffffffff
ffffffff
ffffffff
ffffffff
ffffffff
ffffffff
ffffffff
ffffffff
ffffffff
ffffffff
ffffffff
ffffffff
ffffffff
ffffffff
ffffffff
ffffffff
ffffffff
ffffffff
ffffffff
ffffffff
ffffffff
ffffffff
ffffffff
ffffffff
ffffffff
ffffffff
ffffffff
ffffffff
ffffffff
ffffffff
ffffffff
ffffffff
ffffffff
ffffffff
ffffffff
ffffffff
ffffffff
ffffffff
ffffffff
ffffffff
ffffffff
ffffffff
ffffffff
ffffffff
ffffffff
ffffffff
ffffffff
ffffffff
ffffffff
ffffffff
ffffffff
ffffffff
ffffffff
ffffffff
ffffffff
ffffffff
ffffffff
ffffffff
ffffffff
ffffffff
ffffffff
ffffffff
ffffffff
ffffffff
ffffffff
ffffffff
ffffffff
ffffffff
ffffffff
ffffffff
ffffffff
ffffffff
ffffffff
ffffffff
ffffffff
ffffffff
ffffffff
ffffffff
ffffffff
ffffffff
ffffffff
ffffffff
ffffffff
ffffffff
ffffffff
ffffffff
ffffffff
ffffffff
ffffffff
ffffffff
ffffffff
ffffffff
ffffffff
ffffffff
ffffffff
ffffffff
ffffffff
ffffffff
ffffffff
ffffffff
ffffffff
ffffffff
ffffffff
ffffffff
ffffffff
ffffffff
ffffffff
ffffffff
ffffffff
ffffffff
ffffffff
ffffffff
ffffffff
ffffffff
ffffffff
ffffffff
ffffffff
ffffffff
ffffffff
ffffffff
ffffffff
ffffffff
ffffffff
ffffffff
ffffffff
ffffffff
ffffffff
ffffffff
ffffffff
ffffffff
ffffffff
ffffffff
ffffffff
ffffffff
ffffffff
ffffffff
ffffffff
ffffffff
ffffffff
ffffffff
ffffffff
ffffffff
ffffffff
ffffffff
ffffffff
ffffffff
ffffffff
ffffffff
ffffffff
ffffffff
ffffffff
ffffffff
ffffffff
ffffffff
ffffffff
ffffffff
ffffffff
ffffffff
ffffffff
ffffffff
ffffffff
ffffffff
ffffffff
ffffffff
ffffffff
ffffffff
ffffffff
ffffffff
ffffffff
ffffffff
ffffffff
ffffffff
ffffffff
ffffffff
ffffffff
ffffffff
ffffffff
ffffffff
ffffffff
ffffffff
ffffffff
ffffffff
ffffffff
ffffffff
ffffffff
ffffffff
ffffffff
ffffffff
ffffffff
ffffffff
ffffffff
ffffffff
ffffffff
ffffffff
ffffffff
ffffffff
ffffffff
ffffffff
ffffffff
ffffffff
ffffffff
ffffffff
ffffffff
ffffffff
ffffffff
ffffffff
ffffffff
ffffffff
ffffffff
ffffffff
ffffffff
ffffffff
ffffffff
ffffffff
ffffffff
ffffffff
ffffffff
ffffffff
ffffffff
ffffffff
ffffffff
ffffffff
ffffffff
ffffffff
ffffffff
ffffffff
ffffffff
ffffffff
ffffffff
ffffffff
ffffffff
ffffffff
ffffffff
ffffffff
ffffffff
ffffffff
ffffffff
ffffffff
ffffffff
ffffffff
ffffffff
ffffffff
ffffffff
ffffffff
ffffffff
ffffffff
ffffffff
ffffffff
ffffffff
ffffffff
ffffffff
ffffffff
ffffffff
ffffffff
ffffffff
ffffffff
ffffffff
ffffffff
ffffffff
ffffffff
ffffffff
ffffffff
ffffffff
ffffffff
ffffffff
ffffffff
ffffffff
ffffffff
ffffffff
ffffffff
ffffffff
ffffffff
ffffffff
ffffffff
ffffffff
ffffffff
ffffffff
ffffffff
ffffffff
ffffffff
ffffffff
ffffffff
ffffffff
ffffffff
ffffffff
ffffffff
ffffffff
ffffffff
ffffffff
ffffffff
ffffffff
ffffffff
ffffffff
ffffffff
ffffffff
ffffffff
ffffffff
ffffffff
ffffffff
ffffffff
ffffffff
ffffffff
ffffffff
ffffffff
ffffffff
ffffffff
ffffffff
ffffffff
ffffffff
ffffffff
ffffffff
ffffffff
ffffffff
ffffffff
ffffffff
ffffffff
ffffffff
ffffffff
ffffffff
ffffffff
ffffffff
ffffffff
ffffffff
ffffffff
ffffffff
ffffffff
ffffffff
ffffffff
ffffffff
ffffffff
ffffffff
ffffffff
ffffffff
ffffffff
ffffffff
ffffffff
ffffffff
ffffffff
ffffffff
ffffffff
ffffffff
ffffffff
ffffffff
ffffffff
ffffffff
ffffffff
ffffffff
ffffffff
ffffffff
ffffffff
ffffffff
ffffffff
ffffffff
ffffffff
ffffffff
ffffffff
ffffffff
ffffffff
ffffffff
ffffffff
ffffffff
ffffffff
ffffffff
ffffffff
ffffffff
ffffffff
ffffffff
ffffffff
ffffffff
ffffffff
ffffffff
ffffffff
ffffffff
ffffffff
ffffffff
ffffffff
ffffffff
ffffffff
ffffffff
ffffffff
ffffffff
ffffffff
ffffffff
ffffffff
ffffffff
ffffffff
ffffffff
ffffffff
ffffffff
ffffffff
ffffffff
ffffffff
ffffffff
ffffffff
ffffffff
ffffffff
ffffffff
ffffffff
ffffffff
ffffffff
ffffffff
ffffffff
ffffffff
ffffffff
ffffffff
ffffffff
ffffffff
ffffffff
ffffffff
ffffffff
ffffffff
ffffffff
ffffffff
ffffffff
ffffffff
ffffffff
ffffffff
ffffffff
ffffffff
ffffffff
ffffffff
ffffffff
ffffffff
ffffffff
ffffffff
ffffffff
ffffffff
ffffffff
ffffffff
ffffffff
ffffffff
ffffffff
ffffffff
ffffffff
ffffffff
ffffffff
ffffffff
ffffffff
ffffffff
ffffffff
ffffffff
ffffffff
ffffffff
ffffffff
ffffffff
ffffffff
ffffffff
ffffffff
ffffffff
ffffffff
ffffffff
ffffffff
ffffffff
ffffffff
ffffffff
ffffffff
ffffffff
ffffffff
ffffffff
ffffffff
ffffffff
ffffffff
ffffffff
ffffffff
ffffffff
ffffffff
ffffffff
ffffffff
ffffffff
ffffffff
ffffffff
ffffffff
ffffffff
ffffffff
ffffffff
ffffffff
ffffffff
ffffffff
ffffffff
ffffffff
ffffffff
ffffffff
ffffffff
ffffffff
ffffffff
ffffffff
ffffffff
ffffffff
ffffffff
ffffffff
ffffffff
ffffffff
ffffffff
ffffffff
ffffffff
ffffffff
ffffffff
ffffffff
ffffffff
ffffffff
ffffffff
ffffffff
ffffffff
ffffffff
ffffffff
ffffffff
ffffffff
ffffffff
ffffffff
ffffffff
ffffffff
ffffffff
ffffffff
ffffffff
ffffffff
ffffffff
ffffffff
ffffffff
ffffffff
ffffffff
ffffffff
ffffffff
ffffffff
ffffffff
ffffffff
ffffffff
ffffffff
ffffffff
ffffffff
ffffffff
ffffffff
ffffffff
ffffffff
ffffffff
ffffffff
ffffffff
ffffffff
ffffffff
ffffffff
ffffffff
ffffffff
ffffffff
ffffffff
ffffffff
ffffffff
ffffffff
ffffffff
ffffffff
ffffffff
ffffffff
ffffffff
ffffffff
ffffffff
ffffffff
ffffffff
ffffffff
ffffffff
ffffffff
ffffffff
ffffffff
ffffffff
ffffffff
ffffffff
ffffffff
ffffffff
ffffffff
ffffffff
ffffffff
ffffffff
ffffffff
ffffffff
ffffffff
ffffffff
ffffffff
ffffffff
ffffffff
ffffffff
ffffffff
ffffffff
ffffffff
ffffffff
ffffffff
ffffffff
ffffffff
ffffffff
ffffffff
ffffffff
ffffffff
ffffffff
ffffffff
ffffffff
ffffffff
ffffffff
ffffffff
ffffffff
ffffffff
ffffffff
ffffffff
ffffffff
ffffffff
ffffffff
ffffffff
ffffffff
ffffffff
ffffffff
ffffffff
ffffffff
ffffffff
ffffffff
ffffffff
ffffffff
ffffffff
ffffffff
ffffffff
ffffffff
ffffffff
ffffffff
ffffffff
ffffffff
ffffffff
ffffffff
ffffffff
ffffffff
ffffffff
ffffffff
ffffffff
ffffffff
ffffffff
ffffffff
ffffffff
ffffffff
ffffffff
ffffffff
ffffffff
ffffffff
ffffffff
ffffffff
ffffffff
ffffffff
ffffffff
ffffffff
ffffffff
ffffffff
ffffffff
ffffffff
ffffffff
ffffffff
ffffffff
ffffffff
ffffffff
ffffffff
ffffffff
ffffffff
ffffffff
ffffffff
ffffffff
ffffffff
ffffffff
ffffffff
ffffffff
ffffffff
ffffffff
ffffffff
ffffffff
ffffffff
ffffffff
ffffffff
ffffffff
ffffffff
ffffffff
ffffffff
ffffffff
ffffffff
ffffffff
ffffffff
ffffffff
ffffffff
ffffffff
ffffffff
ffffffff
ffffffff
ffffffff
ffffffff
ffffffff
ffffffff
ffffffff
ffffffff
ffffffff
ffffffff
ffffffff
ffffffff
ffffffff
ffffffff
ffffffff
ffffffff
ffffffff
ffffffff
ffffffff
ffffffff
ffffffff
ffffffff
ffffffff
ffffffff
ffffffff
ffffffff
ffffffff
ffffffff
ffffffff
ffffffff
ffffffff
ffffffff
ffffffff
ffffffff
ffffffff
ffffffff
ffffffff
ffffffff
ffffffff
ffffffff
ffffffff
ffffffff
ffffffff
ffffffff
ffffffff
ffffffff
ffffffff
ffffffff
ffffffff
ffffffff
ffffffff
ffffffff
ffffffff
ffffffff
ffffffff
ffffffff
ffffffff
ffffffff
ffffffff
ffffffff
ffffffff
ffffffff
ffffffff
ffffffff
ffffffff
ffffffff
ffffffff
ffffffff
ffffffff
ffffffff
ffffffff
ffffffff
ffffffff
ffffffff
ffffffff
ffffffff
ffffffff
ffffffff
ffffffff
ffffffff
ffffffff
ffffffff
ffffffff
ffffffff
ffffffff
ffffffff
ffffffff
ffffffff
ffffffff
ffffffff
ffffffff
ffffffff
ffffffff
ffffffff
ffffffff
ffffffff
ffffffff
ffffffff
ffffffff
ffffffff
ffffffff
ffffffff
ffffffff
ffffffff
ffffffff
ffffffff
ffffffff
ffffffff
ffffffff
ffffffff
ffffffff
ffffffff
ffffffff
ffffffff
ffffffff
ffffffff
ffffffff
ffffffff
ffffffff
ffffffff
ffffffff
ffffffff
ffffffff
ffffffff
ffffffff
ffffffff
ffffffff
ffffffff
ffffffff
ffffffff
ffffffff
ffffffff
ffffffff
ffffffff
ffffffff
ffffffff
ffffffff
ffffffff
ffffffff
ffffffff
ffffffff
ffffffff
ffffffff
ffffffff
ffffffff
ffffffff
ffffffff
ffffffff
ffffffff
ffffffff
ffffffff
ffffffff
ffffffff
ffffffff
ffffffff
ffffffff
ffffffff
ffffffff
ffffffff
ffffffff
ffffffff
ffffffff
ffffffff
ffffffff
ffffffff
ffffffff
ffffffff
ffffffff
ffffffff
ffffffff
ffffffff
ffffffff
ffffffff
ffffffff
ffffffff
ffffffff
ffffffff
ffffffff
ffffffff
ffffffff
ffffffff
ffffffff
ffffffff
ffffffff
ffffffff
ffffffff
ffffffff
ffffffff
ffffffff
ffffffff
ffffffff
ffffffff
ffffffff
ffffffff
ffffffff
ffffffff
ffffffff
ffffffff
ffffffff
ffffffff
ffffffff
ffffffff
ffffffff
ffffffff
ffffffff
ffffffff
ffffffff
ffffffff
ffffffff
ffffffff
ffffffff
ffffffff
ffffffff
ffffffff
ffffffff
ffffffff
ffffffff
ffffffff
ffffffff
ffffffff
ffffffff
ffffffff
ffffffff
ffffffff
ffffffff
ffffffff
ffffffff
ffffffff
ffffffff
ffffffff
ffffffff
ffffffff
ffffffff
ffffffff
ffffffff
ffffffff
ffffffff
ffffffff
ffffffff
ffffffff
ffffffff
ffffffff
ffffffff
ffffffff
ffffffff
ffffffff
ffffffff
ffffffff
ffffffff
ffffffff
ffffffff
ffffffff
ffffffff
ffffffff
ffffffff
ffffffff
ffffffff
ffffffff
ffffffff
ffffffff
ffffffff
ffffffff
ffffffff
ffffffff
ffffffff
ffffffff
ffffffff
ffffffff
ffffffff
ffffffff
ffffffff
ffffffff
ffffffff
ffffffff
ffffffff
ffffffff
ffffffff
ffffffff
ffffffff
ffffffff
ffffffff
ffffffff
ffffffff
ffffffff
ffffffff
ffffffff
ffffffff
ffffffff
ffffffff
ffffffff
ffffffff
ffffffff
ffffffff
ffffffff
ffffffff
ffffffff
ffffffff
ffffffff
ffffffff
ffffffff
ffffffff
ffffffff
ffffffff
ffffffff
ffffffff
ffffffff
ffffffff
ffffffff
ffffffff
ffffffff
ffffffff
ffffffff
ffffffff
ffffffff
ffffffff
ffffffff
ffffffff
ffffffff
ffffffff
ffffffff
ffffffff
ffffffff
ffffffff
ffffffff
ffffffff
ffffffff
ffffffff
ffffffff
ffffffff
ffffffff
ffffffff
ffffffff
ffffffff
ffffffff
ffffffff
ffffffff
ffffffff
ffffffff
ffffffff
ffffffff
ffffffff
ffffffff
ffffffff
ffffffff
ffffffff
ffffffff
ffffffff
ffffffff
ffffffff
ffffffff
ffffffff
ffffffff
ffffffff
ffffffff
ffffffff
ffffffff
ffffffff
ffffffff
ffffffff
ffffffff
ffffffff
ffffffff
ffffffff
ffffffff
ffffffff
ffffffff
ffffffff
ffffffff
ffffffff
ffffffff
ffffffff
ffffffff
ffffffff
ffffffff
ffffffff
ffffffff
ffffffff
ffffffff
ffffffff
ffffffff
ffffffff
ffffffff
ffffffff
ffffffff
ffffffff
ffffffff
ffffffff
ffffffff
ffffffff
ffffffff
ffffffff
ffffffff
ffffffff
ffffffff
ffffffff
ffffffff
ffffffff
ffffffff
ffffffff
ffffffff
ffffffff
ffffffff
ffffffff
ffffffff
ffffffff
ffffffff
ffffffff
ffffffff
ffffffff
ffffffff
ffffffff
ffffffff
ffffffff
ffffffff
ffffffff
ffffffff
ffffffff
ffffffff
ffffffff
ffffffff
ffffffff
ffffffff
ffffffff
ffffffff
ffffffff
ffffffff
ffffffff
ffffffff
ffffffff
ffffffff
ffffffff
ffffffff
ffffffff
ffffffff
ffffffff
ffffffff
ffffffff
ffffffff
ffffffff
ffffffff
ffffffff
ffffffff
ffffffff
ffffffff
ffffffff
ffffffff
ffffffff
ffffffff
ffffffff
ffffffff
ffffffff
ffffffff
ffffffff
ffffffff
ffffffff
ffffffff
ffffffff
ffffffff
ffffffff
ffffffff
ffffffff
ffffffff
ffffffff
ffffffff
ffffffff
ffffffff
ffffffff
ffffffff
ffffffff
ffffffff
ffffffff
ffffffff
ffffffff
ffffffff
ffffffff
ffffffff
ffffffff
ffffffff
ffffffff
ffffffff
ffffffff
ffffffff
ffffffff
ffffffff
ffffffff
ffffffff
ffffffff
ffffffff
ffffffff
ffffffff
ffffffff
ffffffff
ffffffff
ffffffff
ffffffff
ffffffff
ffffffff
ffffffff
ffffffff
ffffffff
ffffffff
ffffffff
ffffffff
ffffffff
ffffffff
ffffffff
ffffffff
ffffffff
ffffffff
ffffffff
ffffffff
ffffffff
ffffffff
ffffffff
ffffffff
ffffffff
ffffffff
ffffffff
ffffffff
ffffffff
ffffffff
ffffffff
ffffffff
ffffffff
ffffffff
ffffffff
ffffffff
ffffffff
ffffffff
ffffffff
ffffffff
ffffffff
ffffffff
ffffffff
ffffffff
ffffffff
ffffffff
ffffffff
ffffffff
ffffffff
ffffffff
ffffffff
ffffffff
ffffffff
ffffffff
ffffffff
ffffffff
ffffffff
ffffffff
ffffffff
ffffffff
ffffffff
ffffffff
ffffffff
ffffffff
ffffffff
ffffffff
ffffffff
ffffffff
ffffffff
ffffffff
ffffffff
ffffffff
ffffffff
ffffffff
ffffffff
ffffffff
ffffffff
ffffffff
ffffffff
ffffffff
ffffffff
ffffffff
ffffffff
ffffffff
ffffffff
ffffffff
ffffffff
ffffffff
ffffffff
ffffffff
ffffffff
ffffffff
ffffffff
ffffffff
ffffffff
ffffffff
ffffffff
ffffffff
ffffffff
ffffffff
ffffffff
ffffffff
ffffffff
ffffffff
ffffffff
ffffffff
ffffffff
ffffffff
ffffffff
ffffffff
ffffffff
ffffffff
ffffffff
ffffffff
ffffffff
ffffffff
ffffffff
ffffffff
ffffffff
ffffffff
ffffffff
ffffffff
ffffffff
ffffffff
ffffffff
ffffffff
ffffffff
ffffffff
ffffffff
ffffffff
ffffffff
ffffffff
ffffffff
ffffffff
ffffffff
ffffffff
ffffffff
ffffffff
ffffffff
ffffffff
ffffffff
ffffffff
ffffffff
ffffffff
ffffffff
ffffffff
ffffffff
ffffffff
ffffffff
ffffffff
ffffffff
ffffffff
ffffffff
ffffffff
ffffffff
ffffffff
ffffffff
ffffffff
ffffffff
ffffffff
ffffffff
ffffffff
ffffffff
ffffffff
ffffffff
ffffffff
ffffffff
ffffffff
ffffffff
ffffffff
ffffffff
ffffffff
ffffffff
ffffffff
ffffffff
ffffffff
ffffffff
ffffffff
ffffffff
ffffffff
ffffffff
ffffffff
ffffffff
ffffffff
ffffffff
ffffffff
ffffffff
ffffffff
ffffffff
ffffffff
ffffffff
ffffffff
ffffffff
ffffffff
ffffffff
ffffffff
ffffffff
ffffffff
ffffffff
ffffffff
ffffffff
ffffffff
ffffffff
ffffffff
ffffffff
ffffffff
ffffffff
ffffffff
ffffffff
ffffffff
ffffffff
ffffffff
ffffffff
ffffffff
ffffffff
ffffffff
ffffffff
ffffffff
ffffffff
ffffffff
ffffffff
ffffffff
ffffffff
ffffffff
ffffffff
ffffffff
ffffffff
ffffffff
ffffffff
ffffffff
ffffffff
ffffffff
ffffffff
ffffffff
ffffffff
ffffffff
ffffffff
ffffffff
ffffffff
ffffffff
ffffffff
ffffffff
ffffffff
ffffffff
ffffffff
ffffffff
ffffffff
ffffffff
ffffffff
ffffffff
ffffffff
ffffffff
ffffffff
ffffffff
ffffffff
ffffffff
ffffffff
ffffffff
ffffffff
ffffffff
ffffffff
ffffffff
ffffffff
ffffffff
ffffffff
ffffffff
ffffffff
ffffffff
ffffffff
ffffffff
ffffffff
ffffffff
ffffffff
ffffffff
ffffffff
ffffffff
ffffffff
ffffffff
ffffffff
ffffffff
ffffffff
ffffffff
ffffffff
ffffffff
ffffffff
ffffffff
ffffffff
ffffffff
ffffffff
ffffffff
ffffffff
ffffffff
ffffffff
ffffffff
ffffffff
ffffffff
ffffffff
ffffffff
ffffffff
ffffffff
ffffffff
ffffffff
ffffffff
ffffffff
ffffffff
ffffffff
ffffffff
ffffffff
ffffffff
ffffffff
ffffffff
ffffffff
ffffffff
ffffffff
ffffffff
ffffffff
ffffffff
ffffffff
ffffffff
ffffffff
ffffffff
ffffffff
ffffffff
ffffffff
ffffffff
ffffffff
ffffffff
ffffffff
ffffffff
ffffffff
ffffffff
ffffffff
ffffffff
ffffffff
ffffffff
ffffffff
ffffffff
ffffffff
ffffffff
ffffffff
ffffffff
ffffffff
ffffffff
ffffffff
ffffffff
ffffffff
ffffffff
ffffffff
ffffffff
ffffffff
ffffffff
ffffffff
ffffffff
ffffffff
ffffffff
ffffffff
ffffffff
ffffffff
ffffffff
ffffffff
ffffffff
ffffffff
ffffffff
ffffffff
ffffffff
ffffffff
ffffffff
ffffffff
ffffffff
ffffffff
ffffffff
ffffffff
ffffffff
ffffffff
ffffffff
ffffffff
ffffffff
ffffffff
ffffffff
ffffffff
ffffffff
ffffffff
ffffffff
ffffffff
ffffffff
ffffffff
ffffffff
ffffffff
ffffffff
ffffffff
ffffffff
ffffffff
ffffffff
ffffffff
ffffffff
ffffffff
ffffffff
ffffffff
ffffffff
ffffffff
ffffffff
ffffffff
ffffffff
ffffffff
ffffffff
ffffffff
ffffffff
ffffffff
ffffffff
ffffffff
ffffffff
ffffffff
ffffffff
ffffffff
ffffffff
ffffffff
ffffffff
ffffffff
ffffffff
ffffffff
ffffffff
ffffffff
ffffffff
ffffffff
ffffffff
ffffffff
ffffffff
ffffffff
ffffffff
ffffffff
ffffffff
ffffffff
ffffffff
ffffffff
ffffffff
ffffffff
ffffffff
ffffffff
ffffffff
ffffffff
ffffffff
ffffffff
ffffffff
ffffffff
ffffffff
ffffffff
ffffffff
ffffffff
ffffffff
ffffffff
ffffffff
ffffffff
ffffffff
ffffffff
ffffffff
ffffffff
ffffffff
ffffffff
ffffffff
ffffffff
ffffffff
ffffffff
ffffffff
ffffffff
ffffffff
ffffffff
ffffffff
ffffffff
ffffffff
ffffffff
ffffffff
ffffffff
ffffffff
ffffffff
ffffffff
ffffffff
ffffffff
ffffffff
ffffffff
ffffffff
ffffffff
ffffffff
ffffffff
ffffffff
ffffffff
ffffffff
ffffffff
ffffffff
ffffffff
ffffffff
ffffffff
ffffffff
ffffffff
ffffffff
ffffffff
ffffffff
ffffffff
ffffffff
ffffffff
ffffffff
ffffffff
ffffffff
ffffffff
ffffffff
ffffffff
ffffffff
ffffffff
ffffffff
ffffffff
ffffffff
ffffffff
ffffffff
ffffffff
ffffffff
ffffffff
ffffffff
ffffffff
ffffffff
ffffffff
ffffffff
ffffffff
ffffffff
ffffffff
ffffffff
ffffffff
ffffffff
ffffffff
ffffffff
ffffffff
ffffffff
ffffffff
ffffffff
ffffffff
ffffffff
ffffffff
ffffffff
ffffffff
ffffffff
ffffffff
ffffffff
ffffffff
ffffffff
ffffffff
ffffffff
ffffffff
ffffffff
ffffffff
ffffffff
ffffffff
ffffffff
ffffffff
ffffffff
ffffffff
ffffffff
ffffffff
ffffffff
ffffffff
ffffffff
ffffffff
ffffffff
ffffffff
ffffffff
ffffffff
ffffffff
ffffffff
ffffffff
ffffffff
ffffffff
ffffffff
ffffffff
ffffffff
ffffffff
ffffffff
ffffffff
ffffffff
ffffffff
ffffffff
ffffffff
ffffffff
ffffffff
ffffffff
ffffffff
ffffffff
ffffffff
ffffffff
ffffffff
ffffffff
ffffffff
ffffffff
ffffffff
ffffffff
ffffffff
ffffffff
ffffffff
ffffffff
ffffffff
ffffffff
ffffffff
ffffffff
ffffffff
ffffffff
ffffffff
ffffffff
ffffffff
ffffffff
ffffffff
ffffffff
ffffffff
ffffffff
ffffffff
ffffffff
ffffffff
ffffffff
ffffffff
ffffffff
ffffffff
ffffffff
ffffffff
ffffffff
ffffffff
ffffffff
ffffffff
ffffffff
ffffffff
ffffffff
ffffffff
ffffffff
ffffffff
ffffffff
ffffffff
ffffffff
ffffffff
ffffffff
ffffffff
ffffffff
ffffffff
ffffffff
ffffffff
ffffffff
ffffffff
ffffffff
ffffffff
ffffffff
ffffffff
ffffffff
ffffffff
ffffffff
ffffffff
ffffffff
ffffffff
ffffffff
ffffffff
ffffffff
ffffffff
ffffffff
ffffffff
ffffffff
ffffffff
ffffffff
ffffffff
ffffffff
ffffffff
ffffffff
ffffffff
ffffffff
ffffffff
ffffffff
ffffffff
ffffffff
ffffffff
ffffffff
ffffffff
ffffffff
ffffffff
ffffffff
ffffffff
ffffffff
ffffffff
ffffffff
ffffffff
ffffffff
ffffffff
ffffffff
ffffffff
ffffffff
ffffffff
ffffffff
ffffffff
ffffffff
ffffffff
ffffffff
ffffffff
ffffffff
ffffffff
ffffffff
ffffffff
ffffffff
ffffffff
ffffffff
ffffffff
ffffffff
ffffffff
ffffffff
ffffffff
ffffffff
ffffffff
ffffffff
ffffffff
ffffffff
ffffffff
ffffffff
ffffffff
ffffffff
ffffffff
ffffffff
ffffffff
ffffffff
ffffffff
ffffffff
ffffffff
ffffffff
ffffffff
ffffffff
ffffffff
ffffffff
ffffffff
ffffffff
ffffffff
ffffffff
ffffffff
ffffffff
ffffffff
ffffffff
ffffffff
ffffffff
ffffffff
ffffffff
ffffffff
ffffffff
ffffffff
ffffffff
ffffffff
ffffffff
ffffffff
ffffffff
ffffffff
ffffffff
ffffffff
ffffffff
ffffffff
ffffffff
ffffffff
ffffffff
ffffffff
ffffffff
ffffffff
ffffffff
ffffffff
ffffffff
ffffffff
ffffffff
ffffffff
ffffffff
ffffffff
ffffffff
ffffffff
ffffffff
ffffffff
ffffffff
ffffffff
ffffffff
ffffffff
ffffffff
ffffffff
ffffffff
ffffffff
ffffffff
ffffffff
ffffffff
ffffffff
ffffffff
ffffffff
ffffffff
ffffffff
ffffffff
ffffffff
ffffffff
ffffffff
ffffffff
ffffffff
ffffffff
ffffffff
ffffffff
ffffffff
ffffffff
ffffffff
ffffffff
ffffffff
ffffffff
ffffffff
ffffffff
ffffffff
ffffffff
ffffffff
ffffffff
ffffffff
ffffffff
ffffffff
ffffffff
ffffffff
ffffffff
ffffffff
ffffffff
ffffffff
ffffffff
ffffffff
ffffffff
ffffffff
ffffffff
ffffffff
ffffffff
ffffffff
ffffffff
ffffffff
ffffffff
ffffffff
ffffffff
ffffffff
ffffffff
ffffffff
ffffffff
ffffffff
ffffffff
ffffffff
ffffffff
ffffffff
ffffffff
ffffffff
ffffffff
ffffffff
ffffffff
ffffffff
ffffffff
ffffffff
ffffffff
ffffffff
ffffffff
ffffffff
ffffffff
ffffffff
ffffffff
ffffffff
ffffffff
ffffffff
ffffffff
ffffffff
ffffffff
ffffffff
ffffffff
ffffffff
ffffffff
ffffffff
ffffffff
ffffffff
ffffffff
ffffffff
ffffffff
ffffffff
ffffffff
ffffffff
ffffffff
ffffffff
ffffffff
ffffffff
ffffffff
ffffffff
ffffffff
ffffffff
ffffffff
ffffffff
ffffffff
ffffffff
ffffffff
ffffffff
ffffffff
ffffffff
ffffffff
ffffffff
ffffffff
ffffffff
ffffffff
ffffffff
ffffffff
ffffffff
ffffffff
ffffffff
ffffffff
ffffffff
ffffffff
ffffffff
ffffffff
ffffffff
ffffffff
ffffffff
ffffffff
ffffffff
ffffffff
ffffffff
ffffffff
ffffffff
ffffffff
ffffffff
ffffffff
ffffffff
ffffffff
ffffffff
ffffffff
ffffffff
ffffffff
ffffffff
ffffffff
ffffffff
ffffffff
ffffffff
ffffffff
ffffffff
ffffffff
ffffffff
ffffffff
ffffffff
ffffffff
ffffffff
ffffffff
ffffffff
ffffffff
ffffffff
ffffffff
ffffffff
ffffffff
ffffffff
ffffffff
ffffffff
ffffffff
ffffffff
ffffffff
ffffffff
ffffffff
ffffffff
ffffffff
ffffffff
ffffffff
ffffffff
ffffffff
ffffffff
ffffffff
ffffffff
ffffffff
ffffffff
ffffffff
ffffffff
ffffffff
ffffffff
ffffffff
ffffffff
ffffffff
ffffffff
ffffffff
ffffffff
ffffffff
ffffffff
ffffffff
ffffffff
ffffffff
ffffffff
ffffffff
ffffffff
ffffffff
ffffffff
ffffffff
ffffffff
ffffffff
ffffffff
ffffffff
ffffffff
ffffffff
ffffffff
ffffffff
ffffffff
ffffffff
ffffffff
ffffffff
ffffffff
ffffffff
ffffffff
ffffffff
ffffffff
ffffffff
ffffffff
ffffffff
ffffffff
ffffffff
ffffffff
ffffffff
ffffffff
ffffffff
ffffffff
ffffffff
ffffffff
ffffffff
ffffffff
ffffffff
ffffffff
ffffffff
ffffffff
ffffffff
ffffffff
ffffffff
ffffffff
ffffffff
ffffffff
ffffffff
ffffffff
ffffffff
ffffffff
ffffffff
ffffffff
ffffffff
ffffffff
ffffffff
ffffffff
ffffffff
ffffffff
ffffffff
ffffffff
ffffffff
ffffffff
ffffffff
ffffffff
ffffffff
ffffffff
ffffffff
ffffffff
ffffffff
ffffffff
ffffffff
ffffffff
ffffffff
ffffffff
ffffffff
ffffffff
ffffffff
ffffffff
ffffffff
ffffffff
ffffffff
ffffffff
ffffffff
ffffffff
ffffffff
ffffffff
ffffffff
ffffffff
ffffffff
ffffffff
ffffffff
ffffffff
ffffffff
ffffffff
ffffffff
ffffffff
ffffffff
ffffffff
ffffffff
ffffffff
ffffffff
ffffffff
ffffffff
ffffffff
ffffffff
ffffffff
ffffffff
ffffffff
ffffffff
ffffffff
ffffffff
ffffffff
ffffffff
ffffffff
ffffffff
ffffffff
ffffffff
ffffffff
ffffffff
ffffffff
ffffffff
ffffffff
ffffffff
ffffffff
ffffffff
ffffffff
ffffffff
ffffffff
ffffffff
ffffffff
ffffffff
ffffffff
ffffffff
ffffffff
ffffffff
ffffffff
ffffffff
ffffffff
ffffffff
ffffffff
ffffffff
ffffffff
ffffffff
ffffffff
ffffffff
ffffffff
ffffffff
ffffffff
ffffffff
ffffffff
ffffffff
ffffffff
ffffffff
ffffffff
ffffffff
ffffffff
ffffffff
ffffffff
ffffffff
ffffffff
ffffffff
ffffffff
ffffffff
ffffffff
ffffffff
ffffffff
ffffffff
ffffffff
ffffffff
ffffffff
ffffffff
ffffffff
ffffffff
ffffffff
ffffffff
ffffffff
ffffffff
ffffffff
ffffffff
ffffffff
ffffffff
ffffffff
ffffffff
ffffffff
ffffffff
ffffffff
ffffffff
ffffffff
ffffffff
ffffffff
ffffffff
ffffffff
ffffffff
ffffffff
ffffffff
ffffffff
ffffffff
ffffffff
ffffffff
ffffffff
ffffffff
ffffffff
ffffffff
ffffffff
ffffffff
ffffffff
ffffffff
ffffffff
ffffffff
ffffffff
ffffffff
ffffffff
ffffffff
ffffffff
ffffffff
ffffffff
ffffffff
ffffffff
ffffffff
ffffffff
ffffffff
ffffffff
ffffffff
ffffffff
ffffffff
ffffffff
ffffffff
ffffffff
ffffffff
ffffffff
ffffffff
ffffffff
ffffffff
ffffffff
ffffffff
ffffffff
ffffffff
ffffffff
ffffffff
ffffffff
ffffffff
ffffffff
ffffffff
ffffffff
ffffffff
ffffffff
ffffffff
ffffffff
ffffffff
ffffffff
ffffffff
ffffffff
ffffffff
ffffffff
ffffffff
ffffffff
ffffffff
ffffffff
ffffffff
ffffffff
ffffffff
ffffffff
ffffffff
ffffffff
ffffffff
ffffffff
ffffffff
ffffffff
ffffffff
ffffffff
ffffffff
ffffffff
ffffffff
ffffffff
ffffffff
ffffffff
ffffffff
ffffffff
ffffffff
ffffffff
ffffffff
ffffffff
ffffffff
ffffffff
ffffffff
ffffffff
ffffffff
ffffffff
ffffffff
ffffffff
ffffffff
ffffffff
ffffffff
ffffffff
ffffffff
ffffffff
ffffffff
ffffffff
ffffffff
ffffffff
ffffffff
ffffffff
ffffffff
ffffffff
ffffffff
ffffffff
ffffffff
ffffffff
ffffffff
ffffffff
ffffffff
ffffffff
ffffffff
ffffffff
ffffffff
ffffffff
ffffffff
ffffffff
ffffffff
ffffffff
ffffffff
ffffffff
ffffffff
ffffffff
ffffffff
ffffffff
ffffffff
ffffffff
ffffffff
ffffffff
ffffffff
ffffffff
ffffffff
ffffffff
ffffffff
ffffffff
ffffffff
ffffffff
ffffffff
ffffffff
ffffffff
ffffffff
ffffffff
ffffffff
ffffffff
ffffffff
ffffffff
ffffffff
ffffffff
ffffffff
ffffffff
ffffffff
ffffffff
ffffffff
ffffffff
ffffffff
ffffffff
ffffffff
ffffffff
ffffffff
ffffffff
ffffffff
ffffffff
ffffffff
ffffffff
ffffffff
ffffffff
ffffffff
ffffffff
ffffffff
ffffffff
ffffffff
ffffffff
ffffffff
ffffffff
ffffffff
ffffffff
ffffffff
ffffffff
ffffffff
ffffffff
ffffffff
ffffffff
ffffffff
ffffffff
ffffffff
ffffffff
ffffffff
ffffffff
ffffffff
ffffffff
ffffffff
ffffffff
ffffffff
ffffffff
ffffffff
ffffffff
ffffffff
ffffffff
ffffffff
ffffffff
ffffffff
ffffffff
ffffffff
ffffffff
ffffffff
ffffffff
ffffffff
ffffffff
ffffffff
ffffffff
ffffffff
ffffffff
ffffffff
ffffffff
ffffffff
ffffffff
ffffffff
ffffffff
ffffffff
ffffffff
ffffffff
ffffffff
ffffffff
ffffffff
ffffffff
ffffffff
ffffffff
ffffffff
ffffffff
ffffffff
ffffffff
ffffffff
ffffffff
ffffffff
ffffffff
ffffffff
ffffffff
ffffffff
ffffffff
ffffffff
ffffffff
ffffffff
ffffffff
ffffffff
ffffffff
ffffffff
ffffffff
ffffffff
ffffffff
ffffffff
ffffffff
ffffffff
ffffffff
ffffffff
ffffffff
ffffffff
ffffffff
ffffffff
ffffffff
ffffffff
ffffffff
ffffffff
ffffffff
ffffffff
ffffffff
ffffffff
ffffffff
ffffffff
ffffffff
ffffffff
ffffffff
ffffffff
ffffffff
ffffffff
ffffffff
ffffffff
ffffffff
ffffffff
ffffffff
ffffffff
ffffffff
ffffffff
ffffffff
ffffffff
ffffffff
ffffffff
ffffffff
ffffffff
ffffffff
ffffffff
ffffffff
ffffffff
ffffffff
ffffffff
ffffffff
ffffffff
ffffffff
ffffffff
ffffffff
ffffffff
ffffffff
ffffffff
ffffffff
ffffffff
ffffffff
ffffffff
ffffffff
ffffffff
ffffffff
ffffffff
ffffffff
ffffffff
ffffffff
ffffffff
ffffffff
ffffffff
ffffffff
ffffffff
ffffffff
ffffffff
ffffffff
ffffffff
ffffffff
ffffffff
ffffffff
ffffffff
ffffffff
ffffffff
ffffffff
ffffffff
ffffffff
ffffffff
ffffffff
ffffffff
ffffffff
ffffffff
ffffffff
ffffffff
ffffffff
ffffffff
ffffffff
ffffffff
ffffffff
ffffffff
ffffffff
ffffffff
ffffffff
ffffffff
ffffffff
ffffffff
ffffffff
ffffffff
ffffffff
ffffffff
ffffffff
ffffffff
ffffffff
ffffffff
ffffffff
ffffffff
ffffffff
ffffffff
ffffffff
ffffffff
ffffffff
ffffffff
ffffffff
ffffffff
ffffffff
ffffffff
ffffffff
ffffffff
ffffffff
ffffffff
ffffffff
ffffffff
ffffffff
ffffffff
ffffffff
ffffffff
ffffffff
ffffffff
ffffffff
ffffffff
ffffffff
ffffffff
ffffffff
ffffffff
ffffffff
ffffffff
ffffffff
ffffffff
ffffffff
ffffffff
ffffffff
ffffffff
ffffffff
ffffffff
ffffffff
ffffffff
ffffffff
ffffffff
ffffffff
ffffffff
ffffffff
ffffffff
ffffffff
ffffffff
ffffffff
ffffffff
ffffffff
ffffffff
ffffffff
ffffffff
ffffffff
ffffffff
ffffffff
ffffffff
ffffffff
ffffffff
ffffffff
ffffffff
ffffffff
ffffffff
ffffffff
ffffffff
ffffffff
ffffffff
ffffffff
ffffffff
ffffffff
ffffffff
ffffffff
ffffffff
ffffffff
ffffffff
ffffffff
ffffffff
ffffffff
ffffffff
ffffffff
ffffffff
ffffffff
ffffffff
ffffffff
ffffffff
ffffffff
ffffffff
ffffffff
ffffffff
ffffffff
ffffffff
ffffffff
ffffffff
ffffffff
ffffffff
ffffffff
ffffffff
ffffffff
ffffffff
ffffffff
ffffffff
ffffffff
ffffffff
ffffffff
ffffffff
ffffffff
ffffffff
ffffffff
ffffffff
ffffffff
ffffffff
ffffffff
ffffffff
ffffffff
ffffffff
ffffffff
ffffffff
ffffffff
ffffffff
ffffffff
ffffffff
ffffffff
ffffffff
ffffffff
ffffffff
ffffffff
ffffffff
ffffffff
ffffffff
ffffffff
ffffffff
ffffffff
ffffffff
ffffffff
ffffffff
ffffffff
ffffffff
ffffffff
ffffffff
ffffffff
ffffffff
ffffffff
ffffffff
ffffffff
ffffffff
ffffffff
ffffffff
ffffffff
ffffffff
ffffffff
ffffffff
ffffffff
ffffffff
ffffffff
ffffffff
ffffffff
ffffffff
ffffffff
ffffffff
ffffffff
ffffffff
ffffffff
ffffffff
ffffffff
ffffffff
ffffffff
ffffffff
ffffffff
ffffffff
ffffffff
ffffffff
ffffffff
ffffffff
ffffffff
ffffffff
ffffffff
ffffffff
ffffffff
ffffffff
ffffffff
ffffffff
ffffffff
ffffffff
ffffffff
ffffffff
ffffffff
ffffffff
ffffffff
ffffffff
ffffffff
ffffffff
ffffffff
ffffffff
ffffffff
ffffffff
ffffffff
ffffffff
ffffffff
ffffffff
ffffffff
ffffffff
ffffffff
ffffffff
ffffffff
ffffffff
ffffffff
ffffffff
ffffffff
ffffffff
ffffffff
ffffffff
ffffffff
ffffffff
ffffffff
ffffffff
ffffffff
ffffffff
ffffffff
ffffffff
ffffffff
ffffffff
ffffffff
ffffffff
ffffffff
ffffffff
ffffffff
ffffffff
ffffffff
ffffffff
ffffffff
ffffffff
ffffffff
ffffffff
ffffffff
ffffffff
ffffffff
ffffffff
ffffffff
ffffffff
ffffffff
ffffffff
ffffffff
ffffffff
ffffffff
ffffffff
ffffffff
ffffffff
ffffffff
ffffffff
ffffffff
ffffffff
ffffffff
ffffffff
ffffffff
ffffffff
ffffffff
ffffffff
ffffffff
ffffffff
ffffffff
ffffffff
ffffffff
ffffffff
ffffffff
ffffffff
ffffffff
ffffffff
ffffffff
ffffffff
ffffffff
ffffffff
ffffffff
ffffffff
ffffffff
ffffffff
ffffffff
ffffffff
ffffffff
ffffffff
ffffffff
ffffffff
ffffffff
ffffffff
ffffffff
ffffffff
ffffffff
ffffffff
ffffffff
ffffffff
ffffffff
ffffffff
ffffffff
ffffffff
ffffffff
ffffffff
ffffffff
ffffffff
ffffffff
ffffffff
ffffffff
ffffffff
ffffffff
ffffffff
ffffffff
ffffffff
ffffffff
ffffffff
ffffffff
ffffffff
ffffffff
ffffffff
ffffffff
ffffffff
ffffffff
ffffffff
ffffffff
ffffffff
ffffffff
ffffffff
ffffffff
ffffffff
ffffffff
ffffffff
ffffffff
ffffffff
ffffffff
ffffffff
ffffffff
ffffffff
ffffffff
ffffffff
ffffffff
ffffffff
ffffffff
ffffffff
ffffffff
ffffffff
ffffffff
ffffffff
ffffffff
ffffffff
ffffffff
ffffffff
ffffffff
ffffffff
ffffffff
ffffffff
ffffffff
ffffffff
ffffffff
ffffffff
ffffffff
ffffffff
ffffffff
ffffffff
ffffffff
ffffffff
ffffffff
ffffffff
ffffffff
ffffffff
ffffffff
ffffffff
ffffffff
ffffffff
ffffffff
ffffffff
ffffffff
ffffffff
ffffffff
ffffffff
ffffffff
ffffffff
ffffffff
ffffffff
ffffffff
ffffffff
ffffffff
ffffffff
ffffffff
ffffffff
ffffffff
ffffffff
ffffffff
ffffffff
ffffffff
ffffffff
ffffffff
ffffffff
ffffffff
ffffffff
ffffffff
ffffffff
ffffffff
ffffffff
ffffffff
ffffffff
ffffffff
ffffffff
ffffffff
ffffffff
ffffffff
ffffffff
ffffffff
ffffffff
ffffffff
ffffffff
ffffffff
ffffffff
ffffffff
ffffffff
ffffffff
ffffffff
ffffffff
ffffffff
ffffffff
ffffffff
ffffffff
ffffffff
ffffffff
ffffffff
ffffffff
ffffffff
ffffffff
ffffffff
ffffffff
ffffffff
ffffffff
ffffffff
ffffffff
ffffffff
ffffffff
ffffffff
ffffffff
ffffffff
ffffffff
ffffffff
ffffffff
ffffffff
ffffffff
ffffffff
ffffffff
ffffffff
ffffffff
ffffffff
ffffffff
ffffffff
ffffffff
ffffffff
ffffffff
ffffffff
ffffffff
ffffffff
ffffffff
ffffffff
ffffffff
ffffffff
ffffffff
ffffffff
ffffffff
ffffffff
ffffffff
ffffffff
ffffffff
ffffffff
ffffffff
ffffffff
ffffffff
ffffffff
ffffffff
ffffffff
ffffffff
ffffffff
ffffffff
ffffffff
ffffffff
ffffffff
ffffffff
ffffffff
ffffffff
ffffffff
ffffffff
ffffffff
ffffffff
ffffffff
ffffffff
ffffffff
ffffffff
ffffffff
ffffffff
ffffffff
ffffffff
ffffffff
ffffffff
ffffffff
ffffffff
ffffffff
ffffffff
ffffffff
ffffffff
ffffffff
ffffffff
ffffffff
ffffffff
ffffffff
ffffffff
ffffffff
ffffffff
ffffffff
ffffffff
ffffffff
ffffffff
ffffffff
ffffffff
ffffffff
ffffffff
ffffffff
ffffffff
ffffffff
ffffffff
ffffffff
ffffffff
ffffffff
ffffffff
ffffffff
ffffffff
ffffffff
ffffffff
ffffffff
ffffffff
ffffffff
ffffffff
ffffffff
ffffffff
ffffffff
ffffffff
ffffffff
ffffffff
ffffffff
ffffffff
ffffffff
ffffffff
ffffffff
ffffffff
ffffffff
ffffffff
ffffffff
ffffffff
ffffffff
ffffffff
ffffffff
ffffffff
ffffffff
ffffffff
ffffffff
ffffffff
ffffffff
ffffffff
ffffffff
ffffffff
ffffffff
ffffffff
ffffffff
ffffffff
ffffffff
ffffffff
ffffffff
ffffffff
ffffffff
ffffffff
ffffffff
ffffffff
ffffffff
ffffffff
ffffffff
ffffffff
ffffffff
ffffffff
ffffffff
ffffffff
ffffffff
ffffffff
ffffffff
ffffffff
ffffffff
ffffffff
ffffffff
ffffffff
ffffffff
ffffffff
ffffffff
ffffffff
ffffffff
ffffffff
ffffffff
ffffffff
ffffffff
ffffffff
ffffffff
ffffffff
ffffffff
ffffffff
ffffffff
ffffffff
ffffffff
ffffffff
ffffffff
ffffffff
ffffffff
ffffffff
ffffffff
ffffffff
ffffffff
ffffffff
ffffffff
ffffffff
ffffffff
ffffffff
ffffffff
ffffffff
ffffffff
ffffffff
ffffffff
ffffffff
ffffffff
ffffffff
ffffffff
ffffffff
ffffffff
ffffffff
ffffffff
ffffffff
ffffffff
ffffffff
ffffffff
ffffffff
ffffffff
ffffffff
ffffffff
ffffffff
ffffffff
ffffffff
ffffffff
ffffffff
ffffffff
ffffffff
ffffffff
ffffffff
ffffffff
ffffffff
ffffffff
ffffffff
ffffffff
ffffffff
ffffffff
ffffffff
ffffffff
ffffffff
ffffffff
ffffffff
ffffffff
ffffffff
ffffffff
ffffffff
ffffffff
ffffffff
ffffffff
ffffffff
ffffffff
ffffffff
ffffffff
ffffffff
ffffffff
ffffffff
ffffffff
ffffffff
ffffffff
ffffffff
ffffffff
ffffffff
ffffffff
ffffffff
ffffffff
ffffffff
ffffffff
ffffffff
ffffffff
ffffffff
ffffffff
ffffffff
ffffffff
ffffffff
ffffffff
ffffffff
ffffffff
ffffffff
ffffffff
ffffffff
ffffffff
ffffffff
ffffffff
ffffffff
ffffffff
ffffffff
ffffffff
ffffffff
ffffffff
ffffffff
ffffffff
ffffffff
ffffffff
ffffffff
ffffffff
ffffffff
ffffffff
ffffffff
ffffffff
ffffffff
ffffffff
ffffffff
ffffffff
ffffffff
ffffffff
ffffffff
ffffffff
ffffffff
ffffffff
ffffffff
ffffffff
ffffffff
ffffffff
ffffffff
ffffffff
ffffffff
ffffffff
ffffffff
ffffffff
ffffffff
ffffffff
ffffffff
ffffffff
ffffffff
ffffffff
ffffffff
ffffffff
ffffffff
ffffffff
ffffffff
ffffffff
ffffffff
ffffffff
ffffffff
ffffffff
ffffffff
ffffffff
ffffffff
ffffffff
ffffffff
ffffffff
ffffffff
ffffffff
ffffffff
ffffffff
ffffffff
ffffffff
ffffffff
ffffffff
ffffffff
ffffffff
ffffffff
ffffffff
ffffffff
ffffffff
ffffffff
ffffffff
ffffffff
ffffffff
ffffffff
ffffffff
ffffffff
ffffffff
ffffffff
ffffffff
ffffffff
ffffffff
ffffffff
ffffffff
ffffffff
ffffffff
ffffffff
ffffffff
ffffffff
ffffffff
ffffffff
ffffffff
ffffffff
ffffffff
ffffffff
ffffffff
ffffffff
ffffffff
ffffffff
ffffffff
ffffffff
ffffffff
ffffffff
ffffffff
ffffffff
ffffffff
ffffffff
ffffffff
ffffffff
ffffffff
ffffffff
ffffffff
ffffffff
ffffffff
ffffffff
ffffffff
ffffffff
ffffffff
ffffffff
ffffffff
ffffffff
ffffffff
ffffffff
ffffffff
ffffffff
ffffffff
ffffffff
ffffffff
ffffffff
ffffffff
ffffffff
ffffffff
ffffffff
ffffffff
ffffffff
ffffffff
ffffffff
ffffffff
ffffffff
ffffffff
ffffffff
ffffffff
ffffffff
ffffffff
ffffffff
ffffffff
ffffffff
ffffffff
ffffffff
ffffffff
ffffffff
ffffffff
ffffffff
ffffffff
ffffffff
ffffffff
ffffffff
ffffffff
ffffffff
ffffffff
ffffffff
ffffffff
ffffffff
ffffffff
ffffffff
ffffffff
ffffffff
ffffffff
ffffffff
ffffffff
ffffffff
ffffffff
ffffffff
ffffffff
ffffffff
ffffffff
ffffffff
ffffffff
ffffffff
ffffffff
ffffffff
ffffffff
ffffffff
ffffffff
ffffffff
ffffffff
ffffffff
ffffffff
ffffffff
ffffffff
ffffffff
ffffffff
ffffffff
ffffffff
ffffffff
ffffffff
ffffffff
ffffffff
ffffffff
ffffffff
ffffffff
ffffffff
ffffffff
ffffffff
ffffffff
ffffffff
ffffffff
ffffffff
ffffffff
ffffffff
ffffffff
ffffffff
ffffffff
ffffffff
ffffffff
ffffffff
ffffffff
ffffffff
ffffffff
ffffffff
ffffffff
ffffffff
ffffffff
ffffffff
ffffffff
ffffffff
ffffffff
ffffffff
ffffffff
ffffffff
ffffffff
ffffffff
ffffffff
ffffffff
ffffffff
ffffffff
ffffffff
ffffffff
ffffffff
ffffffff
ffffffff
ffffffff
ffffffff
ffffffff
ffffffff
ffffffff
ffffffff
ffffffff
ffffffff
ffffffff
ffffffff
ffffffff
ffffffff
ffffffff
ffffffff
ffffffff
ffffffff
ffffffff
ffffffff
ffffffff
ffffffff
ffffffff
ffffffff
ffffffff
ffffffff
ffffffff
ffffffff
ffffffff
ffffffff
ffffffff
ffffffff
ffffffff
ffffffff
ffffffff
ffffffff
ffffffff
ffffffff
ffffffff
ffffffff
ffffffff
ffffffff
ffffffff
ffffffff
ffffffff
ffffffff
ffffffff
ffffffff
ffffffff
ffffffff
ffffffff
ffffffff
ffffffff
ffffffff
ffffffff
ffffffff
ffffffff
ffffffff
ffffffff
ffffffff
ffffffff
ffffffff
ffffffff
ffffffff
ffffffff
ffffffff
ffffffff
ffffffff
ffffffff
ffffffff
ffffffff
ffffffff
ffffffff
ffffffff
ffffffff
ffffffff
ffffffff
ffffffff
ffffffff
ffffffff
ffffffff
ffffffff
ffffffff
ffffffff
ffffffff
ffffffff
ffffffff
ffffffff
ffffffff
ffffffff
ffffffff
ffffffff
ffffffff
ffffffff
ffffffff
ffffffff
ffffffff
ffffffff
ffffffff
ffffffff
ffffffff
ffffffff
ffffffff
ffffffff
ffffffff
ffffffff
ffffffff
ffffffff
ffffffff
ffffffff
ffffffff
ffffffff
ffffffff
ffffffff
ffffffff
ffffffff
ffffffff
ffffffff
ffffffff
ffffffff
ffffffff
ffffffff
ffffffff
ffffffff
ffffffff
ffffffff
ffffffff
ffffffff
ffffffff
ffffffff
ffffffff
ffffffff
ffffffff
ffffffff
ffffffff
ffffffff
ffffffff
ffffffff
ffffffff
ffffffff
ffffffff
ffffffff
ffffffff
ffffffff
ffffffff
ffffffff
ffffffff
ffffffff
ffffffff
ffffffff
ffffffff
ffffffff
ffffffff
ffffffff
ffffffff
ffffffff
ffffffff
ffffffff
ffffffff
ffffffff
ffffffff
ffffffff
ffffffff
ffffffff
ffffffff
ffffffff
ffffffff
ffffffff
ffffffff
ffffffff
ffffffff
ffffffff
ffffffff
ffffffff
ffffffff
ffffffff
ffffffff
ffffffff
ffffffff
ffffffff
ffffffff
ffffffff
ffffffff
ffffffff
ffffffff
ffffffff
ffffffff
ffffffff
ffffffff
ffffffff
ffffffff
ffffffff
ffffffff
ffffffff
ffffffff
ffffffff
ffffffff
ffffffff
ffffffff
ffffffff
ffffffff
ffffffff
ffffffff
ffffffff
ffffffff
ffffffff
ffffffff
ffffffff
ffffffff
ffffffff
ffffffff
ffffffff
ffffffff
ffffffff
ffffffff
ffffffff
ffffffff
ffffffff
ffffffff
ffffffff
ffffffff
ffffffff
ffffffff
ffffffff
ffffffff
ffffffff
ffffffff
ffffffff
ffffffff
ffffffff
ffffffff
ffffffff
ffffffff
ffffffff
ffffffff
ffffffff
ffffffff
ffffffff
ffffffff
ffffffff
ffffffff
ffffffff
ffffffff
ffffffff
ffffffff
ffffffff
ffffffff
ffffffff
ffffffff
ffffffff
ffffffff
ffffffff
ffffffff
ffffffff
ffffffff
ffffffff
ffffffff
ffffffff
ffffffff
ffffffff
ffffffff
ffffffff
ffffffff
ffffffff
ffffffff
ffffffff
ffffffff
ffffffff
ffffffff
ffffffff
ffffffff
ffffffff
ffffffff
ffffffff
ffffffff
ffffffff
ffffffff
ffffffff
ffffffff
ffffffff
ffffffff
ffffffff
ffffffff
ffffffff
ffffffff
ffffffff
ffffffff
ffffffff
ffffffff
ffffffff
ffffffff
ffffffff
ffffffff
ffffffff
ffffffff
ffffffff
ffffffff
ffffffff
ffffffff
ffffffff
ffffffff
ffffffff
ffffffff
ffffffff
ffffffff
ffffffff
ffffffff
ffffffff
ffffffff
ffffffff
ffffffff
ffffffff
ffffffff
ffffffff
ffffffff
ffffffff
ffffffff
ffffffff
ffffffff
ffffffff
ffffffff
ffffffff
ffffffff
ffffffff
ffffffff
ffffffff
ffffffff
ffffffff
ffffffff
ffffffff
ffffffff
ffffffff
ffffffff
ffffffff
ffffffff
ffffffff
ffffffff
ffffffff
ffffffff
ffffffff
ffffffff
ffffffff
ffffffff
ffffffff
ffffffff
ffffffff
ffffffff
ffffffff
ffffffff
ffffffff
ffffffff
ffffffff
ffffffff
ffffffff
ffffffff
ffffffff
ffffffff
ffffffff
ffffffff
ffffffff
ffffffff
ffffffff
ffffffff
ffffffff
ffffffff
ffffffff
ffffffff
ffffffff
ffffffff
ffffffff
ffffffff
ffffffff
ffffffff
ffffffff
ffffffff
ffffffff
ffffffff
ffffffff
ffffffff
ffffffff
ffffffff
ffffffff
ffffffff
ffffffff
ffffffff
ffffffff
ffffffff
ffffffff
ffffffff
ffffffff
ffffffff
ffffffff
ffffffff
ffffffff
ffffffff
ffffffff
ffffffff
ffffffff
ffffffff
ffffffff
ffffffff
ffffffff
ffffffff
ffffffff
ffffffff
ffffffff
ffffffff
ffffffff
ffffffff
ffffffff
ffffffff
ffffffff
ffffffff
ffffffff
ffffffff
ffffffff
ffffffff
ffffffff
ffffffff
ffffffff
ffffffff
ffffffff
ffffffff
ffffffff
ffffffff
ffffffff
ffffffff
ffffffff
ffffffff
ffffffff
ffffffff
ffffffff
ffffffff
ffffffff
ffffffff
ffffffff
ffffffff
ffffffff
ffffffff
ffffffff
ffffffff
ffffffff
ffffffff
ffffffff
ffffffff
ffffffff
ffffffff
ffffffff
ffffffff
ffffffff
ffffffff
ffffffff
ffffffff
ffffffff
ffffffff
ffffffff
ffffffff
ffffffff
ffffffff
ffffffff
ffffffff
ffffffff
ffffffff
ffffffff
ffffffff
ffffffff
ffffffff
ffffffff
ffffffff
ffffffff
ffffffff
ffffffff
ffffffff
ffffffff
ffffffff
ffffffff
ffffffff
ffffffff
ffffffff
ffffffff
ffffffff
ffffffff
ffffffff
ffffffff
ffffffff
ffffffff
ffffffff
ffffffff
ffffffff
ffffffff
ffffffff
ffffffff
ffffffff
ffffffff
ffffffff
ffffffff
ffffffff
ffffffff
ffffffff
ffffffff
ffffffff
ffffffff
ffffffff
ffffffff
ffffffff
ffffffff
ffffffff
ffffffff
ffffffff
ffffffff
ffffffff
ffffffff
ffffffff
ffffffff
ffffffff
ffffffff
ffffffff
ffffffff
ffffffff
ffffffff
ffffffff
ffffffff
ffffffff
ffffffff
ffffffff
ffffffff
ffffffff
ffffffff
ffffffff
ffffffff
ffffffff
ffffffff
ffffffff
ffffffff
ffffffff
ffffffff
ffffffff
ffffffff
ffffffff
ffffffff
ffffffff
ffffffff
ffffffff
ffffffff
ffffffff
ffffffff
ffffffff
ffffffff
ffffffff
ffffffff
ffffffff
ffffffff
ffffffff
ffffffff
ffffffff
ffffffff
ffffffff
ffffffff
ffffffff
ffffffff
ffffffff
ffffffff
ffffffff
ffffffff
ffffffff
ffffffff
ffffffff
ffffffff
ffffffff
ffffffff
ffffffff
ffffffff
ffffffff
ffffffff
ffffffff
ffffffff
ffffffff
ffffffff
ffffffff
ffffffff
ffffffff
ffffffff
ffffffff
ffffffff
ffffffff
ffffffff
ffffffff
ffffffff
ffffffff
ffffffff
ffffffff
ffffffff
ffffffff
ffffffff
ffffffff
ffffffff
ffffffff
ffffffff
ffffffff
ffffffff
ffffffff
ffffffff
ffffffff
ffffffff
ffffffff
ffffffff
ffffffff
ffffffff
ffffffff
ffffffff
ffffffff
ffffffff
ffffffff
ffffffff
ffffffff
ffffffff
ffffffff
ffffffff
ffffffff
ffffffff
ffffffff
ffffffff
ffffffff
ffffffff
ffffffff
ffffffff
ffffffff
ffffffff
ffffffff
ffffffff
ffffffff
ffffffff
ffffffff
ffffffff
ffffffff
ffffffff
ffffffff
ffffffff
ffffffff
ffffffff
ffffffff
ffffffff
ffffffff
ffffffff
ffffffff
ffffffff
ffffffff
ffffffff
ffffffff
ffffffff
ffffffff
ffffffff
ffffffff
ffffffff
ffffffff
ffffffff
ffffffff
ffffffff
ffffffff
ffffffff
ffffffff
ffffffff
ffffffff
ffffffff
ffffffff
ffffffff
ffffffff
ffffffff
ffffffff
ffffffff
ffffffff
ffffffff
ffffffff
ffffffff
ffffffff
ffffffff
ffffffff
ffffffff
ffffffff
ffffffff
ffffffff
ffffffff
ffffffff
ffffffff
ffffffff
ffffffff
ffffffff
ffffffff
ffffffff
ffffffff
ffffffff
ffffffff
ffffffff
ffffffff
ffffffff
ffffffff
ffffffff
ffffffff
ffffffff
ffffffff
ffffffff
ffffffff
ffffffff
ffffffff
ffffffff
ffffffff
ffffffff
ffffffff
ffffffff
ffffffff
ffffffff
ffffffff
ffffffff
ffffffff
ffffffff
ffffffff
ffffffff
ffffffff
ffffffff
ffffffff
ffffffff
ffffffff
ffffffff
ffffffff
ffffffff
ffffffff
ffffffff
ffffffff
ffffffff
ffffffff
ffffffff
ffffffff
ffffffff
ffffffff
ffffffff
ffffffff
ffffffff
ffffffff
ffffffff
ffffffff
ffffffff
ffffffff
ffffffff
ffffffff
ffffffff
ffffffff
ffffffff
ffffffff
ffffffff
ffffffff
ffffffff
ffffffff
ffffffff
ffffffff
ffffffff
ffffffff
ffffffff
ffffffff
ffffffff
ffffffff
ffffffff
ffffffff
ffffffff
ffffffff
ffffffff
ffffffff
ffffffff
ffffffff
ffffffff
ffffffff
ffffffff
ffffffff
ffffffff
ffffffff
ffffffff
ffffffff
ffffffff
ffffffff
ffffffff
ffffffff
ffffffff
ffffffff
ffffffff
ffffffff
ffffffff
ffffffff
ffffffff
ffffffff
ffffffff
ffffffff
ffffffff
ffffffff
ffffffff
ffffffff
ffffffff
ffffffff
ffffffff
ffffffff
ffffffff
ffffffff
ffffffff
ffffffff
ffffffff
ffffffff
ffffffff
ffffffff
ffffffff
ffffffff
ffffffff
ffffffff
ffffffff
ffffffff
ffffffff
ffffffff
ffffffff
ffffffff
ffffffff
ffffffff
ffffffff
ffffffff
ffffffff
ffffffff
ffffffff
ffffffff
ffffffff
ffffffff
ffffffff
ffffffff
ffffffff
ffffffff
ffffffff
ffffffff
ffffffff
ffffffff
ffffffff
ffffffff
ffffffff
ffffffff
ffffffff
ffffffff
ffffffff
ffffffff
ffffffff
ffffffff
ffffffff
ffffffff
ffffffff
ffffffff
ffffffff
ffffffff
ffffffff
ffffffff
ffffffff
ffffffff
ffffffff
ffffffff
ffffffff
ffffffff
ffffffff
ffffffff
ffffffff
ffffffff
ffffffff
ffffffff
ffffffff
ffffffff
ffffffff
ffffffff
ffffffff
ffffffff
ffffffff
ffffffff
ffffffff
ffffffff
ffffffff
ffffffff
ffffffff
ffffffff
ffffffff
ffffffff
ffffffff
ffffffff
ffffffff
ffffffff
ffffffff
ffffffff
ffffffff
ffffffff
ffffffff
ffffffff
ffffffff
ffffffff
ffffffff
ffffffff
ffffffff
ffffffff
ffffffff
ffffffff
ffffffff
ffffffff
ffffffff
ffffffff
ffffffff
ffffffff
ffffffff
ffffffff
ffffffff
ffffffff
ffffffff
ffffffff
ffffffff
ffffffff
ffffffff
ffffffff
ffffffff
ffffffff
ffffffff
ffffffff
ffffffff
ffffffff
ffffffff
ffffffff
ffffffff
ffffffff
ffffffff
ffffffff
ffffffff
ffffffff
ffffffff
ffffffff
ffffffff
ffffffff
ffffffff
ffffffff
ffffffff
ffffffff
ffffffff
ffffffff
ffffffff
ffffffff
ffffffff
ffffffff
ffffffff
ffffffff
ffffffff
ffffffff
ffffffff
ffffffff
ffffffff
ffffffff
ffffffff
ffffffff
ffffffff
ffffffff
ffffffff
ffffffff
ffffffff
ffffffff
ffffffff
ffffffff
ffffffff
ffffffff
ffffffff
ffffffff
ffffffff
ffffffff
ffffffff
ffffffff
ffffffff
ffffffff
ffffffff
ffffffff
ffffffff
ffffffff
ffffffff
ffffffff
ffffffff
ffffffff
ffffffff
ffffffff
ffffffff
ffffffff
ffffffff
ffffffff
ffffffff
ffffffff
ffffffff
ffffffff
ffffffff
ffffffff
ffffffff
ffffffff
ffffffff
ffffffff
ffffffff
ffffffff
ffffffff
ffffffff
ffffffff
ffffffff
ffffffff
ffffffff
ffffffff
ffffffff
ffffffff
ffffffff
ffffffff
ffffffff
ffffffff
ffffffff
ffffffff
ffffffff
ffffffff
ffffffff
ffffffff
ffffffff
ffffffff
ffffffff
ffffffff
ffffffff
ffffffff
ffffffff
ffffffff
ffffffff
ffffffff
ffffffff
ffffffff
ffffffff
ffffffff
ffffffff
ffffffff
ffffffff
ffffffff
ffffffff
ffffffff
ffffffff
ffffffff
ffffffff
ffffffff
ffffffff
ffffffff
ffffffff
ffffffff
ffffffff
ffffffff
ffffffff
ffffffff
ffffffff
ffffffff
ffffffff
ffffffff
ffffffff
ffffffff
ffffffff
ffffffff
ffffffff
ffffffff
ffffffff
ffffffff
ffffffff
ffffffff
ffffffff
ffffffff
ffffffff
ffffffff
ffffffff
ffffffff
ffffffff
ffffffff
ffffffff
ffffffff
ffffffff
ffffffff
ffffffff
ffffffff
ffffffff
ffffffff
ffffffff
ffffffff
ffffffff
ffffffff
ffffffff
ffffffff
ffffffff
ffffffff
ffffffff
ffffffff
ffffffff
ffffffff
ffffffff
ffffffff
ffffffff
ffffffff
ffffffff
ffffffff
ffffffff
ffffffff
ffffffff
ffffffff
ffffffff
ffffffff
ffffffff
ffffffff
ffffffff
ffffffff
ffffffff
ffffffff
ffffffff
ffffffff
ffffffff
ffffffff
ffffffff
ffffffff
ffffffff
ffffffff
ffffffff
ffffffff
ffffffff
ffffffff
ffffffff
ffffffff
ffffffff
ffffffff
ffffffff
ffffffff
ffffffff
ffffffff
ffffffff
ffffffff
ffffffff
ffffffff
ffffffff
ffffffff
ffffffff
ffffffff
ffffffff
ffffffff
ffffffff
ffffffff
ffffffff
ffffffff
ffffffff
ffffffff
ffffffff
ffffffff
ffffffff
ffffffff
ffffffff
ffffffff
ffffffff
ffffffff
ffffffff
ffffffff
ffffffff
ffffffff
ffffffff
ffffffff
ffffffff
ffffffff
ffffffff
ffffffff
ffffffff
ffffffff
ffffffff
ffffffff
ffffffff
ffffffff
ffffffff
ffffffff
ffffffff
ffffffff
ffffffff
ffffffff
ffffffff
ffffffff
ffffffff
ffffffff
ffffffff
ffffffff
ffffffff
ffffffff
ffffffff
ffffffff
ffffffff
ffffffff
ffffffff
ffffffff
ffffffff
ffffffff
ffffffff
ffffffff
ffffffff
ffffffff
ffffffff
ffffffff
ffffffff
ffffffff
ffffffff
ffffffff
ffffffff
ffffffff
ffffffff
ffffffff
ffffffff
ffffffff
ffffffff
ffffffff
ffffffff
ffffffff
ffffffff
ffffffff
ffffffff
ffffffff
ffffffff
ffffffff
ffffffff
ffffffff
ffffffff
ffffffff
ffffffff
ffffffff
ffffffff
ffffffff
ffffffff
ffffffff
ffffffff
ffffffff
ffffffff
ffffffff
ffffffff
ffffffff
ffffffff
ffffffff
ffffffff
ffffffff
ffffffff
ffffffff
ffffffff
ffffffff
ffffffff
ffffffff
ffffffff
ffffffff
ffffffff
ffffffff
ffffffff
ffffffff
ffffffff
ffffffff
ffffffff
ffffffff
ffffffff
ffffffff
ffffffff
ffffffff
ffffffff
ffffffff
ffffffff
ffffffff
ffffffff
ffffffff
ffffffff
ffffffff
ffffffff
ffffffff
ffffffff
ffffffff
ffffffff
ffffffff
ffffffff
ffffffff
ffffffff
ffffffff
ffffffff
ffffffff
ffffffff
ffffffff
ffffffff
ffffffff
ffffffff
ffffffff
ffffffff
ffffffff
ffffffff
ffffffff
ffffffff
ffffffff
ffffffff
ffffffff
ffffffff
ffffffff
ffffffff
ffffffff
ffffffff
ffffffff
ffffffff
ffffffff
ffffffff
ffffffff
ffffffff
ffffffff
ffffffff
ffffffff
ffffffff
ffffffff
ffffffff
ffffffff
ffffffff
ffffffff
ffffffff
ffffffff
ffffffff
ffffffff
ffffffff
ffffffff
ffffffff
ffffffff
ffffffff
ffffffff
ffffffff
ffffffff
ffffffff
ffffffff
ffffffff
ffffffff
ffffffff
ffffffff
ffffffff
ffffffff
ffffffff
ffffffff
ffffffff
ffffffff
ffffffff
ffffffff
ffffffff
ffffffff
ffffffff
ffffffff
ffffffff
ffffffff
ffffffff
ffffffff
ffffffff
ffffffff
ffffffff
ffffffff
ffffffff
ffffffff
ffffffff
ffffffff
ffffffff
ffffffff
ffffffff
ffffffff
ffffffff
ffffffff
ffffffff
ffffffff
ffffffff
ffffffff
ffffffff
ffffffff
ffffffff
ffffffff
ffffffff
ffffffff
ffffffff
ffffffff
ffffffff
ffffffff
ffffffff
ffffffff
ffffffff
ffffffff
ffffffff
ffffffff
ffffffff
ffffffff
ffffffff
ffffffff
ffffffff
ffffffff
ffffffff
ffffffff
ffffffff
ffffffff
ffffffff
ffffffff
ffffffff
ffffffff
ffffffff
ffffffff
ffffffff
ffffffff
ffffffff
ffffffff
ffffffff
ffffffff
ffffffff
ffffffff
ffffffff
ffffffff
ffffffff
ffffffff
ffffffff
ffffffff
ffffffff
ffffffff
ffffffff
ffffffff
ffffffff
ffffffff
ffffffff
ffffffff
ffffffff
ffffffff
ffffffff
ffffffff
ffffffff
ffffffff
ffffffff
ffffffff
ffffffff
ffffffff
ffffffff
ffffffff
ffffffff
ffffffff
ffffffff
ffffffff
ffffffff
ffffffff
ffffffff
ffffffff
ffffffff
ffffffff
ffffffff
ffffffff
ffffffff
ffffffff
ffffffff
ffffffff
ffffffff
ffffffff
ffffffff
ffffffff
ffffffff
ffffffff
ffffffff
ffffffff
ffffffff
ffffffff
ffffffff
ffffffff
ffffffff
ffffffff
ffffffff
ffffffff
ffffffff
ffffffff
ffffffff
ffffffff
ffffffff
ffffffff
ffffffff
ffffffff
ffffffff
ffffffff
ffffffff
ffffffff
ffffffff
ffffffff
ffffffff
ffffffff
ffffffff
ffffffff
ffffffff
ffffffff
ffffffff
ffffffff
ffffffff
ffffffff
ffffffff
ffffffff
ffffffff
ffffffff
ffffffff
ffffffff
ffffffff
ffffffff
ffffffff
ffffffff
ffffffff
ffffffff
ffffffff
ffffffff
ffffffff
ffffffff
ffffffff
ffffffff
ffffffff
ffffffff
ffffffff
ffffffff
ffffffff
ffffffff
ffffffff
ffffffff
ffffffff
ffffffff
ffffffff
ffffffff
ffffffff
ffffffff
ffffffff
ffffffff
ffffffff
ffffffff
ffffffff
ffffffff
ffffffff
ffffffff
ffffffff
ffffffff
ffffffff
ffffffff
ffffffff
ffffffff
ffffffff
ffffffff
ffffffff
ffffffff
ffffffff
ffffffff
ffffffff
ffffffff
ffffffff
ffffffff
ffffffff
ffffffff
ffffffff
ffffffff
ffffffff
ffffffff
ffffffff
ffffffff
ffffffff
ffffffff
ffffffff
ffffffff
ffffffff
ffffffff
ffffffff
ffffffff
ffffffff
ffffffff
ffffffff
ffffffff
ffffffff
ffffffff
ffffffff
ffffffff
ffffffff
ffffffff
ffffffff
ffffffff
ffffffff
ffffffff
ffffffff
ffffffff
ffffffff
ffffffff
ffffffff
ffffffff
ffffffff
ffffffff
ffffffff
ffffffff
ffffffff
ffffffff
ffffffff
ffffffff
ffffffff
ffffffff
ffffffff
ffffffff
ffffffff
ffffffff
ffffffff
ffffffff
ffffffff
ffffffff
ffffffff
ffffffff
ffffffff
ffffffff
ffffffff
ffffffff
ffffffff
ffffffff
ffffffff
ffffffff
ffffffff
ffffffff
ffffffff
ffffffff
ffffffff
ffffffff
ffffffff
ffffffff
ffffffff
ffffffff
ffffffff
ffffffff
ffffffff
ffffffff
ffffffff
ffffffff
ffffffff
ffffffff
ffffffff
ffffffff
ffffffff
ffffffff
ffffffff
ffffffff
ffffffff
ffffffff
ffffffff
ffffffff
ffffffff
ffffffff
ffffffff
ffffffff
ffffffff
ffffffff
ffffffff
ffffffff
ffffffff
ffffffff
ffffffff
ffffffff
ffffffff
ffffffff
ffffffff
ffffffff
ffffffff
ffffffff
ffffffff
ffffffff
ffffffff
ffffffff
ffffffff
ffffffff
ffffffff
ffffffff
ffffffff
ffffffff
ffffffff
ffffffff
ffffffff
ffffffff
ffffffff
ffffffff
ffffffff
ffffffff
ffffffff
ffffffff
ffffffff
ffffffff
ffffffff
ffffffff
ffffffff
ffffffff
ffffffff
ffffffff
ffffffff
ffffffff
ffffffff
ffffffff
ffffffff
ffffffff
ffffffff
ffffffff
ffffffff
ffffffff
ffffffff
ffffffff
ffffffff
ffffffff
ffffffff
ffffffff
ffffffff
ffffffff
ffffffff
ffffffff
ffffffff
ffffffff
ffffffff
ffffffff
ffffffff
ffffffff
ffffffff
ffffffff
ffffffff
ffffffff
ffffffff
ffffffff
ffffffff
ffffffff
ffffffff
ffffffff
ffffffff
ffffffff
ffffffff
ffffffff
ffffffff
ffffffff
ffffffff
ffffffff
ffffffff
ffffffff
ffffffff
ffffffff
ffffffff
ffffffff
ffffffff
ffffffff
ffffffff
ffffffff
ffffffff
ffffffff
ffffffff
ffffffff
ffffffff
ffffffff
ffffffff
ffffffff
ffffffff
ffffffff
ffffffff
ffffffff
ffffffff
ffffffff
ffffffff
ffffffff
ffffffff
ffffffff
ffffffff
ffffffff
ffffffff
ffffffff
ffffffff
ffffffff
ffffffff
ffffffff
ffffffff
ffffffff
ffffffff
ffffffff
ffffffff
ffffffff
ffffffff
ffffffff
ffffffff
ffffffff
ffffffff
ffffffff
ffffffff
ffffffff
ffffffff
ffffffff
ffffffff
ffffffff
ffffffff
ffffffff
ffffffff
ffffffff
ffffffff
ffffffff
ffffffff
ffffffff
ffffffff
ffffffff
ffffffff
ffffffff
ffffffff
ffffffff
ffffffff
ffffffff
ffffffff
ffffffff
ffffffff
ffffffff
ffffffff
ffffffff
ffffffff
ffffffff
ffffffff
ffffffff
ffffffff
ffffffff
ffffffff
ffffffff
ffffffff
ffffffff
ffffffff
ffffffff
ffffffff
ffffffff
ffffffff
ffffffff
ffffffff
ffffffff
ffffffff
ffffffff
ffffffff
ffffffff
ffffffff
ffffffff
ffffffff
ffffffff
ffffffff
ffffffff
ffffffff
ffffffff
ffffffff
ffffffff
ffffffff
ffffffff
ffffffff
ffffffff
ffffffff
ffffffff
ffffffff
ffffffff
ffffffff
ffffffff
ffffffff
ffffffff
ffffffff
ffffffff
ffffffff
ffffffff
ffffffff
ffffffff
ffffffff
ffffffff
ffffffff
ffffffff
ffffffff
ffffffff
ffffffff
ffffffff
ffffffff
ffffffff
ffffffff
ffffffff
ffffffff
ffffffff
ffffffff
ffffffff
ffffffff
ffffffff
ffffffff
ffffffff
ffffffff
ffffffff
ffffffff
ffffffff
ffffffff
ffffffff
ffffffff
ffffffff
ffffffff
ffffffff
ffffffff
ffffffff
ffffffff
ffffffff
ffffffff
ffffffff
ffffffff
ffffffff
ffffffff
ffffffff
ffffffff
ffffffff
ffffffff
ffffffff
ffffffff
ffffffff
ffffffff
ffffffff
ffffffff
ffffffff
ffffffff
ffffffff
ffffffff
ffffffff
ffffffff
ffffffff
ffffffff
ffffffff
ffffffff
ffffffff
ffffffff
ffffffff
ffffffff
ffffffff
ffffffff
ffffffff
ffffffff
ffffffff
ffffffff
ffffffff
ffffffff
ffffffff
ffffffff
ffffffff
ffffffff
ffffffff
ffffffff
ffffffff
ffffffff
ffffffff
ffffffff
ffffffff
ffffffff
ffffffff
ffffffff
ffffffff
ffffffff
ffffffff
ffffffff
ffffffff
ffffffff
ffffffff
ffffffff
ffffffff
ffffffff
ffffffff
ffffffff
ffffffff
ffffffff
ffffffff
ffffffff
ffffffff
ffffffff
ffffffff
ffffffff
ffffffff
ffffffff
ffffffff
ffffffff
ffffffff
ffffffff
ffffffff
ffffffff
ffffffff
ffffffff
ffffffff
ffffffff
ffffffff
ffffffff
ffffffff
ffffffff
ffffffff
ffffffff
ffffffff
ffffffff
ffffffff
ffffffff
ffffffff
ffffffff
ffffffff
ffffffff
ffffffff
ffffffff
ffffffff
ffffffff
ffffffff
ffffffff
ffffffff
ffffffff
ffffffff
ffffffff
ffffffff
ffffffff
ffffffff
ffffffff
ffffffff
ffffffff
ffffffff
ffffffff
ffffffff
ffffffff
ffffffff
ffffffff
ffffffff
ffffffff
ffffffff
ffffffff
ffffffff
ffffffff
ffffffff
ffffffff
ffffffff
ffffffff
ffffffff
ffffffff
ffffffff
ffffffff
ffffffff
ffffffff
ffffffff
ffffffff
ffffffff
ffffffff
ffffffff
ffffffff
ffffffff
ffffffff
ffffffff
ffffffff
ffffffff
ffffffff
ffffffff
ffffffff
ffffffff
ffffffff
ffffffff
ffffffff
ffffffff
ffffffff
ffffffff
ffffffff
ffffffff
ffffffff
ffffffff
ffffffff
ffffffff
ffffffff
ffffffff
ffffffff
ffffffff
ffffffff
ffffffff
ffffffff
ffffffff
ffffffff
ffffffff
ffffffff
ffffffff
ffffffff
ffffffff
ffffffff
ffffffff
ffffffff
ffffffff
ffffffff
ffffffff
ffffffff
ffffffff
ffffffff
ffffffff
ffffffff
ffffffff
ffffffff
ffffffff
ffffffff
ffffffff
ffffffff
ffffffff
ffffffff
ffffffff
ffffffff
ffffffff
ffffffff
ffffffff
ffffffff
ffffffff
ffffffff
ffffffff
ffffffff
ffffffff
ffffffff
ffffffff
ffffffff
ffffffff
ffffffff
ffffffff
ffffffff
ffffffff
ffffffff
ffffffff
ffffffff
ffffffff
ffffffff
ffffffff
ffffffff
ffffffff
ffffffff
ffffffff
ffffffff
ffffffff
ffffffff
ffffffff
ffffffff
ffffffff
ffffffff
ffffffff
ffffffff
ffffffff
ffffffff
ffffffff
ffffffff
ffffffff
ffffffff
ffffffff
ffffffff
ffffffff
ffffffff
ffffffff
ffffffff
ffffffff
ffffffff
ffffffff
ffffffff
ffffffff
ffffffff
ffffffff
ffffffff
ffffffff
ffffffff
ffffffff
ffffffff
ffffffff
ffffffff
ffffffff
ffffffff
ffffffff
ffffffff
ffffffff
ffffffff
ffffffff
ffffffff
ffffffff
ffffffff
ffffffff
ffffffff
ffffffff
ffffffff
ffffffff
ffffffff
ffffffff
ffffffff
ffffffff
ffffffff
ffffffff
ffffffff
ffffffff
ffffffff
ffffffff
ffffffff
ffffffff
ffffffff
ffffffff
ffffffff
ffffffff
ffffffff
ffffffff
ffffffff
ffffffff
ffffffff
ffffffff
ffffffff
ffffffff
ffffffff
ffffffff
ffffffff
ffffffff
ffffffff
ffffffff
ffffffff
ffffffff
ffffffff
ffffffff
ffffffff
ffffffff
ffffffff
ffffffff
ffffffff
ffffffff
ffffffff
ffffffff
ffffffff
ffffffff
ffffffff
ffffffff
ffffffff
ffffffff
ffffffff
ffffffff
ffffffff
ffffffff
ffffffff
ffffffff
ffffffff
ffffffff
ffffffff
ffffffff
ffffffff
ffffffff
ffffffff
ffffffff
ffffffff
ffffffff
ffffffff
ffffffff
ffffffff
ffffffff
ffffffff
ffffffff
ffffffff
ffffffff
ffffffff
ffffffff
ffffffff
ffffffff
ffffffff
ffffffff
ffffffff
ffffffff
ffffffff
ffffffff
ffffffff
ffffffff
ffffffff
ffffffff
ffffffff
ffffffff
ffffffff
ffffffff
ffffffff
ffffffff
ffffffff
ffffffff
ffffffff
ffffffff
ffffffff
ffffffff
ffffffff
ffffffff
ffffffff
ffffffff
ffffffff
ffffffff
ffffffff
ffffffff
ffffffff
ffffffff
ffffffff
ffffffff
ffffffff
ffffffff
ffffffff
ffffffff
ffffffff
ffffffff
ffffffff
ffffffff
ffffffff
ffffffff
ffffffff
ffffffff
ffffffff
ffffffff
ffffffff
ffffffff
ffffffff
ffffffff
ffffffff
ffffffff
ffffffff
ffffffff
ffffffff
ffffffff
ffffffff
ffffffff
ffffffff
ffffffff
ffffffff
ffffffff
ffffffff
ffffffff
ffffffff
ffffffff
ffffffff
ffffffff
ffffffff
ffffffff
ffffffff
ffffffff
ffffffff
ffffffff
ffffffff
ffffffff
ffffffff
ffffffff
ffffffff
ffffffff
ffffffff
ffffffff
ffffffff
ffffffff
ffffffff
ffffffff
ffffffff
ffffffff
ffffffff
ffffffff
ffffffff
ffffffff
ffffffff
ffffffff
ffffffff
ffffffff
ffffffff
ffffffff
ffffffff
ffffffff
ffffffff
ffffffff
ffffffff
ffffffff
ffffffff
ffffffff
ffffffff
ffffffff
ffffffff
ffffffff
ffffffff
ffffffff
ffffffff
ffffffff
ffffffff
ffffffff
ffffffff
ffffffff
ffffffff
ffffffff
ffffffff
ffffffff
ffffffff
ffffffff
ffffffff
ffffffff
ffffffff
ffffffff
ffffffff
ffffffff
ffffffff
ffffffff
ffffffff
ffffffff
ffffffff
ffffffff
ffffffff
ffffffff
ffffffff
ffffffff
ffffffff
ffffffff
ffffffff
ffffffff
ffffffff
ffffffff
ffffffff
ffffffff
ffffffff
ffffffff
ffffffff
ffffffff
ffffffff
ffffffff
ffffffff
ffffffff
ffffffff
ffffffff
ffffffff
ffffffff
ffffffff
ffffffff
ffffffff
ffffffff
ffffffff
ffffffff
ffffffff
ffffffff
ffffffff
ffffffff
ffffffff
ffffffff
ffffffff
ffffffff
ffffffff
ffffffff
ffffffff
ffffffff
ffffffff
ffffffff
ffffffff
ffffffff
ffffffff
ffffffff
ffffffff
ffffffff
ffffffff
ffffffff
ffffffff
ffffffff
ffffffff
ffffffff
ffffffff
ffffffff
ffffffff
ffffffff
ffffffff
ffffffff
ffffffff
ffffffff
ffffffff
ffffffff
ffffffff
ffffffff
ffffffff
ffffffff
ffffffff
ffffffff
ffffffff
ffffffff
ffffffff
ffffffff
ffffffff
ffffffff
ffffffff
ffffffff
ffffffff
ffffffff
ffffffff
ffffffff
ffffffff
ffffffff
ffffffff
ffffffff
ffffffff
ffffffff
ffffffff
ffffffff
ffffffff
ffffffff
ffffffff
ffffffff
ffffffff
ffffffff
ffffffff
ffffffff
ffffffff
ffffffff
ffffffff
ffffffff
ffffffff
ffffffff
ffffffff
ffffffff
ffffffff
ffffffff
ffffffff
ffffffff
ffffffff
ffffffff
ffffffff
ffffffff
ffffffff
ffffffff
ffffffff
ffffffff
ffffffff
ffffffff
ffffffff
ffffffff
ffffffff
ffffffff
ffffffff
ffffffff
ffffffff
ffffffff
ffffffff
ffffffff
ffffffff
ffffffff
ffffffff
ffffffff
ffffffff
ffffffff
ffffffff
ffffffff
ffffffff
ffffffff
ffffffff
ffffffff
ffffffff
ffffffff
ffffffff
ffffffff
ffffffff
ffffffff
ffffffff
ffffffff
ffffffff
ffffffff
ffffffff
ffffffff
ffffffff
ffffffff
ffffffff
ffffffff
ffffffff
ffffffff
ffffffff
ffffffff
ffffffff
ffffffff
ffffffff
ffffffff
ffffffff
ffffffff
ffffffff
ffffffff
ffffffff
ffffffff
ffffffff
ffffffff
ffffffff
ffffffff
ffffffff
ffffffff
ffffffff
ffffffff
ffffffff
ffffffff
ffffffff
ffffffff
ffffffff
ffffffff
ffffffff
ffffffff
ffffffff
ffffffff
ffffffff
ffffffff
ffffffff
ffffffff
ffffffff
ffffffff
ffffffff
ffffffff
ffffffff
ffffffff
ffffffff
ffffffff
ffffffff
ffffffff
ffffffff
ffffffff
ffffffff
ffffffff
ffffffff
ffffffff
ffffffff
ffffffff
ffffffff
ffffffff
ffffffff
ffffffff
ffffffff
ffffffff
ffffffff
ffffffff
ffffffff
ffffffff
ffffffff
ffffffff
ffffffff
ffffffff
ffffffff
ffffffff
ffffffff
ffffffff
ffffffff
ffffffff
ffffffff
ffffffff
ffffffff
ffffffff
ffffffff
ffffffff
ffffffff
ffffffff
ffffffff
ffffffff
ffffffff
ffffffff
ffffffff
ffffffff
ffffffff
ffffffff
ffffffff
ffffffff
ffffffff
ffffffff
ffffffff
ffffffff
ffffffff
ffffffff
ffffffff
ffffffff
ffffffff
ffffffff
ffffffff
ffffffff
ffffffff
ffffffff
ffffffff
ffffffff
ffffffff
ffffffff
ffffffff
ffffffff
ffffffff
ffffffff
ffffffff
ffffffff
ffffffff
ffffffff
ffffffff
ffffffff
ffffffff
ffffffff
ffffffff
ffffffff
ffffffff
ffffffff
ffffffff
ffffffff
ffffffff
ffffffff
ffffffff
ffffffff
ffffffff
ffffffff
ffffffff
ffffffff
ffffffff
ffffffff
ffffffff
ffffffff
ffffffff
ffffffff
ffffffff
ffffffff
ffffffff
ffffffff
ffffffff
ffffffff
ffffffff
ffffffff
ffffffff
ffffffff
ffffffff
ffffffff
ffffffff
ffffffff
ffffffff
ffffffff
ffffffff
ffffffff
ffffffff
ffffffff
ffffffff
ffffffff
ffffffff
ffffffff
ffffffff
ffffffff
ffffffff
ffffffff
ffffffff
ffffffff
ffffffff
ffffffff
ffffffff
ffffffff
ffffffff
ffffffff
ffffffff
ffffffff
ffffffff
ffffffff
ffffffff
ffffffff
ffffffff
ffffffff
ffffffff
ffffffff
ffffffff
ffffffff
ffffffff
ffffffff
ffffffff
ffffffff
ffffffff
ffffffff
ffffffff
ffffffff
ffffffff
ffffffff
ffffffff
ffffffff
ffffffff
ffffffff
ffffffff
ffffffff
ffffffff
ffffffff
ffffffff
ffffffff
ffffffff
ffffffff
ffffffff
ffffffff
ffffffff
ffffffff
ffffffff
ffffffff
ffffffff
ffffffff
ffffffff
ffffffff
ffffffff
ffffffff
ffffffff
ffffffff
ffffffff
ffffffff
ffffffff
ffffffff
ffffffff
ffffffff
ffffffff
ffffffff
ffffffff
ffffffff
ffffffff
ffffffff
ffffffff
ffffffff
ffffffff
ffffffff
ffffffff
ffffffff
ffffffff
ffffffff
ffffffff
ffffffff
ffffffff
ffffffff
ffffffff
ffffffff
ffffffff
ffffffff
ffffffff
ffffffff
ffffffff
ffffffff
ffffffff
ffffffff
ffffffff
ffffffff
ffffffff
ffffffff
ffffffff
ffffffff
ffffffff
ffffffff
ffffffff
ffffffff
ffffffff
ffffffff
ffffffff
ffffffff
ffffffff
ffffffff
ffffffff
ffffffff
ffffffff
ffffffff
ffffffff
ffffffff
ffffffff
ffffffff
ffffffff
ffffffff
ffffffff
ffffffff
ffffffff
ffffffff
ffffffff
ffffffff
ffffffff
ffffffff
ffffffff
ffffffff
ffffffff
ffffffff
ffffffff
ffffffff
ffffffff
ffffffff
ffffffff
ffffffff
ffffffff
ffffffff
ffffffff
ffffffff
ffffffff
ffffffff
ffffffff
ffffffff
ffffffff
ffffffff
ffffffff
ffffffff
ffffffff
ffffffff
ffffffff
ffffffff
ffffffff
ffffffff
ffffffff
ffffffff
ffffffff
ffffffff
ffffffff
ffffffff
ffffffff
ffffffff
ffffffff
ffffffff
ffffffff
ffffffff
ffffffff
ffffffff
ffffffff
ffffffff
ffffffff
ffffffff
ffffffff
ffffffff
ffffffff
ffffffff
ffffffff
ffffffff
ffffffff
ffffffff
ffffffff
ffffffff
ffffffff
ffffffff
ffffffff
ffffffff
ffffffff
ffffffff
ffffffff
ffffffff
ffffffff
ffffffff
ffffffff
ffffffff
ffffffff
ffffffff
ffffffff
ffffffff
ffffffff
ffffffff
ffffffff
ffffffff
ffffffff
ffffffff
ffffffff
ffffffff
ffffffff
ffffffff
ffffffff
ffffffff
ffffffff
ffffffff
ffffffff
ffffffff
ffffffff
ffffffff
ffffffff
ffffffff
ffffffff
ffffffff
ffffffff
ffffffff
ffffffff
ffffffff
ffffffff
ffffffff
ffffffff
ffffffff
ffffffff
ffffffff
ffffffff
ffffffff
ffffffff
ffffffff
ffffffff
ffffffff
ffffffff
ffffffff
ffffffff
ffffffff
ffffffff
ffffffff
ffffffff
ffffffff
ffffffff
ffffffff
ffffffff
ffffffff
ffffffff
ffffffff
ffffffff
ffffffff
ffffffff
ffffffff
ffffffff
ffffffff
ffffffff
ffffffff
ffffffff
ffffffff
ffffffff
ffffffff
ffffffff
ffffffff
ffffffff
ffffffff
ffffffff
ffffffff
ffffffff
ffffffff
ffffffff
ffffffff
ffffffff
ffffffff
ffffffff
ffffffff
ffffffff
ffffffff
ffffffff
ffffffff
ffffffff
ffffffff
ffffffff
ffffffff
ffffffff
ffffffff
ffffffff
ffffffff
ffffffff
ffffffff
ffffffff
ffffffff
ffffffff
ffffffff
ffffffff
ffffffff
ffffffff
ffffffff
ffffffff
ffffffff
ffffffff
ffffffff
ffffffff
ffffffff
ffffffff
ffffffff
ffffffff
ffffffff
ffffffff
ffffffff
ffffffff
ffffffff
ffffffff
ffffffff
ffffffff
ffffffff
ffffffff
ffffffff
ffffffff
ffffffff
ffffffff
ffffffff
ffffffff
ffffffff
ffffffff
ffffffff
ffffffff
ffffffff
ffffffff
ffffffff
ffffffff
ffffffff
ffffffff
ffffffff
ffffffff
ffffffff
ffffffff
ffffffff
ffffffff
ffffffff
ffffffff
ffffffff
ffffffff
ffffffff
ffffffff
ffffffff
ffffffff
ffffffff
ffffffff
ffffffff
ffffffff
ffffffff
ffffffff
ffffffff
ffffffff
ffffffff
ffffffff
ffffffff
ffffffff
ffffffff
ffffffff
ffffffff
ffffffff
ffffffff
ffffffff
ffffffff
ffffffff
ffffffff
ffffffff
ffffffff
ffffffff
ffffffff
ffffffff
ffffffff
ffffffff
ffffffff
ffffffff
ffffffff
ffffffff
ffffffff
ffffffff
ffffffff
ffffffff
ffffffff
ffffffff
ffffffff
ffffffff
ffffffff
ffffffff
ffffffff
ffffffff
ffffffff
ffffffff
ffffffff
ffffffff
ffffffff
ffffffff
ffffffff
ffffffff
ffffffff
ffffffff
ffffffff
ffffffff
ffffffff
ffffffff
ffffffff
ffffffff
ffffffff
ffffffff
ffffffff
ffffffff
ffffffff
ffffffff
ffffffff
ffffffff
ffffffff
ffffffff
ffffffff
ffffffff
ffffffff
ffffffff
ffffffff
ffffffff
ffffffff
ffffffff
ffffffff
ffffffff
ffffffff
ffffffff
ffffffff
ffffffff
ffffffff
ffffffff
ffffffff
ffffffff
ffffffff
ffffffff
ffffffff
ffffffff
ffffffff
ffffffff
ffffffff
ffffffff
ffffffff
ffffffff
ffffffff
ffffffff
ffffffff
ffffffff
ffffffff
ffffffff
ffffffff
ffffffff
ffffffff
ffffffff
ffffffff
ffffffff
ffffffff
ffffffff
ffffffff
ffffffff
ffffffff
ffffffff
ffffffff
ffffffff
ffffffff
ffffffff
ffffffff
ffffffff
ffffffff
ffffffff
ffffffff
ffffffff
ffffffff
ffffffff
ffffffff
ffffffff
ffffffff
ffffffff
ffffffff
ffffffff
ffffffff
ffffffff
ffffffff
ffffffff
ffffffff
ffffffff
ffffffff
ffffffff
ffffffff
ffffffff
ffffffff
ffffffff
ffffffff
ffffffff
ffffffff
ffffffff
ffffffff
ffffffff
ffffffff
ffffffff
ffffffff
ffffffff
ffffffff
ffffffff
ffffffff
ffffffff
ffffffff
ffffffff
ffffffff
ffffffff
ffffffff
ffffffff
ffffffff
ffffffff
ffffffff
ffffffff
ffffffff
ffffffff
ffffffff
ffffffff
ffffffff
ffffffff
ffffffff
ffffffff
ffffffff
ffffffff
ffffffff
ffffffff
ffffffff
ffffffff
ffffffff
ffffffff
ffffffff
ffffffff
ffffffff
ffffffff
ffffffff
ffffffff
ffffffff
ffffffff
ffffffff
ffffffff
ffffffff
ffffffff
ffffffff
ffffffff
ffffffff
ffffffff
ffffffff
ffffffff
ffffffff
ffffffff
ffffffff
ffffffff
ffffffff
ffffffff
ffffffff
ffffffff
ffffffff
ffffffff
ffffffff
ffffffff
ffffffff
ffffffff
ffffffff
ffffffff
ffffffff
ffffffff
ffffffff
ffffffff
ffffffff
ffffffff
ffffffff
ffffffff
ffffffff
ffffffff
ffffffff
ffffffff
ffffffff
ffffffff
ffffffff
ffffffff
ffffffff
ffffffff
ffffffff
ffffffff
ffffffff
ffffffff
ffffffff
ffffffff
ffffffff
ffffffff
ffffffff
ffffffff
ffffffff
ffffffff
ffffffff
ffffffff
ffffffff
ffffffff
ffffffff
ffffffff
ffffffff
ffffffff
ffffffff
ffffffff
ffffffff
ffffffff
ffffffff
ffffffff
ffffffff
ffffffff
ffffffff
ffffffff
ffffffff
ffffffff
ffffffff
ffffffff
ffffffff
ffffffff
ffffffff
ffffffff
ffffffff
ffffffff
ffffffff
ffffffff
ffffffff
ffffffff
ffffffff
ffffffff
ffffffff
ffffffff
ffffffff
ffffffff
ffffffff
ffffffff
ffffffff
ffffffff
ffffffff
ffffffff
ffffffff
ffffffff
ffffffff
ffffffff
ffffffff
ffffffff
ffffffff
ffffffff
ffffffff
ffffffff
ffffffff
ffffffff
ffffffff
ffffffff
ffffffff
ffffffff
ffffffff
ffffffff
ffffffff
ffffffff
ffffffff
ffffffff
ffffffff
ffffffff
ffffffff
ffffffff
ffffffff
ffffffff
ffffffff
ffffffff
ffffffff
ffffffff
ffffffff
ffffffff
ffffffff
ffffffff
ffffffff
ffffffff
ffffffff
ffffffff
ffffffff
ffffffff
ffffffff
ffffffff
ffffffff
ffffffff
ffffffff
ffffffff
ffffffff
ffffffff
ffffffff
ffffffff
ffffffff
ffffffff
ffffffff
ffffffff
ffffffff
ffffffff
ffffffff
ffffffff
ffffffff
ffffffff
ffffffff
ffffffff
ffffffff
ffffffff
ffffffff
ffffffff
ffffffff
ffffffff
ffffffff
ffffffff
ffffffff
ffffffff
ffffffff
ffffffff
ffffffff
ffffffff
ffffffff
ffffffff
ffffffff
ffffffff
ffffffff
ffffffff
ffffffff
ffffffff
ffffffff
ffffffff
ffffffff
ffffffff
ffffffff
ffffffff
ffffffff
ffffffff
ffffffff
ffffffff
ffffffff
ffffffff
ffffffff
ffffffff
ffffffff
ffffffff
ffffffff
ffffffff
ffffffff
ffffffff
ffffffff
ffffffff
ffffffff
ffffffff
ffffffff
ffffffff
ffffffff
ffffffff
ffffffff
ffffffff
ffffffff
ffffffff
ffffffff
ffffffff
ffffffff
ffffffff
ffffffff
ffffffff
ffffffff
ffffffff
ffffffff
ffffffff
ffffffff
ffffffff
ffffffff
ffffffff
ffffffff
ffffffff
ffffffff
ffffffff
ffffffff
ffffffff
ffffffff
ffffffff
ffffffff
ffffffff
ffffffff
ffffffff
ffffffff
ffffffff
ffffffff
ffffffff
ffffffff
ffffffff
ffffffff
ffffffff
ffffffff
ffffffff
ffffffff
ffffffff
ffffffff
ffffffff
ffffffff
ffffffff
ffffffff
ffffffff
ffffffff
ffffffff
ffffffff
ffffffff
ffffffff
ffffffff
ffffffff
ffffffff
ffffffff
ffffffff
ffffffff
ffffffff
ffffffff
ffffffff
ffffffff
ffffffff
ffffffff
ffffffff
ffffffff
ffffffff
ffffffff
ffffffff
ffffffff
ffffffff
ffffffff
ffffffff
ffffffff
ffffffff
ffffffff
ffffffff
ffffffff
ffffffff
ffffffff
ffffffff
ffffffff
ffffffff
ffffffff
ffffffff
ffffffff
ffffffff
ffffffff
ffffffff
ffffffff
ffffffff
ffffffff
ffffffff
ffffffff
ffffffff
ffffffff
ffffffff
ffffffff
ffffffff
ffffffff
ffffffff
ffffffff
ffffffff
ffffffff
ffffffff
ffffffff
ffffffff
ffffffff
ffffffff
ffffffff
ffffffff
ffffffff
ffffffff
ffffffff
ffffffff
ffffffff
ffffffff
ffffffff
ffffffff
ffffffff
ffffffff
ffffffff
ffffffff
ffffffff
ffffffff
ffffffff
ffffffff
ffffffff
ffffffff
ffffffff
ffffffff
ffffffff
ffffffff
ffffffff
ffffffff
ffffffff
ffffffff
ffffffff
ffffffff
ffffffff
ffffffff
ffffffff
ffffffff
ffffffff
ffffffff
ffffffff
ffffffff
ffffffff
ffffffff
ffffffff
ffffffff
ffffffff
ffffffff
ffffffff
ffffffff
ffffffff
ffffffff
ffffffff
ffffffff
ffffffff
ffffffff
ffffffff
ffffffff
ffffffff
ffffffff
ffffffff
ffffffff
ffffffff
ffffffff
ffffffff
ffffffff
ffffffff
ffffffff
ffffffff
ffffffff
ffffffff
ffffffff
ffffffff
ffffffff
ffffffff
ffffffff
ffffffff
ffffffff
ffffffff
ffffffff
ffffffff
ffffffff
ffffffff
ffffffff
ffffffff
ffffffff
ffffffff
ffffffff
ffffffff
ffffffff
ffffffff
ffffffff
ffffffff
ffffffff
ffffffff
ffffffff
ffffffff
ffffffff
ffffffff
ffffffff
ffffffff
ffffffff
ffffffff
ffffffff
ffffffff
ffffffff
ffffffff
ffffffff
ffffffff
ffffffff
ffffffff
ffffffff
ffffffff
ffffffff
ffffffff
ffffffff
ffffffff
ffffffff
ffffffff
ffffffff
ffffffff
ffffffff
ffffffff
ffffffff
ffffffff
ffffffff
ffffffff
ffffffff
ffffffff
ffffffff
ffffffff
ffffffff
ffffffff
ffffffff
ffffffff
ffffffff
ffffffff
ffffffff
ffffffff
ffffffff
ffffffff
ffffffff
ffffffff
ffffffff
ffffffff
ffffffff
ffffffff
ffffffff
ffffffff
ffffffff
ffffffff
ffffffff
ffffffff
ffffffff
ffffffff
ffffffff
ffffffff
ffffffff
ffffffff
ffffffff
ffffffff
ffffffff
ffffffff
ffffffff
ffffffff
ffffffff
ffffffff
ffffffff
ffffffff
ffffffff
ffffffff
ffffffff
ffffffff
ffffffff
ffffffff
ffffffff
ffffffff
ffffffff
ffffffff
ffffffff
ffffffff
ffffffff
ffffffff
ffffffff
ffffffff
ffffffff
ffffffff
ffffffff
ffffffff
ffffffff
ffffffff
ffffffff
ffffffff
ffffffff
ffffffff
ffffffff
ffffffff
ffffffff
ffffffff
ffffffff
ffffffff
ffffffff
ffffffff
ffffffff
ffffffff
ffffffff
ffffffff
ffffffff
ffffffff
ffffffff
ffffffff
ffffffff
ffffffff
ffffffff
ffffffff
ffffffff
ffffffff
ffffffff
ffffffff
ffffffff
ffffffff
ffffffff
ffffffff
ffffffff
ffffffff
ffffffff
ffffffff
ffffffff
ffffffff
ffffffff
ffffffff
ffffffff
ffffffff
ffffffff
ffffffff
ffffffff
ffffffff
ffffffff
ffffffff
ffffffff
ffffffff
ffffffff
ffffffff
ffffffff
ffffffff
ffffffff
ffffffff
ffffffff
ffffffff
ffffffff
ffffffff
ffffffff
ffffffff
ffffffff
ffffffff
ffffffff
ffffffff
ffffffff
ffffffff
ffffffff
ffffffff
ffffffff
ffffffff
ffffffff
ffffffff
ffffffff
ffffffff
ffffffff
ffffffff
ffffffff
ffffffff
ffffffff
ffffffff
ffffffff
ffffffff
ffffffff
ffffffff
ffffffff
ffffffff
ffffffff
ffffffff
ffffffff
ffffffff
ffffffff
ffffffff
ffffffff
ffffffff
ffffffff
ffffffff
ffffffff
ffffffff
ffffffff
ffffffff
ffffffff
ffffffff
ffffffff
ffffffff
ffffffff
ffffffff
ffffffff
ffffffff
ffffffff
ffffffff
ffffffff
ffffffff
ffffffff
ffffffff
ffffffff
ffffffff
ffffffff
ffffffff
ffffffff
ffffffff
ffffffff
ffffffff
ffffffff
ffffffff
ffffffff
ffffffff
ffffffff
ffffffff
ffffffff
ffffffff
ffffffff
ffffffff
ffffffff
ffffffff
ffffffff
ffffffff
ffffffff
ffffffff
ffffffff
ffffffff
ffffffff
ffffffff
ffffffff
ffffffff
ffffffff
ffffffff
ffffffff
ffffffff
ffffffff
ffffffff
ffffffff
ffffffff
ffffffff
ffffffff
ffffffff
ffffffff
ffffffff
ffffffff
ffffffff
ffffffff
ffffffff
ffffffff
ffffffff
ffffffff
ffffffff
ffffffff
ffffffff
ffffffff
ffffffff
ffffffff
ffffffff
ffffffff
ffffffff
ffffffff
ffffffff
ffffffff
ffffffff
ffffffff
ffffffff
ffffffff
ffffffff
ffffffff
ffffffff
ffffffff
ffffffff
ffffffff
ffffffff
ffffffff
ffffffff
ffffffff
ffffffff
ffffffff
ffffffff
ffffffff
ffffffff
ffffffff
ffffffff
ffffffff
ffffffff
ffffffff
ffffffff
ffffffff
ffffffff
ffffffff
ffffffff
ffffffff
ffffffff
ffffffff
ffffffff
ffffffff
ffffffff
ffffffff
ffffffff
ffffffff
ffffffff
ffffffff
ffffffff
ffffffff
ffffffff
ffffffff
ffffffff
ffffffff
ffffffff
ffffffff
ffffffff
ffffffff
ffffffff
ffffffff
ffffffff
ffffffff
ffffffff
ffffffff
ffffffff
ffffffff
ffffffff
ffffffff
ffffffff
ffffffff
ffffffff
ffffffff
ffffffff
ffffffff
ffffffff
ffffffff
ffffffff
ffffffff
ffffffff
ffffffff
ffffffff
ffffffff
ffffffff
ffffffff
ffffffff
ffffffff
ffffffff
ffffffff
ffffffff
ffffffff
ffffffff
ffffffff
ffffffff
ffffffff
ffffffff
ffffffff
ffffffff
ffffffff
ffffffff
ffffffff
ffffffff
ffffffff
ffffffff
ffffffff
ffffffff
ffffffff
ffffffff
ffffffff
ffffffff
ffffffff
ffffffff
ffffffff
ffffffff
ffffffff
ffffffff
ffffffff
ffffffff
ffffffff
ffffffff
ffffffff
ffffffff
ffffffff
ffffffff
ffffffff
ffffffff
ffffffff
ffffffff
ffffffff
ffffffff
ffffffff
ffffffff
ffffffff
ffffffff
ffffffff
ffffffff
ffffffff
ffffffff
ffffffff
ffffffff
ffffffff
ffffffff
ffffffff
ffffffff
ffffffff
ffffffff
ffffffff
ffffffff
ffffffff
ffffffff
ffffffff
ffffffff
ffffffff
ffffffff
ffffffff
ffffffff
ffffffff
ffffffff
ffffffff
ffffffff
ffffffff
ffffffff
ffffffff
ffffffff
ffffffff
ffffffff
ffffffff
ffffffff
ffffffff
ffffffff
ffffffff
ffffffff
ffffffff
ffffffff
ffffffff
ffffffff
ffffffff
ffffffff
ffffffff
ffffffff
ffffffff
ffffffff
ffffffff
ffffffff
ffffffff
ffffffff
ffffffff
ffffffff
ffffffff
ffffffff
ffffffff
ffffffff
ffffffff
ffffffff
ffffffff
ffffffff
ffffffff
ffffffff
ffffffff
ffffffff
ffffffff
ffffffff
ffffffff
ffffffff
ffffffff
ffffffff
ffffffff
ffffffff
ffffffff
ffffffff
ffffffff
ffffffff
ffffffff
ffffffff
ffffffff
ffffffff
ffffffff
ffffffff
ffffffff
ffffffff
ffffffff
ffffffff
ffffffff
ffffffff
ffffffff
ffffffff
ffffffff
ffffffff
ffffffff
ffffffff
ffffffff
ffffffff
ffffffff
ffffffff
ffffffff
ffffffff
ffffffff
ffffffff
ffffffff
ffffffff
ffffffff
ffffffff
ffffffff
ffffffff
ffffffff
ffffffff
ffffffff
ffffffff
ffffffff
ffffffff
ffffffff
ffffffff
ffffffff
ffffffff
ffffffff
ffffffff
ffffffff
ffffffff
ffffffff
ffffffff
ffffffff
ffffffff
ffffffff
ffffffff
ffffffff
ffffffff
ffffffff
ffffffff
ffffffff
ffffffff
ffffffff
ffffffff
ffffffff
ffffffff
ffffffff
ffffffff
ffffffff
ffffffff
ffffffff
ffffffff
ffffffff
ffffffff
ffffffff
ffffffff
ffffffff
ffffffff
ffffffff
ffffffff
ffffffff
ffffffff
ffffffff
ffffffff
ffffffff
ffffffff
ffffffff
ffffffff
ffffffff
ffffffff
ffffffff
ffffffff
ffffffff
ffffffff
ffffffff
ffffffff
ffffffff
ffffffff
ffffffff
ffffffff
ffffffff
ffffffff
ffffffff
ffffffff
ffffffff
ffffffff
ffffffff
ffffffff
ffffffff
ffffffff
ffffffff
ffffffff
ffffffff
ffffffff
ffffffff
ffffffff
ffffffff
ffffffff
ffffffff
ffffffff
ffffffff
ffffffff
ffffffff
ffffffff
ffffffff
ffffffff
ffffffff
ffffffff
ffffffff
ffffffff
ffffffff
ffffffff
ffffffff
ffffffff
ffffffff
ffffffff
ffffffff
ffffffff
ffffffff
ffffffff
ffffffff
ffffffff
ffffffff
ffffffff
ffffffff
ffffffff
ffffffff
ffffffff
ffffffff
ffffffff
ffffffff
ffffffff
ffffffff
ffffffff
ffffffff
ffffffff
ffffffff
ffffffff
ffffffff
ffffffff
ffffffff
ffffffff
ffffffff
ffffffff
ffffffff
ffffffff
ffffffff
ffffffff
ffffffff
ffffffff
ffffffff
ffffffff
ffffffff
ffffffff
ffffffff
ffffffff
ffffffff
ffffffff
ffffffff
ffffffff
ffffffff
ffffffff
ffffffff
ffffffff
ffffffff
ffffffff
ffffffff
ffffffff
ffffffff
ffffffff
ffffffff
ffffffff
ffffffff
ffffffff
ffffffff
ffffffff
ffffffff
ffffffff
ffffffff
ffffffff
ffffffff
ffffffff
ffffffff
ffffffff
ffffffff
ffffffff
ffffffff
ffffffff
ffffffff
ffffffff
ffffffff
ffffffff
ffffffff
ffffffff
ffffffff
ffffffff
ffffffff
ffffffff
ffffffff
ffffffff
ffffffff
ffffffff
ffffffff
ffffffff
ffffffff
ffffffff
ffffffff
ffffffff
ffffffff
ffffffff
ffffffff
ffffffff
ffffffff
ffffffff
ffffffff
ffffffff
ffffffff
ffffffff
ffffffff
ffffffff
ffffffff
ffffffff
ffffffff
ffffffff
ffffffff
ffffffff
ffffffff
ffffffff
ffffffff
ffffffff
ffffffff
ffffffff
ffffffff
ffffffff
ffffffff
ffffffff
ffffffff
ffffffff
ffffffff
ffffffff
ffffffff
ffffffff
ffffffff
ffffffff
ffffffff
ffffffff
ffffffff
ffffffff
ffffffff
ffffffff
ffffffff
ffffffff
ffffffff
ffffffff
ffffffff
ffffffff
ffffffff
ffffffff
ffffffff
ffffffff
ffffffff
ffffffff
ffffffff
ffffffff
ffffffff
ffffffff
ffffffff
ffffffff
ffffffff
ffffffff
ffffffff
ffffffff
ffffffff
ffffffff
ffffffff
ffffffff
ffffffff
ffffffff
ffffffff
ffffffff
ffffffff
ffffffff
ffffffff
ffffffff
ffffffff
ffffffff
ffffffff
ffffffff
ffffffff
ffffffff
ffffffff
ffffffff
ffffffff
ffffffff
ffffffff
ffffffff
ffffffff
ffffffff
ffffffff
ffffffff
ffffffff
ffffffff
ffffffff
ffffffff
ffffffff
ffffffff
ffffffff
ffffffff
ffffffff
ffffffff
ffffffff
ffffffff
ffffffff
ffffffff
ffffffff
ffffffff
ffffffff
ffffffff
ffffffff
ffffffff
ffffffff
ffffffff
ffffffff
ffffffff
ffffffff
ffffffff
ffffffff
ffffffff
ffffffff
ffffffff
ffffffff
ffffffff
ffffffff
ffffffff
ffffffff
ffffffff
ffffffff
ffffffff
ffffffff
ffffffff
ffffffff
ffffffff
ffffffff
ffffffff
ffffffff
ffffffff
ffffffff
ffffffff
ffffffff
ffffffff
ffffffff
ffffffff
ffffffff
ffffffff
ffffffff
ffffffff
ffffffff
ffffffff
ffffffff
ffffffff
ffffffff
ffffffff
ffffffff
ffffffff
ffffffff
ffffffff
ffffffff
ffffffff
ffffffff
ffffffff
ffffffff
ffffffff
ffffffff
ffffffff
ffffffff
ffffffff
ffffffff
ffffffff
ffffffff
ffffffff
ffffffff
ffffffff
ffffffff
ffffffff
ffffffff
ffffffff
ffffffff
ffffffff
ffffffff
ffffffff
ffffffff
ffffffff
ffffffff
ffffffff
ffffffff
ffffffff
ffffffff
ffffffff
ffffffff
ffffffff
ffffffff
ffffffff
ffffffff
ffffffff
ffffffff
ffffffff
ffffffff
ffffffff
ffffffff
ffffffff
ffffffff
ffffffff
ffffffff
ffffffff
ffffffff
ffffffff
ffffffff
ffffffff
ffffffff
ffffffff
ffffffff
ffffffff
ffffffff
ffffffff
ffffffff
ffffffff
ffffffff
ffffffff
ffffffff
ffffffff
ffffffff
ffffffff
ffffffff
ffffffff
ffffffff
ffffffff
ffffffff
ffffffff
ffffffff
ffffffff
ffffffff
ffffffff
ffffffff
ffffffff
ffffffff
ffffffff
ffffffff
ffffffff
ffffffff
ffffffff
ffffffff
ffffffff
ffffffff
ffffffff
ffffffff
ffffffff
ffffffff
ffffffff
ffffffff
ffffffff
ffffffff
ffffffff
ffffffff
ffffffff
ffffffff
ffffffff
ffffffff
ffffffff
ffffffff
ffffffff
ffffffff
ffffffff
ffffffff
ffffffff
ffffffff
ffffffff
ffffffff
ffffffff
ffffffff
ffffffff
ffffffff
ffffffff
ffffffff
ffffffff
ffffffff
ffffffff
ffffffff
ffffffff
ffffffff
ffffffff
ffffffff
ffffffff
ffffffff
ffffffff
ffffffff
ffffffff
ffffffff
ffffffff
ffffffff
ffffffff
ffffffff
ffffffff
ffffffff
ffffffff
ffffffff
ffffffff
ffffffff
ffffffff
ffffffff
ffffffff
ffffffff
ffffffff
ffffffff
ffffffff
ffffffff
ffffffff
ffffffff
ffffffff
ffffffff
ffffffff
ffffffff
ffffffff
ffffffff
ffffffff
ffffffff
ffffffff
ffffffff
ffffffff
ffffffff
ffffffff
ffffffff
ffffffff
ffffffff
ffffffff
ffffffff
ffffffff
ffffffff
ffffffff
ffffffff
ffffffff
ffffffff
ffffffff
ffffffff
ffffffff
ffffffff
ffffffff
ffffffff
ffffffff
ffffffff
ffffffff
ffffffff
ffffffff
ffffffff
ffffffff
ffffffff
ffffffff
ffffffff
ffffffff
ffffffff
ffffffff
ffffffff
ffffffff
ffffffff
ffffffff
ffffffff
ffffffff
ffffffff
ffffffff
ffffffff
ffffffff
ffffffff
ffffffff
ffffffff
ffffffff
ffffffff
ffffffff
ffffffff
ffffffff
ffffffff
ffffffff
ffffffff
ffffffff
ffffffff
ffffffff
ffffffff
ffffffff
ffffffff
ffffffff
ffffffff
ffffffff
ffffffff
ffffffff
ffffffff
ffffffff
ffffffff
ffffffff
ffffffff
ffffffff
ffffffff
ffffffff
ffffffff
ffffffff
ffffffff
ffffffff
ffffffff
ffffffff
ffffffff
ffffffff
ffffffff
ffffffff
ffffffff
ffffffff
ffffffff
ffffffff
ffffffff
ffffffff
ffffffff
ffffffff
ffffffff
ffffffff
ffffffff
ffffffff
ffffffff
ffffffff
ffffffff
ffffffff
ffffffff
ffffffff
ffffffff
ffffffff
ffffffff
ffffffff
ffffffff
ffffffff
ffffffff
ffffffff
ffffffff
ffffffff
ffffffff
ffffffff
ffffffff
ffffffff
ffffffff
ffffffff
ffffffff
ffffffff
ffffffff
ffffffff
ffffffff
ffffffff
ffffffff
ffffffff
ffffffff
ffffffff
ffffffff
ffffffff
ffffffff
ffffffff
ffffffff
ffffffff
ffffffff
ffffffff
ffffffff
ffffffff
ffffffff
ffffffff
ffffffff
ffffffff
ffffffff
ffffffff
ffffffff
ffffffff
ffffffff
ffffffff
ffffffff
ffffffff
ffffffff
ffffffff
ffffffff
ffffffff
ffffffff
ffffffff
ffffffff
ffffffff
ffffffff
ffffffff
ffffffff
ffffffff
ffffffff
ffffffff
ffffffff
ffffffff
ffffffff
ffffffff
ffffffff
ffffffff
ffffffff
ffffffff
ffffffff
ffffffff
ffffffff
ffffffff
ffffffff
ffffffff
ffffffff
ffffffff
ffffffff
ffffffff
ffffffff
ffffffff
ffffffff
ffffffff
ffffffff
ffffffff
ffffffff
ffffffff
ffffffff
ffffffff
ffffffff
ffffffff
ffffffff
ffffffff
ffffffff
ffffffff
ffffffff
ffffffff
ffffffff
ffffffff
ffffffff
ffffffff
ffffffff
ffffffff
ffffffff
ffffffff
ffffffff
ffffffff
ffffffff
ffffffff
ffffffff
ffffffff
ffffffff
ffffffff
ffffffff
ffffffff
ffffffff
ffffffff
ffffffff
ffffffff
ffffffff
ffffffff
ffffffff
ffffffff
ffffffff
ffffffff
ffffffff
ffffffff
ffffffff
ffffffff
ffffffff
ffffffff
ffffffff
ffffffff
ffffffff
ffffffff
ffffffff
ffffffff
ffffffff
ffffffff
ffffffff
ffffffff
ffffffff
ffffffff
ffffffff
ffffffff
ffffffff
ffffffff
ffffffff
ffffffff
ffffffff
ffffffff
ffffffff
ffffffff
ffffffff
ffffffff
ffffffff
ffffffff
ffffffff
ffffffff
ffffffff
ffffffff
ffffffff
ffffffff
ffffffff
ffffffff
ffffffff
ffffffff
ffffffff
ffffffff
ffffffff
ffffffff
ffffffff
ffffffff
ffffffff
ffffffff
ffffffff
ffffffff
ffffffff
ffffffff
ffffffff
ffffffff
ffffffff
ffffffff
ffffffff
ffffffff
ffffffff
ffffffff
ffffffff
ffffffff
ffffffff
ffffffff
ffffffff
ffffffff
ffffffff
ffffffff
ffffffff
ffffffff
ffffffff
ffffffff
ffffffff
ffffffff
ffffffff
ffffffff
ffffffff
ffffffff
ffffffff
ffffffff
ffffffff
ffffffff
ffffffff
ffffffff
ffffffff
ffffffff
ffffffff
ffffffff
ffffffff
ffffffff
ffffffff
ffffffff
ffffffff
ffffffff
ffffffff
ffffffff
ffffffff
ffffffff
ffffffff
ffffffff
ffffffff
ffffffff
ffffffff
ffffffff
ffffffff
ffffffff
ffffffff
ffffffff
ffffffff
ffffffff
ffffffff
ffffffff
ffffffff
ffffffff
ffffffff
ffffffff
ffffffff
ffffffff
ffffffff
ffffffff
ffffffff
ffffffff
ffffffff
ffffffff
ffffffff
ffffffff
ffffffff
ffffffff
ffffffff
ffffffff
ffffffff
ffffffff
ffffffff
ffffffff
ffffffff
ffffffff
ffffffff
ffffffff
ffffffff
ffffffff
ffffffff
ffffffff
ffffffff
ffffffff
ffffffff
ffffffff
ffffffff
ffffffff
ffffffff
ffffffff
ffffffff
ffffffff
ffffffff
ffffffff
ffffffff
ffffffff
ffffffff
ffffffff
ffffffff
ffffffff
ffffffff
ffffffff
ffffffff
ffffffff
ffffffff
ffffffff
ffffffff
ffffffff
ffffffff
ffffffff
ffffffff
ffffffff
ffffffff
ffffffff
ffffffff
ffffffff
ffffffff
ffffffff
ffffffff
ffffffff
ffffffff
ffffffff
ffffffff
ffffffff
ffffffff
ffffffff
ffffffff
ffffffff
ffffffff
ffffffff
ffffffff
ffffffff
ffffffff
ffffffff
ffffffff
ffffffff
ffffffff
ffffffff
ffffffff
ffffffff
ffffffff
ffffffff
ffffffff
ffffffff
ffffffff
ffffffff
ffffffff
ffffffff
ffffffff
ffffffff
ffffffff
ffffffff
ffffffff
ffffffff
ffffffff
ffffffff
ffffffff
ffffffff
ffffffff
ffffffff
ffffffff
ffffffff
ffffffff
ffffffff
ffffffff
ffffffff
ffffffff
ffffffff
ffffffff
ffffffff
ffffffff
ffffffff
ffffffff
ffffffff
ffffffff
ffffffff
ffffffff
ffffffff
ffffffff
ffffffff
ffffffff
ffffffff
ffffffff
ffffffff
ffffffff
ffffffff
ffffffff
ffffffff
ffffffff
ffffffff
ffffffff
ffffffff
ffffffff
ffffffff
ffffffff
ffffffff
ffffffff
ffffffff
ffffffff
ffffffff
ffffffff
ffffffff
ffffffff
ffffffff
ffffffff
ffffffff
ffffffff
ffffffff
ffffffff
ffffffff
ffffffff
ffffffff
ffffffff
ffffffff
ffffffff
ffffffff
ffffffff
ffffffff
ffffffff
ffffffff
ffffffff
ffffffff
ffffffff
ffffffff
ffffffff
ffffffff
ffffffff
ffffffff
ffffffff
ffffffff
ffffffff
ffffffff
ffffffff
ffffffff
ffffffff
ffffffff
ffffffff
ffffffff
ffffffff
ffffffff
ffffffff
ffffffff
ffffffff
ffffffff
ffffffff
ffffffff
ffffffff
ffffffff
ffffffff
ffffffff
ffffffff
ffffffff
ffffffff
ffffffff
ffffffff
ffffffff
ffffffff
ffffffff
ffffffff
ffffffff
ffffffff
ffffffff
ffffffff
ffffffff
ffffffff
ffffffff
ffffffff
ffffffff
ffffffff
ffffffff
ffffffff
ffffffff
ffffffff
ffffffff
ffffffff
ffffffff
ffffffff
ffffffff
ffffffff
ffffffff
ffffffff
ffffffff
ffffffff
ffffffff
ffffffff
ffffffff
ffffffff
ffffffff
ffffffff
ffffffff
ffffffff
ffffffff
ffffffff
ffffffff
ffffffff
ffffffff
ffffffff
ffffffff
ffffffff
ffffffff
ffffffff
ffffffff
ffffffff
ffffffff
ffffffff
ffffffff
ffffffff
ffffffff
ffffffff
ffffffff
ffffffff
ffffffff
ffffffff
ffffffff
ffffffff
ffffffff
ffffffff
ffffffff
ffffffff
ffffffff
ffffffff
ffffffff
ffffffff
ffffffff
ffffffff
ffffffff
ffffffff
ffffffff
ffffffff
ffffffff
ffffffff
ffffffff
ffffffff
ffffffff
ffffffff
ffffffff
ffffffff
ffffffff
ffffffff
ffffffff
ffffffff
ffffffff
ffffffff
ffffffff
ffffffff
ffffffff
ffffffff
ffffffff
ffffffff
ffffffff
ffffffff
ffffffff
ffffffff
ffffffff
ffffffff
ffffffff
ffffffff
ffffffff
ffffffff
ffffffff
ffffffff
ffffffff
ffffffff
ffffffff
ffffffff
ffffffff
ffffffff
ffffffff
ffffffff
ffffffff
ffffffff
ffffffff
ffffffff
ffffffff
ffffffff
ffffffff
ffffffff
ffffffff
ffffffff
ffffffff
ffffffff
ffffffff
ffffffff
ffffffff
ffffffff
ffffffff
ffffffff
ffffffff
ffffffff
ffffffff
ffffffff
ffffffff
ffffffff
ffffffff
ffffffff
ffffffff
ffffffff
ffffffff
ffffffff
ffffffff
ffffffff
ffffffff
ffffffff
ffffffff
ffffffff
ffffffff
ffffffff
ffffffff
ffffffff
ffffffff
ffffffff
ffffffff
ffffffff
ffffffff
ffffffff
ffffffff
ffffffff
ffffffff
ffffffff
ffffffff
ffffffff
ffffffff
ffffffff
ffffffff
ffffffff
ffffffff
ffffffff
ffffffff
ffffffff
ffffffff
ffffffff
ffffffff
ffffffff
ffffffff
ffffffff
ffffffff
ffffffff
ffffffff
ffffffff
ffffffff
ffffffff
ffffffff
ffffffff
ffffffff
ffffffff
ffffffff
ffffffff
ffffffff
ffffffff
ffffffff
ffffffff
ffffffff
ffffffff
ffffffff
ffffffff
ffffffff
ffffffff
ffffffff
ffffffff
ffffffff
ffffffff
ffffffff
ffffffff
ffffffff
ffffffff
ffffffff
ffffffff
ffffffff
ffffffff
ffffffff
ffffffff
ffffffff
ffffffff
ffffffff
ffffffff
ffffffff
ffffffff
ffffffff
ffffffff
ffffffff
ffffffff
ffffffff
ffffffff
ffffffff
ffffffff
ffffffff
ffffffff
ffffffff
ffffffff
ffffffff
ffffffff
ffffffff
ffffffff
ffffffff
ffffffff
ffffffff
ffffffff
ffffffff
ffffffff
ffffffff
ffffffff
ffffffff
ffffffff
ffffffff
ffffffff
ffffffff
ffffffff
ffffffff
ffffffff
ffffffff
ffffffff
ffffffff
ffffffff
ffffffff
ffffffff
ffffffff
ffffffff
ffffffff
ffffffff
ffffffff
ffffffff
ffffffff
ffffffff
ffffffff
ffffffff
ffffffff
ffffffff
ffffffff
ffffffff
ffffffff
ffffffff
ffffffff
ffffffff
ffffffff
ffffffff
ffffffff
ffffffff
ffffffff
ffffffff
ffffffff
ffffffff
ffffffff
ffffffff
ffffffff
ffffffff
ffffffff
ffffffff
ffffffff
ffffffff
ffffffff
ffffffff
ffffffff
ffffffff
ffffffff
ffffffff
ffffffff
ffffffff
ffffffff
ffffffff
ffffffff
ffffffff
ffffffff
ffffffff
ffffffff
ffffffff
ffffffff
ffffffff
ffffffff
ffffffff
ffffffff
ffffffff
ffffffff
ffffffff
ffffffff
ffffffff
ffffffff
ffffffff
ffffffff
ffffffff
ffffffff
ffffffff
ffffffff
ffffffff
ffffffff
ffffffff
ffffffff
ffffffff
ffffffff
ffffffff
ffffffff
ffffffff
ffffffff
ffffffff
ffffffff
ffffffff
ffffffff
ffffffff
ffffffff
ffffffff
ffffffff
ffffffff
ffffffff
ffffffff
ffffffff
ffffffff
ffffffff
ffffffff
ffffffff
ffffffff
ffffffff
ffffffff
ffffffff
ffffffff
ffffffff
ffffffff
ffffffff
ffffffff
ffffffff
ffffffff
ffffffff
ffffffff
ffffffff
ffffffff
ffffffff
ffffffff
ffffffff
ffffffff
ffffffff
ffffffff
ffffffff
ffffffff
ffffffff
ffffffff
ffffffff
ffffffff
ffffffff
ffffffff
ffffffff
ffffffff
ffffffff
ffffffff
ffffffff
ffffffff
ffffffff
ffffffff
ffffffff
ffffffff
ffffffff
ffffffff
ffffffff
ffffffff
ffffffff
ffffffff
ffffffff
ffffffff
ffffffff
ffffffff
ffffffff
ffffffff
ffffffff
ffffffff
ffffffff
ffffffff
ffffffff
ffffffff
ffffffff
ffffffff
ffffffff
ffffffff
ffffffff
ffffffff
ffffffff
ffffffff
ffffffff
ffffffff
ffffffff
ffffffff
ffffffff
ffffffff
ffffffff
ffffffff
ffffffff
ffffffff
ffffffff
ffffffff
ffffffff
ffffffff
ffffffff
ffffffff
ffffffff
ffffffff
ffffffff
ffffffff
ffffffff
ffffffff
ffffffff
ffffffff
ffffffff
ffffffff
ffffffff
ffffffff
ffffffff
ffffffff
ffffffff
ffffffff
ffffffff
ffffffff
ffffffff
ffffffff
ffffffff
ffffffff
ffffffff
ffffffff
ffffffff
ffffffff
ffffffff
ffffffff
ffffffff
ffffffff
ffffffff
ffffffff
ffffffff
ffffffff
ffffffff
ffffffff
ffffffff
ffffffff
ffffffff
ffffffff
ffffffff
ffffffff
ffffffff
ffffffff
ffffffff
ffffffff
ffffffff
ffffffff
ffffffff
ffffffff
ffffffff
ffffffff
ffffffff
ffffffff
ffffffff
ffffffff
ffffffff
ffffffff
ffffffff
ffffffff
ffffffff
ffffffff
ffffffff
ffffffff
ffffffff
ffffffff
ffffffff
ffffffff
ffffffff
ffffffff
ffffffff
ffffffff
ffffffff
ffffffff
ffffffff
ffffffff
ffffffff
ffffffff
ffffffff
ffffffff
ffffffff
ffffffff
ffffffff
ffffffff
ffffffff
ffffffff
ffffffff
ffffffff
ffffffff
ffffffff
ffffffff
ffffffff
ffffffff
ffffffff
ffffffff
ffffffff
ffffffff
ffffffff
ffffffff
ffffffff
ffffffff
ffffffff
ffffffff
ffffffff
ffffffff
ffffffff
ffffffff
ffffffff
ffffffff
ffffffff
ffffffff
ffffffff
ffffffff
ffffffff
ffffffff
ffffffff
ffffffff
ffffffff
ffffffff
ffffffff
ffffffff
ffffffff
ffffffff
ffffffff
ffffffff
ffffffff
ffffffff
ffffffff
ffffffff
ffffffff
ffffffff
ffffffff
ffffffff
ffffffff
ffffffff
ffffffff
ffffffff
ffffffff
ffffffff
ffffffff
ffffffff
ffffffff
ffffffff
ffffffff
ffffffff
ffffffff
ffffffff
ffffffff
ffffffff
ffffffff
ffffffff
ffffffff
ffffffff
ffffffff
ffffffff
ffffffff
ffffffff
ffffffff
ffffffff
ffffffff
ffffffff
ffffffff
ffffffff
ffffffff
ffffffff
ffffffff
ffffffff
ffffffff
ffffffff
ffffffff
ffffffff
ffffffff
ffffffff
ffffffff
ffffffff
ffffffff
ffffffff
ffffffff
ffffffff
ffffffff
ffffffff
ffffffff
ffffffff
ffffffff
ffffffff
ffffffff
ffffffff
ffffffff
ffffffff
ffffffff
ffffffff
ffffffff
ffffffff
ffffffff
ffffffff
ffffffff
ffffffff
ffffffff
ffffffff
ffffffff
ffffffff
ffffffff
ffffffff
ffffffff
ffffffff
ffffffff
ffffffff
ffffffff
ffffffff
ffffffff
ffffffff
ffffffff
ffffffff
ffffffff
ffffffff
ffffffff
ffffffff
ffffffff
ffffffff
ffffffff
ffffffff
ffffffff
ffffffff
ffffffff
ffffffff
ffffffff
ffffffff
ffffffff
ffffffff
ffffffff
ffffffff
ffffffff
ffffffff
ffffffff
ffffffff
ffffffff
ffffffff
ffffffff
ffffffff
ffffffff
ffffffff
ffffffff
ffffffff
ffffffff
ffffffff
ffffffff
ffffffff
ffffffff
ffffffff
ffffffff
ffffffff
ffffffff
ffffffff
ffffffff
ffffffff
ffffffff
ffffffff
ffffffff
ffffffff
ffffffff
ffffffff
ffffffff
ffffffff
ffffffff
ffffffff
ffffffff
ffffffff
ffffffff
ffffffff
ffffffff
ffffffff
ffffffff
ffffffff
ffffffff
ffffffff
ffffffff
ffffffff
ffffffff
ffffffff
ffffffff
ffffffff
ffffffff
ffffffff
ffffffff
ffffffff
ffffffff
ffffffff
ffffffff
ffffffff
ffffffff
ffffffff
ffffffff
ffffffff
ffffffff
ffffffff
ffffffff
ffffffff
ffffffff
ffffffff
ffffffff
ffffffff
ffffffff
ffffffff
ffffffff
ffffffff
ffffffff
ffffffff
ffffffff
ffffffff
ffffffff
ffffffff
ffffffff
ffffffff
ffffffff
ffffffff
ffffffff
ffffffff
ffffffff
ffffffff
ffffffff
ffffffff
ffffffff
ffffffff
ffffffff
ffffffff
ffffffff
ffffffff
ffffffff
ffffffff
ffffffff
ffffffff
ffffffff
ffffffff
ffffffff
ffffffff
ffffffff
ffffffff
ffffffff
ffffffff
ffffffff
ffffffff
ffffffff
ffffffff
ffffffff
ffffffff
ffffffff
ffffffff
ffffffff
ffffffff
ffffffff
ffffffff
ffffffff
ffffffff
ffffffff
ffffffff
ffffffff
ffffffff
ffffffff
ffffffff
ffffffff
ffffffff
ffffffff
ffffffff
ffffffff
ffffffff
ffffffff
ffffffff
ffffffff
ffffffff
ffffffff
ffffffff
ffffffff
ffffffff
ffffffff
ffffffff
ffffffff
ffffffff
ffffffff
ffffffff
ffffffff
ffffffff
ffffffff
ffffffff
ffffffff
ffffffff
ffffffff
ffffffff
ffffffff
ffffffff
ffffffff
ffffffff
ffffffff
ffffffff
ffffffff
ffffffff
ffffffff
ffffffff
ffffffff
ffffffff
ffffffff
ffffffff
ffffffff
ffffffff
ffffffff
ffffffff
ffffffff
ffffffff
ffffffff
ffffffff
ffffffff
ffffffff
ffffffff
ffffffff
ffffffff
ffffffff
ffffffff
ffffffff
ffffffff
ffffffff
ffffffff
ffffffff
ffffffff
ffffffff
ffffffff
ffffffff
ffffffff
ffffffff
ffffffff
ffffffff
ffffffff
ffffffff
ffffffff
ffffffff
ffffffff
ffffffff
ffffffff
ffffffff
ffffffff
ffffffff
ffffffff
ffffffff
ffffffff
ffffffff
ffffffff
ffffffff
ffffffff
ffffffff
ffffffff
ffffffff
ffffffff
ffffffff
ffffffff
ffffffff
ffffffff
ffffffff
ffffffff
ffffffff
ffffffff
ffffffff
ffffffff
ffffffff
ffffffff
ffffffff
ffffffff
ffffffff
ffffffff
ffffffff
ffffffff
ffffffff
ffffffff
ffffffff
ffffffff
ffffffff
ffffffff
ffffffff
ffffffff
ffffffff
ffffffff
ffffffff
ffffffff
ffffffff
ffffffff
ffffffff
ffffffff
ffffffff
ffffffff
ffffffff
ffffffff
ffffffff
ffffffff
ffffffff
ffffffff
ffffffff
ffffffff
ffffffff
ffffffff
ffffffff
ffffffff
ffffffff
ffffffff
ffffffff
ffffffff
ffffffff
ffffffff
ffffffff
ffffffff
ffffffff
ffffffff
ffffffff
ffffffff
ffffffff
ffffffff
ffffffff
ffffffff
ffffffff
ffffffff
ffffffff
ffffffff
ffffffff
ffffffff
ffffffff
ffffffff
ffffffff
ffffffff
ffffffff
ffffffff
ffffffff
ffffffff
ffffffff
ffffffff
ffffffff
ffffffff
ffffffff
ffffffff
ffffffff
ffffffff
ffffffff
ffffffff
ffffffff
ffffffff
ffffffff
ffffffff
ffffffff
ffffffff
ffffffff
ffffffff
ffffffff
ffffffff
ffffffff
ffffffff
ffffffff
ffffffff
ffffffff
ffffffff
ffffffff
ffffffff
ffffffff
ffffffff
ffffffff
ffffffff
ffffffff
ffffffff
ffffffff
ffffffff
ffffffff
ffffffff
ffffffff
ffffffff
ffffffff
ffffffff
ffffffff
ffffffff
ffffffff
ffffffff
ffffffff
ffffffff
ffffffff
ffffffff
ffffffff
ffffffff
ffffffff
ffffffff
ffffffff
ffffffff
ffffffff
ffffffff
ffffffff
ffffffff
ffffffff
ffffffff
ffffffff
ffffffff
ffffffff
ffffffff
ffffffff
ffffffff
ffffffff
ffffffff
ffffffff
ffffffff
ffffffff
ffffffff
ffffffff
ffffffff
ffffffff
ffffffff
ffffffff
ffffffff
ffffffff
ffffffff
ffffffff
ffffffff
ffffffff
ffffffff
ffffffff
ffffffff
ffffffff
ffffffff
ffffffff
ffffffff
ffffffff
ffffffff
ffffffff
ffffffff
ffffffff
ffffffff
ffffffff
ffffffff
ffffffff
ffffffff
ffffffff
ffffffff
ffffffff
ffffffff
ffffffff
ffffffff
ffffffff
ffffffff
ffffffff
ffffffff
ffffffff
ffffffff
ffffffff
ffffffff
ffffffff
ffffffff
ffffffff
ffffffff
ffffffff
ffffffff
ffffffff
ffffffff
ffffffff
ffffffff
ffffffff
ffffffff
ffffffff
ffffffff
ffffffff
ffffffff
ffffffff
ffffffff
ffffffff
ffffffff
ffffffff
ffffffff
ffffffff
ffffffff
ffffffff
ffffffff
ffffffff
ffffffff
ffffffff
ffffffff
ffffffff
ffffffff
ffffffff
ffffffff
ffffffff
ffffffff
ffffffff
ffffffff
ffffffff
ffffffff
ffffffff
ffffffff
ffffffff
ffffffff
ffffffff
ffffffff
ffffffff
ffffffff
ffffffff
ffffffff
ffffffff
ffffffff
ffffffff
ffffffff
ffffffff
ffffffff
ffffffff
ffffffff
ffffffff
ffffffff
ffffffff
ffffffff
ffffffff
ffffffff
ffffffff
ffffffff
ffffffff
ffffffff
ffffffff
ffffffff
ffffffff
ffffffff
ffffffff
ffffffff
ffffffff
ffffffff
ffffffff
ffffffff
ffffffff
ffffffff
ffffffff
ffffffff
ffffffff
ffffffff
ffffffff
ffffffff
ffffffff
ffffffff
ffffffff
ffffffff
ffffffff
ffffffff
ffffffff
ffffffff
ffffffff
ffffffff
ffffffff
ffffffff
ffffffff
ffffffff
ffffffff
ffffffff
ffffffff
ffffffff
ffffffff
ffffffff
ffffffff
ffffffff
ffffffff
ffffffff
ffffffff
ffffffff
ffffffff
ffffffff
ffffffff
ffffffff
ffffffff
ffffffff
ffffffff
ffffffff
ffffffff
ffffffff
ffffffff
ffffffff
ffffffff
ffffffff
ffffffff
ffffffff
ffffffff
ffffffff
ffffffff
ffffffff
ffffffff
ffffffff
ffffffff
ffffffff
ffffffff
ffffffff
ffffffff
ffffffff
ffffffff
ffffffff
ffffffff
ffffffff
ffffffff
ffffffff
ffffffff
ffffffff
ffffffff
ffffffff
ffffffff
ffffffff
ffffffff
ffffffff
ffffffff
ffffffff
ffffffff
ffffffff
ffffffff
ffffffff
ffffffff
ffffffff
ffffffff
ffffffff
ffffffff
ffffffff
ffffffff
ffffffff
ffffffff
ffffffff
ffffffff
ffffffff
ffffffff
ffffffff
ffffffff
ffffffff
ffffffff
ffffffff
ffffffff
ffffffff
ffffffff
ffffffff
ffffffff
ffffffff
ffffffff
ffffffff
ffffffff
ffffffff
ffffffff
ffffffff
ffffffff
ffffffff
ffffffff
ffffffff
ffffffff
ffffffff
ffffffff
ffffffff
ffffffff
ffffffff
ffffffff
ffffffff
ffffffff
ffffffff
ffffffff
ffffffff
ffffffff
ffffffff
ffffffff
ffffffff
ffffffff
ffffffff
ffffffff
ffffffff
ffffffff
ffffffff
ffffffff
ffffffff
ffffffff
ffffffff
ffffffff
ffffffff
ffffffff
ffffffff
ffffffff
ffffffff
ffffffff
ffffffff
ffffffff
ffffffff
ffffffff
ffffffff
ffffffff
ffffffff
ffffffff
ffffffff
ffffffff
ffffffff
ffffffff
ffffffff
ffffffff
ffffffff
ffffffff
ffffffff
ffffffff
ffffffff
ffffffff
ffffffff
ffffffff
ffffffff
ffffffff
ffffffff
ffffffff
ffffffff
ffffffff
ffffffff
ffffffff
ffffffff
ffffffff
ffffffff
ffffffff
ffffffff
ffffffff
ffffffff
ffffffff
ffffffff
ffffffff
ffffffff
ffffffff
ffffffff
ffffffff
ffffffff
ffffffff
ffffffff
ffffffff
ffffffff
ffffffff
ffffffff
ffffffff
ffffffff
ffffffff
ffffffff
ffffffff
ffffffff
ffffffff
ffffffff
ffffffff
ffffffff
ffffffff
ffffffff
ffffffff
ffffffff
ffffffff
ffffffff
ffffffff
ffffffff
ffffffff
ffffffff
ffffffff
ffffffff
ffffffff
ffffffff
ffffffff
ffffffff
ffffffff
ffffffff
ffffffff
ffffffff
ffffffff
ffffffff
ffffffff
ffffffff
ffffffff
ffffffff
ffffffff
ffffffff
ffffffff
ffffffff
ffffffff
ffffffff
ffffffff
ffffffff
ffffffff
ffffffff
ffffffff
ffffffff
ffffffff
ffffffff
ffffffff
ffffffff
ffffffff
ffffffff
ffffffff
ffffffff
ffffffff
ffffffff
ffffffff
ffffffff
ffffffff
ffffffff
ffffffff
ffffffff
ffffffff
ffffffff
ffffffff
ffffffff
ffffffff
ffffffff
ffffffff
ffffffff
ffffffff
ffffffff
ffffffff
ffffffff
ffffffff
ffffffff
ffffffff
ffffffff
ffffffff
ffffffff
ffffffff
ffffffff
ffffffff
ffffffff
ffffffff
ffffffff
ffffffff
ffffffff
ffffffff
ffffffff
ffffffff
ffffffff
ffffffff
ffffffff
ffffffff
ffffffff
ffffffff
ffffffff
ffffffff
ffffffff
ffffffff
ffffffff
ffffffff
ffffffff
ffffffff
ffffffff
ffffffff
ffffffff
ffffffff
ffffffff
ffffffff
ffffffff
ffffffff
ffffffff
ffffffff
ffffffff
ffffffff
ffffffff
ffffffff
ffffffff
ffffffff
ffffffff
ffffffff
ffffffff
ffffffff
ffffffff
ffffffff
ffffffff
ffffffff
ffffffff
ffffffff
ffffffff
ffffffff
ffffffff
ffffffff
ffffffff
ffffffff
ffffffff
ffffffff
ffffffff
ffffffff
ffffffff
ffffffff
ffffffff
ffffffff
ffffffff
ffffffff
ffffffff
ffffffff
ffffffff
ffffffff
ffffffff
ffffffff
ffffffff
ffffffff
ffffffff
ffffffff
ffffffff
ffffffff
ffffffff
ffffffff
ffffffff
ffffffff
ffffffff
ffffffff
ffffffff
ffffffff
ffffffff
ffffffff
ffffffff
ffffffff
ffffffff
ffffffff
ffffffff
ffffffff
ffffffff
ffffffff
ffffffff
ffffffff
ffffffff
ffffffff
ffffffff
ffffffff
ffffffff
ffffffff
ffffffff
ffffffff
ffffffff
ffffffff
ffffffff
ffffffff
ffffffff
ffffffff
ffffffff
ffffffff
ffffffff
ffffffff
ffffffff
ffffffff
ffffffff
ffffffff
ffffffff
ffffffff
ffffffff
ffffffff
ffffffff
ffffffff
ffffffff
ffffffff
ffffffff
ffffffff
ffffffff
ffffffff
ffffffff
ffffffff
ffffffff
ffffffff
ffffffff
ffffffff
ffffffff
ffffffff
ffffffff
ffffffff
ffffffff
ffffffff
ffffffff
ffffffff
ffffffff
ffffffff
ffffffff
ffffffff
ffffffff
ffffffff
ffffffff
ffffffff
ffffffff
ffffffff
ffffffff
ffffffff
ffffffff
ffffffff
ffffffff
ffffffff
ffffffff
ffffffff
ffffffff
ffffffff
ffffffff
ffffffff
ffffffff
ffffffff
ffffffff
ffffffff
ffffffff
ffffffff
ffffffff
ffffffff
ffffffff
ffffffff
ffffffff
ffffffff
ffffffff
ffffffff
ffffffff
ffffffff
ffffffff
ffffffff
ffffffff
ffffffff
ffffffff
ffffffff
ffffffff
ffffffff
ffffffff
ffffffff
ffffffff
ffffffff
ffffffff
ffffffff
ffffffff
ffffffff
ffffffff
ffffffff
ffffffff
ffffffff
ffffffff
ffffffff
ffffffff
ffffffff
ffffffff
ffffffff
ffffffff
ffffffff
ffffffff
ffffffff
ffffffff
ffffffff
ffffffff
ffffffff
ffffffff
ffffffff
ffffffff
ffffffff
ffffffff
ffffffff
ffffffff
ffffffff
ffffffff
ffffffff
ffffffff
ffffffff
ffffffff
ffffffff
ffffffff
ffffffff
ffffffff
ffffffff
ffffffff
ffffffff
ffffffff
ffffffff
ffffffff
ffffffff
ffffffff
ffffffff
ffffffff
ffffffff
ffffffff
ffffffff
ffffffff
ffffffff
ffffffff
ffffffff
ffffffff
ffffffff
ffffffff
ffffffff
ffffffff
ffffffff
ffffffff
ffffffff
ffffffff
ffffffff
ffffffff
ffffffff
ffffffff
ffffffff
ffffffff
ffffffff
ffffffff
ffffffff
ffffffff
ffffffff
ffffffff
ffffffff
ffffffff
ffffffff
ffffffff
ffffffff
ffffffff
ffffffff
ffffffff
ffffffff
ffffffff
ffffffff
ffffffff
ffffffff
ffffffff
ffffffff
ffffffff
ffffffff
ffffffff
ffffffff
ffffffff
ffffffff
ffffffff
ffffffff
ffffffff
ffffffff
ffffffff
ffffffff
ffffffff
ffffffff
ffffffff
ffffffff
ffffffff
ffffffff
ffffffff
ffffffff
ffffffff
ffffffff
ffffffff
ffffffff
ffffffff
ffffffff
ffffffff
ffffffff
ffffffff
ffffffff
ffffffff
ffffffff
ffffffff
ffffffff
ffffffff
ffffffff
ffffffff
ffffffff
ffffffff
ffffffff
ffffffff
ffffffff
ffffffff
ffffffff
ffffffff
ffffffff
ffffffff
ffffffff
ffffffff
ffffffff
ffffffff
ffffffff
ffffffff
ffffffff
ffffffff
ffffffff
ffffffff
ffffffff
ffffffff
ffffffff
ffffffff
ffffffff
ffffffff
ffffffff
ffffffff
ffffffff
ffffffff
ffffffff
ffffffff
ffffffff
ffffffff
ffffffff
ffffffff
ffffffff
ffffffff
ffffffff
ffffffff
ffffffff
ffffffff
ffffffff
ffffffff
ffffffff
ffffffff
ffffffff
ffffffff
ffffffff
ffffffff
ffffffff
ffffffff
ffffffff
ffffffff
ffffffff
ffffffff
ffffffff
ffffffff
ffffffff
ffffffff
ffffffff
ffffffff
ffffffff
ffffffff
ffffffff
ffffffff
ffffffff
ffffffff
ffffffff
ffffffff
ffffffff
ffffffff
ffffffff
ffffffff
ffffffff
ffffffff
ffffffff
ffffffff
ffffffff
ffffffff
ffffffff
ffffffff
ffffffff
ffffffff
ffffffff
ffffffff
ffffffff
ffffffff
ffffffff
ffffffff
ffffffff
ffffffff
ffffffff
ffffffff
ffffffff
ffffffff
ffffffff
ffffffff
ffffffff
ffffffff
ffffffff
ffffffff
ffffffff
ffffffff
ffffffff
ffffffff
ffffffff
ffffffff
ffffffff
ffffffff
ffffffff
ffffffff
ffffffff
ffffffff
ffffffff
ffffffff
ffffffff
ffffffff
ffffffff
ffffffff
ffffffff
ffffffff
ffffffff
ffffffff
ffffffff
ffffffff
ffffffff
ffffffff
ffffffff
ffffffff
ffffffff
ffffffff
ffffffff
ffffffff
ffffffff
ffffffff
ffffffff
ffffffff
ffffffff
ffffffff
ffffffff
ffffffff
ffffffff
ffffffff
ffffffff
ffffffff
ffffffff
ffffffff
ffffffff
ffffffff
ffffffff
ffffffff
ffffffff
ffffffff
ffffffff
ffffffff
ffffffff
ffffffff
ffffffff
ffffffff
ffffffff
ffffffff
ffffffff
ffffffff
ffffffff
ffffffff
ffffffff
ffffffff
ffffffff
ffffffff
ffffffff
ffffffff
ffffffff
ffffffff
ffffffff
ffffffff
ffffffff
ffffffff
ffffffff
ffffffff
ffffffff
ffffffff
ffffffff
ffffffff
ffffffff
ffffffff
ffffffff
ffffffff
ffffffff
ffffffff
ffffffff
ffffffff
ffffffff
ffffffff
ffffffff
ffffffff
ffffffff
ffffffff
ffffffff
ffffffff
ffffffff
ffffffff
ffffffff
ffffffff
ffffffff
ffffffff
ffffffff
ffffffff
ffffffff
ffffffff
ffffffff
ffffffff
ffffffff
ffffffff
ffffffff
ffffffff
ffffffff
ffffffff
ffffffff
ffffffff
ffffffff
ffffffff
ffffffff
ffffffff
ffffffff
ffffffff
ffffffff
ffffffff
ffffffff
ffffffff
ffffffff
ffffffff
ffffffff
ffffffff
ffffffff
ffffffff
ffffffff
ffffffff
ffffffff
ffffffff
ffffffff
ffffffff
ffffffff
ffffffff
ffffffff
ffffffff
ffffffff
ffffffff
ffffffff
ffffffff
ffffffff
ffffffff
ffffffff
ffffffff
ffffffff
ffffffff
ffffffff
ffffffff
ffffffff
ffffffff
ffffffff
ffffffff
ffffffff
ffffffff
ffffffff
ffffffff
ffffffff
ffffffff
ffffffff
ffffffff
ffffffff
ffffffff
ffffffff
ffffffff
ffffffff
ffffffff
ffffffff
ffffffff
ffffffff
ffffffff
ffffffff
ffffffff
ffffffff
ffffffff
ffffffff
ffffffff
ffffffff
ffffffff
ffffffff
ffffffff
ffffffff
ffffffff
ffffffff
ffffffff
ffffffff
ffffffff
ffffffff
ffffffff
ffffffff
ffffffff
ffffffff
ffffffff
ffffffff
ffffffff
ffffffff
ffffffff
ffffffff
ffffffff
ffffffff
ffffffff
ffffffff
ffffffff
ffffffff
ffffffff
ffffffff
ffffffff
ffffffff
ffffffff
ffffffff
ffffffff
ffffffff
ffffffff
ffffffff
ffffffff
ffffffff
ffffffff
ffffffff
ffffffff
ffffffff
ffffffff
ffffffff
ffffffff
ffffffff
ffffffff
ffffffff
ffffffff
ffffffff
ffffffff
ffffffff
ffffffff
ffffffff
ffffffff
ffffffff
ffffffff
ffffffff
ffffffff
ffffffff
ffffffff
ffffffff
ffffffff
ffffffff
ffffffff
ffffffff
ffffffff
ffffffff
ffffffff
ffffffff
ffffffff
ffffffff
ffffffff
ffffffff
ffffffff
ffffffff
ffffffff
ffffffff
ffffffff
ffffffff
ffffffff
ffffffff
ffffffff
ffffffff
ffffffff
ffffffff
ffffffff
ffffffff
ffffffff
ffffffff
ffffffff
ffffffff
ffffffff
ffffffff
ffffffff
ffffffff
ffffffff
ffffffff
ffffffff
ffffffff
ffffffff
ffffffff
ffffffff
ffffffff
ffffffff
ffffffff
ffffffff
ffffffff
ffffffff
ffffffff
ffffffff
ffffffff
ffffffff
ffffffff
ffffffff
ffffffff
ffffffff
ffffffff
ffffffff
ffffffff
ffffffff
ffffffff
ffffffff
ffffffff
ffffffff
ffffffff
ffffffff
ffffffff
ffffffff
ffffffff
ffffffff
ffffffff
ffffffff
ffffffff
ffffffff
ffffffff
ffffffff
ffffffff
ffffffff
ffffffff
ffffffff
ffffffff
ffffffff
ffffffff
ffffffff
ffffffff
ffffffff
ffffffff
ffffffff
ffffffff
ffffffff
ffffffff
ffffffff
ffffffff
ffffffff
ffffffff
ffffffff
ffffffff
ffffffff
ffffffff
ffffffff
ffffffff
ffffffff
ffffffff
ffffffff
ffffffff
ffffffff
ffffffff
ffffffff
ffffffff
ffffffff
ffffffff
ffffffff
ffffffff
ffffffff
ffffffff
ffffffff
ffffffff
ffffffff
ffffffff
ffffffff
ffffffff
ffffffff
ffffffff
ffffffff
ffffffff
ffffffff
ffffffff
ffffffff
ffffffff
ffffffff
ffffffff
ffffffff
ffffffff
ffffffff
ffffffff
ffffffff
ffffffff
ffffffff
ffffffff
ffffffff
ffffffff
ffffffff
ffffffff
ffffffff
ffffffff
ffffffff
ffffffff
ffffffff
ffffffff
ffffffff
ffffffff
ffffffff
ffffffff
ffffffff
ffffffff
ffffffff
ffffffff
ffffffff
ffffffff
ffffffff
ffffffff
ffffffff
ffffffff
ffffffff
ffffffff
ffffffff
ffffffff
ffffffff
ffffffff
ffffffff
ffffffff
ffffffff
ffffffff
ffffffff
ffffffff
ffffffff
ffffffff
ffffffff
ffffffff
ffffffff
ffffffff
ffffffff
ffffffff
ffffffff
ffffffff
ffffffff
ffffffff
ffffffff
ffffffff
ffffffff
ffffffff
ffffffff
ffffffff
ffffffff
ffffffff
ffffffff
ffffffff
ffffffff
ffffffff
ffffffff
ffffffff
ffffffff
ffffffff
ffffffff
ffffffff
ffffffff
ffffffff
ffffffff
ffffffff
ffffffff
ffffffff
ffffffff
ffffffff
ffffffff
ffffffff
ffffffff
ffffffff
ffffffff
ffffffff
ffffffff
ffffffff
ffffffff
ffffffff
ffffffff
ffffffff
ffffffff
ffffffff
ffffffff
ffffffff
ffffffff
ffffffff
ffffffff
ffffffff
ffffffff
ffffffff
ffffffff
ffffffff
ffffffff
ffffffff
ffffffff
ffffffff
ffffffff
ffffffff
ffffffff
ffffffff
ffffffff
ffffffff
ffffffff
ffffffff
ffffffff
ffffffff
ffffffff
ffffffff
ffffffff
ffffffff
ffffffff
ffffffff
ffffffff
ffffffff
ffffffff
ffffffff
ffffffff
ffffffff
ffffffff
ffffffff
ffffffff
ffffffff
ffffffff
ffffffff
ffffffff
ffffffff
ffffffff
ffffffff
ffffffff
ffffffff
ffffffff
ffffffff
ffffffff
ffffffff
ffffffff
ffffffff
ffffffff
ffffffff
ffffffff
ffffffff
ffffffff
ffffffff
ffffffff
ffffffff
ffffffff
ffffffff
ffffffff
ffffffff
ffffffff
ffffffff
ffffffff
ffffffff
ffffffff
ffffffff
ffffffff
ffffffff
ffffffff
ffffffff
ffffffff
ffffffff
ffffffff
ffffffff
ffffffff
ffffffff
ffffffff
ffffffff
ffffffff
ffffffff
ffffffff
ffffffff
ffffffff
ffffffff
ffffffff
ffffffff
ffffffff
ffffffff
ffffffff
ffffffff
ffffffff
ffffffff
ffffffff
ffffffff
ffffffff
ffffffff
ffffffff
ffffffff
ffffffff
ffffffff
ffffffff
ffffffff
ffffffff
ffffffff
ffffffff
ffffffff
ffffffff
ffffffff
ffffffff
ffffffff
ffffffff
ffffffff
ffffffff
ffffffff
ffffffff
ffffffff
ffffffff
ffffffff
ffffffff
ffffffff
ffffffff
ffffffff
ffffffff
ffffffff
ffffffff
ffffffff
ffffffff
ffffffff
ffffffff
ffffffff
ffffffff
ffffffff
ffffffff
ffffffff
ffffffff
ffffffff
ffffffff
ffffffff
ffffffff
ffffffff
ffffffff
ffffffff
ffffffff
ffffffff
ffffffff
ffffffff
ffffffff
ffffffff
ffffffff
ffffffff
ffffffff
ffffffff
ffffffff
ffffffff
ffffffff
ffffffff
ffffffff
ffffffff
ffffffff
ffffffff
ffffffff
ffffffff
ffffffff
ffffffff
ffffffff
ffffffff
ffffffff
ffffffff
ffffffff
ffffffff
ffffffff
ffffffff
ffffffff
ffffffff
ffffffff
ffffffff
ffffffff
ffffffff
ffffffff
ffffffff
ffffffff
ffffffff
ffffffff
ffffffff
ffffffff
ffffffff
ffffffff
ffffffff
ffffffff
ffffffff
ffffffff
ffffffff
ffffffff
ffffffff
ffffffff
ffffffff
ffffffff
ffffffff
ffffffff
ffffffff
ffffffff
ffffffff
ffffffff
ffffffff
ffffffff
ffffffff
ffffffff
ffffffff
ffffffff
ffffffff
ffffffff
ffffffff
ffffffff
ffffffff
ffffffff
ffffffff
ffffffff
ffffffff
ffffffff
ffffffff
ffffffff
ffffffff
ffffffff
ffffffff
ffffffff
ffffffff
ffffffff
ffffffff
ffffffff
ffffffff
ffffffff
ffffffff
ffffffff
ffffffff
ffffffff
ffffffff
ffffffff
ffffffff
ffffffff
ffffffff
ffffffff
ffffffff
ffffffff
ffffffff
ffffffff
ffffffff
ffffffff
ffffffff
ffffffff
ffffffff
ffffffff
ffffffff
ffffffff
ffffffff
ffffffff
ffffffff
ffffffff
ffffffff
ffffffff
ffffffff
ffffffff
ffffffff
ffffffff
ffffffff
ffffffff
ffffffff
ffffffff
ffffffff
ffffffff
ffffffff
ffffffff
ffffffff
ffffffff
ffffffff
ffffffff
ffffffff
ffffffff
ffffffff
ffffffff
ffffffff
ffffffff
ffffffff
ffffffff
ffffffff
ffffffff
ffffffff
ffffffff
ffffffff
ffffffff
ffffffff
ffffffff
ffffffff
ffffffff
ffffffff
ffffffff
ffffffff
ffffffff
ffffffff
ffffffff
ffffffff
ffffffff
ffffffff
ffffffff
ffffffff
ffffffff
ffffffff
ffffffff
ffffffff
ffffffff
ffffffff
ffffffff
ffffffff
ffffffff
ffffffff
ffffffff
ffffffff
ffffffff
ffffffff
ffffffff
ffffffff
ffffffff
ffffffff
ffffffff
ffffffff
ffffffff
ffffffff
ffffffff
ffffffff
ffffffff
ffffffff
ffffffff
ffffffff
ffffffff
ffffffff
ffffffff
ffffffff
ffffffff
ffffffff
ffffffff
ffffffff
ffffffff
ffffffff
ffffffff
ffffffff
ffffffff
ffffffff
ffffffff
ffffffff
ffffffff
ffffffff
ffffffff
ffffffff
ffffffff
ffffffff
ffffffff
ffffffff
ffffffff
ffffffff
ffffffff
ffffffff
ffffffff
ffffffff
ffffffff
ffffffff
ffffffff
ffffffff
ffffffff
ffffffff
ffffffff
ffffffff
ffffffff
ffffffff
ffffffff
ffffffff
ffffffff
ffffffff
ffffffff
ffffffff
ffffffff
ffffffff
ffffffff
ffffffff
ffffffff
ffffffff
ffffffff
ffffffff
ffffffff
ffffffff
ffffffff
ffffffff
ffffffff
ffffffff
ffffffff
ffffffff
ffffffff
ffffffff
ffffffff
ffffffff
ffffffff
ffffffff
ffffffff
ffffffff
ffffffff
ffffffff
ffffffff
ffffffff
ffffffff
ffffffff
ffffffff
ffffffff
ffffffff
ffffffff
ffffffff
ffffffff
ffffffff
ffffffff
ffffffff
ffffffff
ffffffff
ffffffff
ffffffff
ffffffff
ffffffff
ffffffff
ffffffff
ffffffff
ffffffff
ffffffff
ffffffff
ffffffff
ffffffff
ffffffff
ffffffff
ffffffff
ffffffff
ffffffff
ffffffff
ffffffff
ffffffff
ffffffff
ffffffff
ffffffff
ffffffff
ffffffff
ffffffff
ffffffff
ffffffff
ffffffff
ffffffff
ffffffff
ffffffff
ffffffff
ffffffff
ffffffff
ffffffff
ffffffff
ffffffff
ffffffff
ffffffff
ffffffff
ffffffff
ffffffff
ffffffff
ffffffff
ffffffff
ffffffff
ffffffff
ffffffff
ffffffff
ffffffff
ffffffff
ffffffff
ffffffff
ffffffff
ffffffff
ffffffff
ffffffff
ffffffff
ffffffff
ffffffff
ffffffff
ffffffff
ffffffff
ffffffff
ffffffff
ffffffff
ffffffff
ffffffff
ffffffff
ffffffff
ffffffff
ffffffff
ffffffff
ffffffff
ffffffff
ffffffff
ffffffff
ffffffff
ffffffff
ffffffff
ffffffff
ffffffff
ffffffff
ffffffff
ffffffff
ffffffff
ffffffff
ffffffff
ffffffff
ffffffff
ffffffff
ffffffff
ffffffff
ffffffff
ffffffff
ffffffff
ffffffff
ffffffff
ffffffff
ffffffff
ffffffff
ffffffff
ffffffff
ffffffff
ffffffff
ffffffff
ffffffff
ffffffff
ffffffff
ffffffff
ffffffff
ffffffff
ffffffff
ffffffff
ffffffff
ffffffff
ffffffff
ffffffff
ffffffff
ffffffff
ffffffff
ffffffff
ffffffff
ffffffff
ffffffff
ffffffff
ffffffff
ffffffff
ffffffff
ffffffff
ffffffff
ffffffff
ffffffff
ffffffff
ffffffff
ffffffff
ffffffff
ffffffff
ffffffff
ffffffff
ffffffff
ffffffff
ffffffff
ffffffff
ffffffff
ffffffff
ffffffff
ffffffff
ffffffff
ffffffff
ffffffff
ffffffff
ffffffff
ffffffff
ffffffff
ffffffff
ffffffff
ffffffff
ffffffff
ffffffff
ffffffff
ffffffff
ffffffff
ffffffff
ffffffff
ffffffff
ffffffff
ffffffff
ffffffff
ffffffff
ffffffff
ffffffff
ffffffff
ffffffff
ffffffff
ffffffff
ffffffff
ffffffff
ffffffff
ffffffff
ffffffff
ffffffff
ffffffff
ffffffff
ffffffff
ffffffff
ffffffff
ffffffff
ffffffff
ffffffff
ffffffff
ffffffff
ffffffff
ffffffff
ffffffff
ffffffff
ffffffff
ffffffff
ffffffff
ffffffff
ffffffff
ffffffff
ffffffff
ffffffff
ffffffff
ffffffff
ffffffff
ffffffff
ffffffff
ffffffff
ffffffff
ffffffff
ffffffff
ffffffff
ffffffff
ffffffff
ffffffff
ffffffff
ffffffff
ffffffff
ffffffff
ffffffff
ffffffff
ffffffff
ffffffff
ffffffff
ffffffff
ffffffff
ffffffff
ffffffff
ffffffff
ffffffff
ffffffff
ffffffff
ffffffff
ffffffff
ffffffff
ffffffff
ffffffff
ffffffff
ffffffff
ffffffff
ffffffff
ffffffff
ffffffff
ffffffff
ffffffff
ffffffff
ffffffff
ffffffff
ffffffff
ffffffff
ffffffff
ffffffff
ffffffff
ffffffff
ffffffff
ffffffff
ffffffff
ffffffff
ffffffff
ffffffff
ffffffff
ffffffff
ffffffff
ffffffff
ffffffff
ffffffff
ffffffff
ffffffff
ffffffff
ffffffff
ffffffff
ffffffff
ffffffff
ffffffff
ffffffff
ffffffff
ffffffff
ffffffff
ffffffff
ffffffff
ffffffff
ffffffff
ffffffff
ffffffff
ffffffff
ffffffff
ffffffff
ffffffff
ffffffff
ffffffff
ffffffff
ffffffff
ffffffff
ffffffff
ffffffff
ffffffff
ffffffff
ffffffff
ffffffff
ffffffff
ffffffff
ffffffff
ffffffff
ffffffff
ffffffff
ffffffff
ffffffff
ffffffff
ffffffff
ffffffff
ffffffff
ffffffff
ffffffff
ffffffff
ffffffff
ffffffff
ffffffff
ffffffff
ffffffff
ffffffff
ffffffff
ffffffff
ffffffff
ffffffff
ffffffff
ffffffff
ffffffff
ffffffff
ffffffff
ffffffff
ffffffff
ffffffff
ffffffff
ffffffff
ffffffff
ffffffff
ffffffff
ffffffff
ffffffff
ffffffff
ffffffff
ffffffff
ffffffff
ffffffff
ffffffff
ffffffff
ffffffff
ffffffff
ffffffff
ffffffff
ffffffff
ffffffff
ffffffff
ffffffff
ffffffff
ffffffff
ffffffff
ffffffff
ffffffff
ffffffff
ffffffff
ffffffff
ffffffff
ffffffff
ffffffff
ffffffff
ffffffff
ffffffff
ffffffff
ffffffff
ffffffff
ffffffff
ffffffff
ffffffff
ffffffff
ffffffff
ffffffff
ffffffff
ffffffff
ffffffff
ffffffff
ffffffff
ffffffff
ffffffff
ffffffff
ffffffff
ffffffff
ffffffff
ffffffff
ffffffff
ffffffff
ffffffff
ffffffff
ffffffff
ffffffff
ffffffff
ffffffff
ffffffff
ffffffff
ffffffff
ffffffff
ffffffff
ffffffff
ffffffff
ffffffff
ffffffff
ffffffff
ffffffff
ffffffff
ffffffff
ffffffff
ffffffff
ffffffff
ffffffff
ffffffff
ffffffff
ffffffff
ffffffff
ffffffff
ffffffff
ffffffff
ffffffff
ffffffff
ffffffff
ffffffff
ffffffff
ffffffff
ffffffff
ffffffff
ffffffff
ffffffff
ffffffff
ffffffff
ffffffff
ffffffff
ffffffff
ffffffff
ffffffff
ffffffff
ffffffff
ffffffff
ffffffff
ffffffff
ffffffff
ffffffff
ffffffff
ffffffff
ffffffff
ffffffff
ffffffff
ffffffff
ffffffff
ffffffff
ffffffff
ffffffff
ffffffff
ffffffff
ffffffff
ffffffff
ffffffff
ffffffff
ffffffff
ffffffff
ffffffff
ffffffff
ffffffff
ffffffff
ffffffff
ffffffff
ffffffff
ffffffff
ffffffff
ffffffff
ffffffff
ffffffff
ffffffff
ffffffff
ffffffff
ffffffff
ffffffff
ffffffff
ffffffff
ffffffff
ffffffff
ffffffff
ffffffff
ffffffff
ffffffff
ffffffff
ffffffff
ffffffff
ffffffff
ffffffff
ffffffff
ffffffff
ffffffff
ffffffff
ffffffff
ffffffff
ffffffff
ffffffff
ffffffff
ffffffff
ffffffff
ffffffff
ffffffff
ffffffff
ffffffff
ffffffff
ffffffff
ffffffff
ffffffff
ffffffff
ffffffff
ffffffff
ffffffff
ffffffff
ffffffff
ffffffff
ffffffff
ffffffff
ffffffff
ffffffff
ffffffff
ffffffff
ffffffff
ffffffff
ffffffff
ffffffff
ffffffff
ffffffff
ffffffff
ffffffff
ffffffff
ffffffff
ffffffff
ffffffff
ffffffff
ffffffff
ffffffff
ffffffff
ffffffff
ffffffff
ffffffff
ffffffff
ffffffff
ffffffff
ffffffff
ffffffff
ffffffff
ffffffff
ffffffff
ffffffff
ffffffff
ffffffff
ffffffff
ffffffff
ffffffff
ffffffff
ffffffff
ffffffff
ffffffff
ffffffff
ffffffff
ffffffff
ffffffff
ffffffff
ffffffff
ffffffff
ffffffff
ffffffff
ffffffff
ffffffff
ffffffff
ffffffff
ffffffff
ffffffff
ffffffff
ffffffff
ffffffff
ffffffff
ffffffff
ffffffff
ffffffff
ffffffff
ffffffff
ffffffff
ffffffff
ffffffff
ffffffff
ffffffff
ffffffff
ffffffff
ffffffff
ffffffff
ffffffff
ffffffff
ffffffff
ffffffff
ffffffff
ffffffff
ffffffff
ffffffff
ffffffff
ffffffff
ffffffff
ffffffff
ffffffff
ffffffff
ffffffff
ffffffff
ffffffff
ffffffff
ffffffff
ffffffff
ffffffff
ffffffff
ffffffff
ffffffff
ffffffff
ffffffff
ffffffff
ffffffff
ffffffff
ffffffff
ffffffff
ffffffff
ffffffff
ffffffff
ffffffff
ffffffff
ffffffff
ffffffff
ffffffff
ffffffff
ffffffff
ffffffff
ffffffff
ffffffff
ffffffff
ffffffff
ffffffff
ffffffff
ffffffff
ffffffff
ffffffff
ffffffff
ffffffff
ffffffff
ffffffff
ffffffff
ffffffff
ffffffff
ffffffff
ffffffff
ffffffff
ffffffff
ffffffff
ffffffff
ffffffff
ffffffff
ffffffff
ffffffff
ffffffff
ffffffff
ffffffff
ffffffff
ffffffff
ffffffff
ffffffff
ffffffff
ffffffff
ffffffff
ffffffff
ffffffff
ffffffff
ffffffff
ffffffff
ffffffff
ffffffff
ffffffff
ffffffff
ffffffff
ffffffff
ffffffff
ffffffff
ffffffff
ffffffff
ffffffff
ffffffff
ffffffff
ffffffff
ffffffff
ffffffff
ffffffff
ffffffff
ffffffff
ffffffff
ffffffff
ffffffff
ffffffff
ffffffff
ffffffff
ffffffff
ffffffff
ffffffff
ffffffff
ffffffff
ffffffff
ffffffff
ffffffff
ffffffff
ffffffff
ffffffff
ffffffff
ffffffff
ffffffff
ffffffff
ffffffff
ffffffff
ffffffff
ffffffff
ffffffff
ffffffff
ffffffff
ffffffff
ffffffff
ffffffff
ffffffff
ffffffff
ffffffff
ffffffff
ffffffff
ffffffff
ffffffff
ffffffff
ffffffff
ffffffff
ffffffff
ffffffff
ffffffff
ffffffff
ffffffff
ffffffff
ffffffff
ffffffff
ffffffff
ffffffff
ffffffff
ffffffff
ffffffff
ffffffff
ffffffff
ffffffff
ffffffff
ffffffff
ffffffff
ffffffff
ffffffff
ffffffff
ffffffff
ffffffff
ffffffff
ffffffff
ffffffff
ffffffff
ffffffff
ffffffff
ffffffff
ffffffff
ffffffff
ffffffff
ffffffff
ffffffff
ffffffff
ffffffff
ffffffff
ffffffff
ffffffff
ffffffff
ffffffff
ffffffff
ffffffff
ffffffff
ffffffff
ffffffff
ffffffff
ffffffff
ffffffff
ffffffff
ffffffff
ffffffff
ffffffff
ffffffff
ffffffff
ffffffff
ffffffff
ffffffff
ffffffff
ffffffff
ffffffff
ffffffff
ffffffff
ffffffff
ffffffff
ffffffff
ffffffff
ffffffff
ffffffff
ffffffff
ffffffff
ffffffff
ffffffff
ffffffff
ffffffff
ffffffff
ffffffff
ffffffff
ffffffff
ffffffff
ffffffff
ffffffff
ffffffff
ffffffff
ffffffff
ffffffff
ffffffff
ffffffff
ffffffff
ffffffff
ffffffff
ffffffff
ffffffff
ffffffff
ffffffff
ffffffff
ffffffff
ffffffff
ffffffff
ffffffff
ffffffff
ffffffff
ffffffff
ffffffff
ffffffff
ffffffff
ffffffff
ffffffff
ffffffff
ffffffff
ffffffff
ffffffff
ffffffff
ffffffff
ffffffff
ffffffff
ffffffff
ffffffff
ffffffff
ffffffff
ffffffff
ffffffff
ffffffff
ffffffff
ffffffff
ffffffff
ffffffff
ffffffff
ffffffff
ffffffff
ffffffff
ffffffff
ffffffff
ffffffff
ffffffff
ffffffff
ffffffff
ffffffff
ffffffff
ffffffff
ffffffff
ffffffff
ffffffff
ffffffff
ffffffff
ffffffff
ffffffff
ffffffff
ffffffff
ffffffff
ffffffff
ffffffff
ffffffff
ffffffff
ffffffff
ffffffff
ffffffff
ffffffff
ffffffff
ffffffff
ffffffff
ffffffff
ffffffff
ffffffff
ffffffff
ffffffff
ffffffff
ffffffff
ffffffff
ffffffff
ffffffff
ffffffff
ffffffff
ffffffff
ffffffff
ffffffff
ffffffff
ffffffff
ffffffff
ffffffff
ffffffff
ffffffff
ffffffff
ffffffff
ffffffff
ffffffff
ffffffff
ffffffff
ffffffff
ffffffff
ffffffff
ffffffff
ffffffff
ffffffff
ffffffff
ffffffff
ffffffff
ffffffff
ffffffff
ffffffff
ffffffff
ffffffff
ffffffff
ffffffff
ffffffff
ffffffff
ffffffff
ffffffff
ffffffff
ffffffff
ffffffff
ffffffff
ffffffff
ffffffff
ffffffff
ffffffff
ffffffff
ffffffff
ffffffff
ffffffff
ffffffff
ffffffff
ffffffff
ffffffff
ffffffff
ffffffff
ffffffff
ffffffff
ffffffff
ffffffff
ffffffff
ffffffff
ffffffff
ffffffff
ffffffff
ffffffff
ffffffff
ffffffff
ffffffff
ffffffff
ffffffff
ffffffff
ffffffff
ffffffff
ffffffff
ffffffff
ffffffff
ffffffff
ffffffff
ffffffff
ffffffff
ffffffff
ffffffff
ffffffff
ffffffff
ffffffff
ffffffff
ffffffff
ffffffff
ffffffff
ffffffff
ffffffff
ffffffff
ffffffff
ffffffff
ffffffff
ffffffff
ffffffff
ffffffff
ffffffff
ffffffff
ffffffff
ffffffff
ffffffff
ffffffff
ffffffff
ffffffff
ffffffff
ffffffff
ffffffff
ffffffff
ffffffff
ffffffff
ffffffff
ffffffff
ffffffff
ffffffff
ffffffff
ffffffff
ffffffff
ffffffff
ffffffff
ffffffff
ffffffff
ffffffff
ffffffff
ffffffff
ffffffff
ffffffff
ffffffff
ffffffff
ffffffff
ffffffff
ffffffff
ffffffff
ffffffff
ffffffff
ffffffff
ffffffff
ffffffff
ffffffff
ffffffff
ffffffff
ffffffff
ffffffff
ffffffff
ffffffff
ffffffff
ffffffff
ffffffff
ffffffff
ffffffff
ffffffff
ffffffff
ffffffff
ffffffff
ffffffff
ffffffff
ffffffff
ffffffff
ffffffff
ffffffff
ffffffff
ffffffff
ffffffff
ffffffff
ffffffff
ffffffff
ffffffff
ffffffff
ffffffff
ffffffff
ffffffff
ffffffff
ffffffff
ffffffff
ffffffff
ffffffff
ffffffff
ffffffff
ffffffff
ffffffff
ffffffff
ffffffff
ffffffff
ffffffff
ffffffff
ffffffff
ffffffff
ffffffff
ffffffff
ffffffff
ffffffff
ffffffff
ffffffff
ffffffff
ffffffff
ffffffff
ffffffff
ffffffff
ffffffff
ffffffff
ffffffff
ffffffff
ffffffff
ffffffff
ffffffff
ffffffff
ffffffff
ffffffff
ffffffff
ffffffff
ffffffff
ffffffff
ffffffff
ffffffff
ffffffff
ffffffff
ffffffff
ffffffff
ffffffff
ffffffff
ffffffff
ffffffff
ffffffff
ffffffff
ffffffff
ffffffff
ffffffff
ffffffff
ffffffff
ffffffff
ffffffff
ffffffff
ffffffff
ffffffff
ffffffff
ffffffff
ffffffff
ffffffff
ffffffff
ffffffff
ffffffff
ffffffff
ffffffff
ffffffff
ffffffff
ffffffff
ffffffff
ffffffff
ffffffff
ffffffff
ffffffff
ffffffff
ffffffff
ffffffff
ffffffff
ffffffff
ffffffff
ffffffff
ffffffff
ffffffff
ffffffff
ffffffff
ffffffff
ffffffff
ffffffff
ffffffff
ffffffff
ffffffff
ffffffff
ffffffff
ffffffff
ffffffff
ffffffff
ffffffff
ffffffff
ffffffff
ffffffff
ffffffff
ffffffff
ffffffff
ffffffff
ffffffff
ffffffff
ffffffff
ffffffff
ffffffff
ffffffff
ffffffff
ffffffff
ffffffff
ffffffff
ffffffff
ffffffff
ffffffff
ffffffff
ffffffff
ffffffff
ffffffff
ffffffff
ffffffff
ffffffff
ffffffff
ffffffff
ffffffff
ffffffff
ffffffff
ffffffff
ffffffff
ffffffff
ffffffff
ffffffff
ffffffff
ffffffff
ffffffff
ffffffff
ffffffff
ffffffff
ffffffff
ffffffff
ffffffff
ffffffff
ffffffff
ffffffff
ffffffff
ffffffff
ffffffff
ffffffff
ffffffff
ffffffff
ffffffff
ffffffff
ffffffff
ffffffff
ffffffff
ffffffff
ffffffff
ffffffff
ffffffff
ffffffff
ffffffff
ffffffff
ffffffff
ffffffff
ffffffff
ffffffff
ffffffff
ffffffff
ffffffff
ffffffff
ffffffff
ffffffff
ffffffff
ffffffff
ffffffff
ffffffff
ffffffff
ffffffff
ffffffff
ffffffff
ffffffff
ffffffff
ffffffff
ffffffff
ffffffff
ffffffff
ffffffff
ffffffff
ffffffff
ffffffff
ffffffff
ffffffff
ffffffff
ffffffff
ffffffff
ffffffff
ffffffff
ffffffff
ffffffff
ffffffff
ffffffff
ffffffff
ffffffff
ffffffff
ffffffff
ffffffff
ffffffff
ffffffff
ffffffff
ffffffff
ffffffff
ffffffff
ffffffff
ffffffff
ffffffff
ffffffff
ffffffff
ffffffff
ffffffff
ffffffff
ffffffff
ffffffff
ffffffff
ffffffff
ffffffff
ffffffff
ffffffff
ffffffff
ffffffff
ffffffff
ffffffff
ffffffff
ffffffff
ffffffff
ffffffff
ffffffff
ffffffff
ffffffff
ffffffff
ffffffff
ffffffff
ffffffff
ffffffff
ffffffff
ffffffff
ffffffff
ffffffff
ffffffff
ffffffff
ffffffff
ffffffff
ffffffff
ffffffff
ffffffff
ffffffff
ffffffff
ffffffff
ffffffff
ffffffff
ffffffff
ffffffff
ffffffff
ffffffff
ffffffff
ffffffff
ffffffff
ffffffff
ffffffff
ffffffff
ffffffff
ffffffff
ffffffff
ffffffff
ffffffff
ffffffff
ffffffff
ffffffff
ffffffff
ffffffff
ffffffff
ffffffff
ffffffff
ffffffff
ffffffff
ffffffff
ffffffff
ffffffff
ffffffff
ffffffff
ffffffff
ffffffff
ffffffff
ffffffff
ffffffff
ffffffff
ffffffff
ffffffff
ffffffff
ffffffff
ffffffff
ffffffff
ffffffff
ffffffff
ffffffff
ffffffff
ffffffff
ffffffff
ffffffff
ffffffff
ffffffff
ffffffff
ffffffff
ffffffff
ffffffff
ffffffff
ffffffff
ffffffff
ffffffff
ffffffff
ffffffff
ffffffff
ffffffff
ffffffff
ffffffff
ffffffff
ffffffff
ffffffff
ffffffff
ffffffff
ffffffff
ffffffff
ffffffff
ffffffff
ffffffff
ffffffff
ffffffff
ffffffff
ffffffff
ffffffff
ffffffff
ffffffff
ffffffff
ffffffff
ffffffff
ffffffff
ffffffff
ffffffff
ffffffff
ffffffff
ffffffff
ffffffff
ffffffff
ffffffff
ffffffff
ffffffff
ffffffff
ffffffff
ffffffff
ffffffff
ffffffff
ffffffff
ffffffff
ffffffff
ffffffff
ffffffff
ffffffff
ffffffff
ffffffff
ffffffff
ffffffff
ffffffff
ffffffff
ffffffff
ffffffff
ffffffff
ffffffff
ffffffff
ffffffff
ffffffff
ffffffff
ffffffff
ffffffff
ffffffff
ffffffff
ffffffff
ffffffff
ffffffff
ffffffff
ffffffff
ffffffff
ffffffff
ffffffff
ffffffff
ffffffff
ffffffff
ffffffff
ffffffff
ffffffff
ffffffff
ffffffff
ffffffff
ffffffff
ffffffff
ffffffff
ffffffff
ffffffff
ffffffff
ffffffff
ffffffff
ffffffff
ffffffff
ffffffff
ffffffff
ffffffff
ffffffff
ffffffff
ffffffff
ffffffff
ffffffff
ffffffff
ffffffff
ffffffff
ffffffff
ffffffff
ffffffff
ffffffff
ffffffff
ffffffff
ffffffff
ffffffff
ffffffff
ffffffff
ffffffff
ffffffff
ffffffff
ffffffff
ffffffff
ffffffff
ffffffff
ffffffff
ffffffff
ffffffff
ffffffff
ffffffff
ffffffff
ffffffff
ffffffff
ffffffff
ffffffff
ffffffff
ffffffff
ffffffff
ffffffff
ffffffff
ffffffff
ffffffff
ffffffff
ffffffff
ffffffff
ffffffff
ffffffff
ffffffff
ffffffff
ffffffff
ffffffff
ffffffff
ffffffff
ffffffff
ffffffff
ffffffff
ffffffff
ffffffff
ffffffff
ffffffff
ffffffff
ffffffff
ffffffff
ffffffff
ffffffff
ffffffff
ffffffff
ffffffff
ffffffff
ffffffff
ffffffff
ffffffff
ffffffff
ffffffff
ffffffff
ffffffff
ffffffff
ffffffff
ffffffff
ffffffff
ffffffff
ffffffff
ffffffff
ffffffff
ffffffff
ffffffff
ffffffff
ffffffff
ffffffff
ffffffff
ffffffff
ffffffff
ffffffff
ffffffff
ffffffff
ffffffff
ffffffff
ffffffff
ffffffff
ffffffff
ffffffff
ffffffff
ffffffff
ffffffff
ffffffff
ffffffff
ffffffff
ffffffff
ffffffff
ffffffff
ffffffff
ffffffff
ffffffff
ffffffff
ffffffff
ffffffff
ffffffff
ffffffff
ffffffff
ffffffff
ffffffff
ffffffff
ffffffff
ffffffff
ffffffff
ffffffff
ffffffff
ffffffff
ffffffff
ffffffff
ffffffff
ffffffff
ffffffff
ffffffff
ffffffff
ffffffff
ffffffff
ffffffff
ffffffff
ffffffff
ffffffff
ffffffff
ffffffff
ffffffff
ffffffff
ffffffff
ffffffff
ffffffff
ffffffff
ffffffff
ffffffff
ffffffff
ffffffff
ffffffff
ffffffff
ffffffff
ffffffff
ffffffff
ffffffff
ffffffff
ffffffff
ffffffff
ffffffff
ffffffff
ffffffff
ffffffff
ffffffff
ffffffff
ffffffff
ffffffff
ffffffff
ffffffff
ffffffff
ffffffff
ffffffff
ffffffff
ffffffff
ffffffff
ffffffff
ffffffff
ffffffff
ffffffff
ffffffff
ffffffff
ffffffff
ffffffff
ffffffff
ffffffff
ffffffff
ffffffff
ffffffff
ffffffff
ffffffff
ffffffff
ffffffff
ffffffff
ffffffff
ffffffff
ffffffff
ffffffff
ffffffff
ffffffff
ffffffff
ffffffff
ffffffff
ffffffff
ffffffff
ffffffff
ffffffff
ffffffff
ffffffff
ffffffff
ffffffff
ffffffff
ffffffff
ffffffff
ffffffff
ffffffff
ffffffff
ffffffff
ffffffff
ffffffff
ffffffff
ffffffff
ffffffff
ffffffff
ffffffff
ffffffff
ffffffff
ffffffff
ffffffff
ffffffff
ffffffff
ffffffff
ffffffff
ffffffff
ffffffff
ffffffff
ffffffff
ffffffff
ffffffff
ffffffff
ffffffff
ffffffff
ffffffff
ffffffff
ffffffff
ffffffff
ffffffff
ffffffff
ffffffff
ffffffff
ffffffff
ffffffff
ffffffff
ffffffff
ffffffff
ffffffff
ffffffff
ffffffff
ffffffff
ffffffff
ffffffff
ffffffff
ffffffff
ffffffff
ffffffff
ffffffff
ffffffff
ffffffff
ffffffff
ffffffff
ffffffff
ffffffff
ffffffff
ffffffff
ffffffff
ffffffff
ffffffff
ffffffff
ffffffff
ffffffff
ffffffff
ffffffff
ffffffff
ffffffff
ffffffff
ffffffff
ffffffff
ffffffff
ffffffff
ffffffff
ffffffff
ffffffff
ffffffff
ffffffff
ffffffff
ffffffff
ffffffff
ffffffff
ffffffff
ffffffff
ffffffff
ffffffff
ffffffff
ffffffff
ffffffff
ffffffff
ffffffff
ffffffff
ffffffff
ffffffff
ffffffff
ffffffff
ffffffff
ffffffff
ffffffff
ffffffff
ffffffff
ffffffff
ffffffff
ffffffff
ffffffff
ffffffff
ffffffff
ffffffff
ffffffff
ffffffff
ffffffff
ffffffff
ffffffff
ffffffff
ffffffff
ffffffff
ffffffff
ffffffff
ffffffff
ffffffff
ffffffff
ffffffff
ffffffff
ffffffff
ffffffff
ffffffff
ffffffff
ffffffff
ffffffff
ffffffff
ffffffff
ffffffff
ffffffff
ffffffff
ffffffff
ffffffff
ffffffff
ffffffff
ffffffff
ffffffff
ffffffff
ffffffff
ffffffff
ffffffff
ffffffff
ffffffff
ffffffff
ffffffff
ffffffff
ffffffff
ffffffff
ffffffff
ffffffff
ffffffff
ffffffff
ffffffff
ffffffff
ffffffff
ffffffff
ffffffff
ffffffff
ffffffff
ffffffff
ffffffff
ffffffff
ffffffff
ffffffff
ffffffff
ffffffff
ffffffff
ffffffff
ffffffff
ffffffff
ffffffff
ffffffff
ffffffff
ffffffff
ffffffff
ffffffff
ffffffff
ffffffff
ffffffff
ffffffff
ffffffff
ffffffff
ffffffff
ffffffff
ffffffff
ffffffff
ffffffff
ffffffff
ffffffff
ffffffff
ffffffff
ffffffff
ffffffff
ffffffff
ffffffff
ffffffff
ffffffff
ffffffff
ffffffff
ffffffff
ffffffff
ffffffff
ffffffff
ffffffff
ffffffff
ffffffff
ffffffff
ffffffff
ffffffff
ffffffff
ffffffff
ffffffff
ffffffff
ffffffff
ffffffff
ffffffff
ffffffff
ffffffff
ffffffff
ffffffff
ffffffff
ffffffff
ffffffff
ffffffff
ffffffff
ffffffff
ffffffff
ffffffff
ffffffff
ffffffff
ffffffff
ffffffff
ffffffff
ffffffff
ffffffff
ffffffff
ffffffff
ffffffff
ffffffff
ffffffff
ffffffff
ffffffff
ffffffff
ffffffff
ffffffff
ffffffff
ffffffff
ffffffff
ffffffff
ffffffff
ffffffff
ffffffff
ffffffff
ffffffff
ffffffff
ffffffff
ffffffff
ffffffff
ffffffff
ffffffff
ffffffff
ffffffff
ffffffff
ffffffff
ffffffff
ffffffff
ffffffff
ffffffff
ffffffff
ffffffff
ffffffff
ffffffff
ffffffff
ffffffff
ffffffff
ffffffff
ffffffff
ffffffff
ffffffff
ffffffff
ffffffff
ffffffff
ffffffff
ffffffff
ffffffff
ffffffff
ffffffff
ffffffff
ffffffff
ffffffff
ffffffff
ffffffff
ffffffff
ffffffff
ffffffff
ffffffff
ffffffff
ffffffff
ffffffff
ffffffff
ffffffff
ffffffff
ffffffff
ffffffff
ffffffff
ffffffff
ffffffff
ffffffff
ffffffff
ffffffff
ffffffff
ffffffff
ffffffff
ffffffff
ffffffff
ffffffff
ffffffff
ffffffff
ffffffff
ffffffff
ffffffff
ffffffff
ffffffff
ffffffff
ffffffff
ffffffff
ffffffff
ffffffff
ffffffff
ffffffff
ffffffff
ffffffff
ffffffff
ffffffff
ffffffff
ffffffff
ffffffff
ffffffff
ffffffff
ffffffff
ffffffff
ffffffff
ffffffff
ffffffff
ffffffff
ffffffff
ffffffff
ffffffff
ffffffff
ffffffff
ffffffff
ffffffff
ffffffff
ffffffff
ffffffff
ffffffff
ffffffff
ffffffff
ffffffff
ffffffff
ffffffff
ffffffff
ffffffff
ffffffff
ffffffff
ffffffff
ffffffff
ffffffff
ffffffff
ffffffff
ffffffff
ffffffff
ffffffff
ffffffff
ffffffff
ffffffff
ffffffff
ffffffff
ffffffff
ffffffff
ffffffff
ffffffff
ffffffff
ffffffff
ffffffff
ffffffff
ffffffff
ffffffff
ffffffff
ffffffff
ffffffff
ffffffff
ffffffff
ffffffff
ffffffff
ffffffff
ffffffff
ffffffff
ffffffff
ffffffff
ffffffff
ffffffff
ffffffff
ffffffff
ffffffff
ffffffff
ffffffff
ffffffff
ffffffff
ffffffff
ffffffff
ffffffff
ffffffff
ffffffff
ffffffff
ffffffff
ffffffff
ffffffff
ffffffff
ffffffff
ffffffff
ffffffff
ffffffff
ffffffff
ffffffff
ffffffff
ffffffff
ffffffff
ffffffff
ffffffff
ffffffff
ffffffff
ffffffff
ffffffff
ffffffff
ffffffff
ffffffff
ffffffff
ffffffff
ffffffff
ffffffff
ffffffff
ffffffff
ffffffff
ffffffff
ffffffff
ffffffff
ffffffff
ffffffff
ffffffff
ffffffff
ffffffff
ffffffff
ffffffff
ffffffff
ffffffff
ffffffff
ffffffff
ffffffff
ffffffff
ffffffff
ffffffff
ffffffff
ffffffff
ffffffff
ffffffff
ffffffff
ffffffff
ffffffff
ffffffff
ffffffff
ffffffff
ffffffff
ffffffff
ffffffff
ffffffff
ffffffff
ffffffff
ffffffff
ffffffff
ffffffff
ffffffff
ffffffff
ffffffff
ffffffff
ffffffff
ffffffff
ffffffff
ffffffff
ffffffff
ffffffff
ffffffff
ffffffff
ffffffff
ffffffff
ffffffff
ffffffff
ffffffff
ffffffff
ffffffff
ffffffff
ffffffff
ffffffff
ffffffff
ffffffff
ffffffff
ffffffff
ffffffff
ffffffff
ffffffff
ffffffff
ffffffff
ffffffff
ffffffff
ffffffff
ffffffff
ffffffff
ffffffff
ffffffff
ffffffff
ffffffff
ffffffff
ffffffff
ffffffff
ffffffff
ffffffff
ffffffff
ffffffff
ffffffff
ffffffff
ffffffff
ffffffff
ffffffff
ffffffff
ffffffff
ffffffff
ffffffff
ffffffff
ffffffff
ffffffff
ffffffff
ffffffff
ffffffff
ffffffff
ffffffff
ffffffff
ffffffff
ffffffff
ffffffff
ffffffff
ffffffff
ffffffff
ffffffff
ffffffff
ffffffff
ffffffff
ffffffff
ffffffff
ffffffff
ffffffff
ffffffff
ffffffff
ffffffff
ffffffff
ffffffff
ffffffff
ffffffff
ffffffff
ffffffff
ffffffff
ffffffff
ffffffff
ffffffff
ffffffff
ffffffff
ffffffff
ffffffff
ffffffff
ffffffff
ffffffff
ffffffff
ffffffff
ffffffff
ffffffff
ffffffff
ffffffff
ffffffff
ffffffff
ffffffff
ffffffff
ffffffff
ffffffff
ffffffff
ffffffff
ffffffff
ffffffff
ffffffff
ffffffff
ffffffff
ffffffff
ffffffff
ffffffff
ffffffff
ffffffff
ffffffff
ffffffff
ffffffff
ffffffff
ffffffff
ffffffff
ffffffff
ffffffff
ffffffff
ffffffff
ffffffff
ffffffff
ffffffff
ffffffff
ffffffff
ffffffff
ffffffff
ffffffff
ffffffff
ffffffff
ffffffff
ffffffff
ffffffff
ffffffff
ffffffff
ffffffff
ffffffff
ffffffff
ffffffff
ffffffff
ffffffff
ffffffff
ffffffff
ffffffff
ffffffff
ffffffff
ffffffff
ffffffff
ffffffff
ffffffff
ffffffff
ffffffff
ffffffff
ffffffff
ffffffff
ffffffff
ffffffff
ffffffff
ffffffff
ffffffff
ffffffff
ffffffff
ffffffff
ffffffff
ffffffff
ffffffff
ffffffff
ffffffff
ffffffff
ffffffff
ffffffff
ffffffff
ffffffff
ffffffff
ffffffff
ffffffff
ffffffff
ffffffff
ffffffff
ffffffff
ffffffff
ffffffff
ffffffff
ffffffff
ffffffff
ffffffff
ffffffff
ffffffff
ffffffff
ffffffff
ffffffff
ffffffff
ffffffff
ffffffff
ffffffff
ffffffff
ffffffff
ffffffff
ffffffff
ffffffff
ffffffff
ffffffff
ffffffff
ffffffff
ffffffff
ffffffff
ffffffff
ffffffff
ffffffff
ffffffff
ffffffff
ffffffff
ffffffff
ffffffff
ffffffff
ffffffff
ffffffff
ffffffff
ffffffff
ffffffff
ffffffff
ffffffff
ffffffff
ffffffff
ffffffff
ffffffff
ffffffff
ffffffff
ffffffff
ffffffff
ffffffff
ffffffff
ffffffff
ffffffff
ffffffff
ffffffff
ffffffff
ffffffff
ffffffff
ffffffff
ffffffff
ffffffff
ffffffff
ffffffff
ffffffff
ffffffff
ffffffff
ffffffff
ffffffff
ffffffff
ffffffff
ffffffff
ffffffff
ffffffff
ffffffff
ffffffff
ffffffff
ffffffff
ffffffff
ffffffff
ffffffff
ffffffff
ffffffff
ffffffff
ffffffff
ffffffff
ffffffff
ffffffff
ffffffff
ffffffff
ffffffff
ffffffff
ffffffff
ffffffff
ffffffff
ffffffff
ffffffff
ffffffff
ffffffff
ffffffff
ffffffff
ffffffff
ffffffff
ffffffff
ffffffff
ffffffff
ffffffff
ffffffff
ffffffff
ffffffff
ffffffff
ffffffff
ffffffff
ffffffff
ffffffff
ffffffff
ffffffff
ffffffff
ffffffff
ffffffff
ffffffff
ffffffff
ffffffff
ffffffff
ffffffff
ffffffff
ffffffff
ffffffff
ffffffff
ffffffff
ffffffff
ffffffff
ffffffff
ffffffff
ffffffff
ffffffff
ffffffff
ffffffff
ffffffff
ffffffff
ffffffff
ffffffff
ffffffff
ffffffff
ffffffff
ffffffff
ffffffff
ffffffff
ffffffff
ffffffff
ffffffff
ffffffff
ffffffff
ffffffff
ffffffff
ffffffff
ffffffff
ffffffff
ffffffff
ffffffff
ffffffff
ffffffff
ffffffff
ffffffff
ffffffff
ffffffff
ffffffff
ffffffff
ffffffff
ffffffff
ffffffff
ffffffff
ffffffff
ffffffff
ffffffff
ffffffff
ffffffff
ffffffff
ffffffff
ffffffff
ffffffff
ffffffff
ffffffff
ffffffff
ffffffff
ffffffff
ffffffff
ffffffff
ffffffff
ffffffff
ffffffff
ffffffff
ffffffff
ffffffff
ffffffff
ffffffff
ffffffff
ffffffff
ffffffff
ffffffff
ffffffff
ffffffff
ffffffff
ffffffff
ffffffff
ffffffff
ffffffff
ffffffff
ffffffff
ffffffff
ffffffff
ffffffff
ffffffff
ffffffff
ffffffff
ffffffff
ffffffff
ffffffff
ffffffff
ffffffff
ffffffff
ffffffff
ffffffff
ffffffff
ffffffff
ffffffff
ffffffff
ffffffff
ffffffff
ffffffff
ffffffff
ffffffff
ffffffff
ffffffff
ffffffff
ffffffff
ffffffff
ffffffff
ffffffff
ffffffff
ffffffff
ffffffff
ffffffff
ffffffff
ffffffff
ffffffff
ffffffff
ffffffff
ffffffff
ffffffff
ffffffff
ffffffff
ffffffff
ffffffff
ffffffff
ffffffff
ffffffff
ffffffff
ffffffff
ffffffff
ffffffff
ffffffff
ffffffff
ffffffff
ffffffff
ffffffff
ffffffff
ffffffff
ffffffff
ffffffff
ffffffff
ffffffff
ffffffff
ffffffff
ffffffff
ffffffff
ffffffff
ffffffff
ffffffff
ffffffff
ffffffff
ffffffff
ffffffff
ffffffff
ffffffff
ffffffff
ffffffff
ffffffff
ffffffff
ffffffff
ffffffff
ffffffff
ffffffff
ffffffff
ffffffff
ffffffff
ffffffff
ffffffff
ffffffff
ffffffff
ffffffff
ffffffff
ffffffff
ffffffff
ffffffff
ffffffff
ffffffff
ffffffff
ffffffff
ffffffff
ffffffff
ffffffff
ffffffff
ffffffff
ffffffff
ffffffff
ffffffff
ffffffff
ffffffff
ffffffff
ffffffff
ffffffff
ffffffff
ffffffff
ffffffff
ffffffff
ffffffff
ffffffff
ffffffff
ffffffff
ffffffff
ffffffff
ffffffff
ffffffff
ffffffff
ffffffff
ffffffff
ffffffff
ffffffff
ffffffff
ffffffff
ffffffff
ffffffff
ffffffff
ffffffff
ffffffff
ffffffff
ffffffff
ffffffff
ffffffff
ffffffff
ffffffff
ffffffff
ffffffff
ffffffff
ffffffff
ffffffff
ffffffff
ffffffff
ffffffff
ffffffff
ffffffff
ffffffff
ffffffff
ffffffff
ffffffff
ffffffff
ffffffff
ffffffff
ffffffff
ffffffff
ffffffff
ffffffff
ffffffff
ffffffff
ffffffff
ffffffff
ffffffff
ffffffff
ffffffff
ffffffff
ffffffff
ffffffff
ffffffff
ffffffff
ffffffff
ffffffff
ffffffff
ffffffff
ffffffff
ffffffff
ffffffff
ffffffff
ffffffff
ffffffff
ffffffff
ffffffff
ffffffff
ffffffff
ffffffff
ffffffff
ffffffff
ffffffff
ffffffff
ffffffff
ffffffff
ffffffff
ffffffff
ffffffff
ffffffff
ffffffff
ffffffff
ffffffff
ffffffff
ffffffff
ffffffff
ffffffff
ffffffff
ffffffff
ffffffff
ffffffff
ffffffff
ffffffff
ffffffff
ffffffff
ffffffff
ffffffff
ffffffff
ffffffff
ffffffff
ffffffff
ffffffff
ffffffff
ffffffff
ffffffff
ffffffff
ffffffff
ffffffff
ffffffff
ffffffff
ffffffff
ffffffff
ffffffff
ffffffff
ffffffff
ffffffff
ffffffff
ffffffff
ffffffff
ffffffff
ffffffff
ffffffff
ffffffff
ffffffff
ffffffff
ffffffff
ffffffff
ffffffff
ffffffff
ffffffff
ffffffff
ffffffff
ffffffff
ffffffff
ffffffff
ffffffff
ffffffff
ffffffff
ffffffff
ffffffff
ffffffff
ffffffff
ffffffff
ffffffff
ffffffff
ffffffff
ffffffff
ffffffff
ffffffff
ffffffff
ffffffff
ffffffff
ffffffff
ffffffff
ffffffff
ffffffff
ffffffff
ffffffff
ffffffff
ffffffff
ffffffff
ffffffff
ffffffff
ffffffff
ffffffff
ffffffff
ffffffff
ffffffff
ffffffff
ffffffff
ffffffff
ffffffff
ffffffff
ffffffff
ffffffff
ffffffff
ffffffff
ffffffff
ffffffff
ffffffff
ffffffff
ffffffff
ffffffff
ffffffff
ffffffff
ffffffff
ffffffff
ffffffff
ffffffff
ffffffff
ffffffff
ffffffff
ffffffff
ffffffff
ffffffff
ffffffff
ffffffff
ffffffff
ffffffff
ffffffff
ffffffff
ffffffff
ffffffff
ffffffff
ffffffff
ffffffff
ffffffff
ffffffff
ffffffff
ffffffff
ffffffff
ffffffff
ffffffff
ffffffff
ffffffff
ffffffff
ffffffff
ffffffff
ffffffff
ffffffff
ffffffff
ffffffff
ffffffff
ffffffff
ffffffff
ffffffff
ffffffff
ffffffff
ffffffff
ffffffff
ffffffff
ffffffff
ffffffff
ffffffff
ffffffff
ffffffff
ffffffff
ffffffff
ffffffff
ffffffff
ffffffff
ffffffff
ffffffff
ffffffff
ffffffff
ffffffff
ffffffff
ffffffff
ffffffff
ffffffff
ffffffff
ffffffff
ffffffff
ffffffff
ffffffff
ffffffff
ffffffff
ffffffff
ffffffff
ffffffff
ffffffff
ffffffff
ffffffff
ffffffff
ffffffff
ffffffff
ffffffff
ffffffff
ffffffff
ffffffff
ffffffff
ffffffff
ffffffff
ffffffff
ffffffff
ffffffff
ffffffff
ffffffff
ffffffff
ffffffff
ffffffff
ffffffff
ffffffff
ffffffff
ffffffff
ffffffff
ffffffff
ffffffff
ffffffff
ffffffff
ffffffff
ffffffff
ffffffff
ffffffff
ffffffff
ffffffff
ffffffff
ffffffff
ffffffff
ffffffff
ffffffff
ffffffff
ffffffff
ffffffff
ffffffff
ffffffff
ffffffff
ffffffff
ffffffff
ffffffff
ffffffff
ffffffff
ffffffff
ffffffff
ffffffff
ffffffff
ffffffff
ffffffff
ffffffff
ffffffff
ffffffff
ffffffff
ffffffff
ffffffff
ffffffff
ffffffff
ffffffff
ffffffff
ffffffff
ffffffff
ffffffff
ffffffff
ffffffff
ffffffff
ffffffff
ffffffff
ffffffff
ffffffff
ffffffff
ffffffff
ffffffff
ffffffff
ffffffff
ffffffff
ffffffff
ffffffff
ffffffff
ffffffff
ffffffff
ffffffff
ffffffff
ffffffff
ffffffff
ffffffff
ffffffff
ffffffff
ffffffff
ffffffff
ffffffff
ffffffff
ffffffff
ffffffff
ffffffff
ffffffff
ffffffff
ffffffff
ffffffff
ffffffff
ffffffff
ffffffff
ffffffff
ffffffff
ffffffff
ffffffff
ffffffff
ffffffff
ffffffff
ffffffff
ffffffff
ffffffff
ffffffff
ffffffff
ffffffff
ffffffff
ffffffff
ffffffff
ffffffff
ffffffff
ffffffff
ffffffff
ffffffff
ffffffff
ffffffff
ffffffff
ffffffff
ffffffff
ffffffff
ffffffff
ffffffff
ffffffff
ffffffff
ffffffff
ffffffff
ffffffff
ffffffff
ffffffff
ffffffff
ffffffff
ffffffff
ffffffff
ffffffff
ffffffff
ffffffff
ffffffff
ffffffff
ffffffff
ffffffff
ffffffff
ffffffff
ffffffff
ffffffff
ffffffff
ffffffff
ffffffff
ffffffff
ffffffff
ffffffff
ffffffff
ffffffff
ffffffff
ffffffff
ffffffff
ffffffff
ffffffff
ffffffff
ffffffff
ffffffff
ffffffff
ffffffff
ffffffff
ffffffff
ffffffff
ffffffff
ffffffff
ffffffff
ffffffff
ffffffff
ffffffff
ffffffff
ffffffff
ffffffff
ffffffff
ffffffff
ffffffff
ffffffff
ffffffff
ffffffff
ffffffff
ffffffff
ffffffff
ffffffff
ffffffff
ffffffff
ffffffff
ffffffff
ffffffff
ffffffff
ffffffff
ffffffff
ffffffff
ffffffff
ffffffff
ffffffff
ffffffff
ffffffff
ffffffff
ffffffff
ffffffff
ffffffff
ffffffff
ffffffff
ffffffff
ffffffff
ffffffff
ffffffff
ffffffff
ffffffff
ffffffff
ffffffff
ffffffff
ffffffff
ffffffff
ffffffff
ffffffff
ffffffff
ffffffff
ffffffff
ffffffff
ffffffff
ffffffff
ffffffff
ffffffff
ffffffff
ffffffff
ffffffff
ffffffff
ffffffff
ffffffff
ffffffff
ffffffff
ffffffff
ffffffff
ffffffff
ffffffff
ffffffff
ffffffff
ffffffff
ffffffff
ffffffff
ffffffff
ffffffff
ffffffff
ffffffff
ffffffff
ffffffff
ffffffff
ffffffff
ffffffff
ffffffff
ffffffff
ffffffff
ffffffff
ffffffff
ffffffff
ffffffff
ffffffff
ffffffff
ffffffff
ffffffff
ffffffff
ffffffff
ffffffff
ffffffff
ffffffff
ffffffff
ffffffff
ffffffff
ffffffff
ffffffff
ffffffff
ffffffff
ffffffff
ffffffff
ffffffff
ffffffff
ffffffff
ffffffff
ffffffff
ffffffff
ffffffff
ffffffff
ffffffff
ffffffff
ffffffff
ffffffff
ffffffff
ffffffff
ffffffff
ffffffff
ffffffff
ffffffff
ffffffff
ffffffff
ffffffff
ffffffff
ffffffff
ffffffff
ffffffff
ffffffff
ffffffff
ffffffff
ffffffff
ffffffff
ffffffff
ffffffff
ffffffff
ffffffff
ffffffff
ffffffff
ffffffff
ffffffff
ffffffff
ffffffff
ffffffff
ffffffff
ffffffff
ffffffff
ffffffff
ffffffff
ffffffff
ffffffff
ffffffff
ffffffff
ffffffff
ffffffff
ffffffff
ffffffff
ffffffff
ffffffff
ffffffff
ffffffff
ffffffff
ffffffff
ffffffff
ffffffff
ffffffff
ffffffff
ffffffff
ffffffff
ffffffff
ffffffff
ffffffff
ffffffff
ffffffff
ffffffff
ffffffff
ffffffff
ffffffff
ffffffff
ffffffff
ffffffff
ffffffff
ffffffff
ffffffff
ffffffff
ffffffff
ffffffff
ffffffff
ffffffff
ffffffff
ffffffff
ffffffff
ffffffff
ffffffff
ffffffff
ffffffff
ffffffff
ffffffff
ffffffff
ffffffff
ffffffff
ffffffff
ffffffff
ffffffff
ffffffff
ffffffff
ffffffff
ffffffff
ffffffff
ffffffff
ffffffff
ffffffff
ffffffff
ffffffff
ffffffff
ffffffff
ffffffff
ffffffff
ffffffff
ffffffff
ffffffff
ffffffff
ffffffff
ffffffff
ffffffff
ffffffff
ffffffff
ffffffff
ffffffff
ffffffff
ffffffff
ffffffff
ffffffff
ffffffff
ffffffff
ffffffff
ffffffff
ffffffff
ffffffff
ffffffff
ffffffff
ffffffff
ffffffff
ffffffff
ffffffff
ffffffff
ffffffff
ffffffff
ffffffff
ffffffff
ffffffff
ffffffff
ffffffff
ffffffff
ffffffff
ffffffff
ffffffff
ffffffff
ffffffff
ffffffff
ffffffff
ffffffff
ffffffff
ffffffff
ffffffff
ffffffff
ffffffff
ffffffff
ffffffff
ffffffff
ffffffff
ffffffff
ffffffff
ffffffff
ffffffff
ffffffff
ffffffff
ffffffff
ffffffff
ffffffff
ffffffff
ffffffff
ffffffff
ffffffff
ffffffff
ffffffff
ffffffff
ffffffff
ffffffff
ffffffff
ffffffff
ffffffff
ffffffff
ffffffff
ffffffff
ffffffff
ffffffff
ffffffff
ffffffff
ffffffff
ffffffff
ffffffff
ffffffff
ffffffff
ffffffff
ffffffff
ffffffff
ffffffff
ffffffff
ffffffff
ffffffff
ffffffff
ffffffff
ffffffff
ffffffff
ffffffff
ffffffff
ffffffff
ffffffff
ffffffff
ffffffff
ffffffff
ffffffff
ffffffff
ffffffff
ffffffff
ffffffff
ffffffff
ffffffff
ffffffff
ffffffff
ffffffff
ffffffff
ffffffff
ffffffff
ffffffff
ffffffff
ffffffff
ffffffff
ffffffff
ffffffff
ffffffff
ffffffff
ffffffff
ffffffff
ffffffff
ffffffff
ffffffff
ffffffff
ffffffff
ffffffff
ffffffff
ffffffff
ffffffff
ffffffff
ffffffff
ffffffff
ffffffff
ffffffff
ffffffff
ffffffff
ffffffff
ffffffff
ffffffff
ffffffff
ffffffff
ffffffff
ffffffff
ffffffff
ffffffff
ffffffff
ffffffff
ffffffff
ffffffff
ffffffff
ffffffff
ffffffff
ffffffff
ffffffff
ffffffff
ffffffff
ffffffff
ffffffff
ffffffff
ffffffff
ffffffff
ffffffff
ffffffff
ffffffff
ffffffff
ffffffff
ffffffff
ffffffff
ffffffff
ffffffff
ffffffff
ffffffff
ffffffff
ffffffff
ffffffff
ffffffff
ffffffff
ffffffff
ffffffff
ffffffff
ffffffff
ffffffff
ffffffff
ffffffff
ffffffff
ffffffff
ffffffff
ffffffff
ffffffff
ffffffff
ffffffff
ffffffff
ffffffff
ffffffff
ffffffff
ffffffff
ffffffff
ffffffff
ffffffff
ffffffff
ffffffff
ffffffff
ffffffff
ffffffff
ffffffff
ffffffff
ffffffff
ffffffff
ffffffff
ffffffff
ffffffff
ffffffff
ffffffff
ffffffff
ffffffff
ffffffff
ffffffff
ffffffff
ffffffff
ffffffff
ffffffff
ffffffff
ffffffff
ffffffff
ffffffff
ffffffff
ffffffff
ffffffff
ffffffff
ffffffff
ffffffff
ffffffff
ffffffff
ffffffff
ffffffff
ffffffff
ffffffff
ffffffff
ffffffff
ffffffff
ffffffff
ffffffff
ffffffff
ffffffff
ffffffff
ffffffff
ffffffff
ffffffff
ffffffff
ffffffff
ffffffff
ffffffff
ffffffff
ffffffff
ffffffff
ffffffff
ffffffff
ffffffff
ffffffff
ffffffff
ffffffff
ffffffff
ffffffff
ffffffff
ffffffff
ffffffff
ffffffff
ffffffff
ffffffff
ffffffff
ffffffff
ffffffff
ffffffff
ffffffff
ffffffff
ffffffff
ffffffff
ffffffff
ffffffff
ffffffff
ffffffff
ffffffff
ffffffff
ffffffff
ffffffff
ffffffff
ffffffff
ffffffff
ffffffff
ffffffff
ffffffff
ffffffff
ffffffff
ffffffff
ffffffff
ffffffff
ffffffff
ffffffff
ffffffff
ffffffff
ffffffff
ffffffff
ffffffff
ffffffff
ffffffff
ffffffff
ffffffff
ffffffff
ffffffff
ffffffff
ffffffff
ffffffff
ffffffff
ffffffff
ffffffff
ffffffff
ffffffff
ffffffff
ffffffff
ffffffff
ffffffff
ffffffff
ffffffff
ffffffff
ffffffff
ffffffff
ffffffff
ffffffff
ffffffff
ffffffff
ffffffff
ffffffff
ffffffff
ffffffff
ffffffff
ffffffff
ffffffff
ffffffff
ffffffff
ffffffff
ffffffff
ffffffff
ffffffff
ffffffff
ffffffff
ffffffff
ffffffff
ffffffff
ffffffff
ffffffff
ffffffff
ffffffff
ffffffff
ffffffff
ffffffff
ffffffff
ffffffff
ffffffff
ffffffff
ffffffff
ffffffff
ffffffff
ffffffff
ffffffff
ffffffff
ffffffff
ffffffff
ffffffff
ffffffff
ffffffff
ffffffff
ffffffff
ffffffff
ffffffff
ffffffff
ffffffff
ffffffff
ffffffff
ffffffff
ffffffff
ffffffff
ffffffff
ffffffff
ffffffff
ffffffff
ffffffff
ffffffff
ffffffff
ffffffff
ffffffff
ffffffff
ffffffff
ffffffff
ffffffff
ffffffff
ffffffff
ffffffff
ffffffff
ffffffff
ffffffff
ffffffff
ffffffff
ffffffff
ffffffff
ffffffff
ffffffff
ffffffff
ffffffff
ffffffff
ffffffff
ffffffff
ffffffff
ffffffff
ffffffff
ffffffff
ffffffff
ffffffff
ffffffff
ffffffff
ffffffff
ffffffff
ffffffff
ffffffff
ffffffff
ffffffff
ffffffff
ffffffff
ffffffff
ffffffff
ffffffff
ffffffff
ffffffff
ffffffff
ffffffff
ffffffff
ffffffff
ffffffff
ffffffff
ffffffff
ffffffff
ffffffff
ffffffff
ffffffff
ffffffff
ffffffff
ffffffff
ffffffff
ffffffff
ffffffff
ffffffff
ffffffff
ffffffff
ffffffff
ffffffff
ffffffff
ffffffff
ffffffff
ffffffff
ffffffff
ffffffff
ffffffff
ffffffff
ffffffff
ffffffff
ffffffff
ffffffff
ffffffff
ffffffff
ffffffff
ffffffff
ffffffff
ffffffff
ffffffff
ffffffff
ffffffff
ffffffff
ffffffff
ffffffff
ffffffff
ffffffff
ffffffff
ffffffff
ffffffff
ffffffff
ffffffff
ffffffff
ffffffff
ffffffff
ffffffff
ffffffff
ffffffff
ffffffff
ffffffff
ffffffff
ffffffff
ffffffff
ffffffff
ffffffff
ffffffff
ffffffff
ffffffff
ffffffff
ffffffff
ffffffff
ffffffff
ffffffff
ffffffff
ffffffff
ffffffff
ffffffff
ffffffff
ffffffff
ffffffff
ffffffff
ffffffff
ffffffff
ffffffff
ffffffff
ffffffff
ffffffff
ffffffff
ffffffff
ffffffff
ffffffff
ffffffff
ffffffff
ffffffff
ffffffff
ffffffff
ffffffff
ffffffff
ffffffff
ffffffff
ffffffff
ffffffff
ffffffff
ffffffff
ffffffff
ffffffff
ffffffff
ffffffff
ffffffff
ffffffff
ffffffff
ffffffff
ffffffff
ffffffff
ffffffff
ffffffff
ffffffff
ffffffff
ffffffff
ffffffff
ffffffff
ffffffff
ffffffff
ffffffff
ffffffff
ffffffff
ffffffff
ffffffff
ffffffff
ffffffff
ffffffff
ffffffff
ffffffff
ffffffff
ffffffff
ffffffff
ffffffff
ffffffff
ffffffff
ffffffff
ffffffff
ffffffff
ffffffff
ffffffff
ffffffff
ffffffff
ffffffff
ffffffff
ffffffff
ffffffff
ffffffff
ffffffff
ffffffff
ffffffff
ffffffff
ffffffff
ffffffff
ffffffff
ffffffff
ffffffff
ffffffff
ffffffff
ffffffff
ffffffff
ffffffff
ffffffff
ffffffff
ffffffff
ffffffff
ffffffff
ffffffff
ffffffff
ffffffff
ffffffff
ffffffff
ffffffff
ffffffff
ffffffff
ffffffff
ffffffff
ffffffff
ffffffff
ffffffff
ffffffff
ffffffff
ffffffff
ffffffff
ffffffff
ffffffff
ffffffff
ffffffff
ffffffff
ffffffff
ffffffff
ffffffff
ffffffff
ffffffff
ffffffff
ffffffff
ffffffff
ffffffff
ffffffff
ffffffff
ffffffff
ffffffff
ffffffff
ffffffff
ffffffff
ffffffff
ffffffff
ffffffff
ffffffff
ffffffff
ffffffff
ffffffff
ffffffff
ffffffff
ffffffff
ffffffff
ffffffff
ffffffff
ffffffff
ffffffff
ffffffff
ffffffff
ffffffff
ffffffff
ffffffff
ffffffff
ffffffff
ffffffff
ffffffff
ffffffff
ffffffff
ffffffff
ffffffff
ffffffff
ffffffff
ffffffff
ffffffff
ffffffff
ffffffff
ffffffff
ffffffff
ffffffff
ffffffff
ffffffff
ffffffff
ffffffff
ffffffff
ffffffff
ffffffff
ffffffff
ffffffff
ffffffff
ffffffff
ffffffff
ffffffff
ffffffff
ffffffff
ffffffff
ffffffff
ffffffff
ffffffff
ffffffff
ffffffff
ffffffff
ffffffff
ffffffff
ffffffff
ffffffff
ffffffff
ffffffff
ffffffff
ffffffff
ffffffff
ffffffff
ffffffff
ffffffff
ffffffff
ffffffff
ffffffff
ffffffff
ffffffff
ffffffff
ffffffff
ffffffff
ffffffff
ffffffff
ffffffff
ffffffff
ffffffff
ffffffff
ffffffff
ffffffff
ffffffff
ffffffff
ffffffff
ffffffff
ffffffff
ffffffff
ffffffff
ffffffff
ffffffff
ffffffff
ffffffff
ffffffff
ffffffff
ffffffff
ffffffff
ffffffff
ffffffff
ffffffff
ffffffff
ffffffff
ffffffff
ffffffff
ffffffff
ffffffff
ffffffff
ffffffff
ffffffff
ffffffff
ffffffff
ffffffff
ffffffff
ffffffff
ffffffff
ffffffff
ffffffff
ffffffff
ffffffff
ffffffff
ffffffff
ffffffff
ffffffff
ffffffff
ffffffff
ffffffff
ffffffff
ffffffff
ffffffff
ffffffff
ffffffff
ffffffff
ffffffff
ffffffff
ffffffff
ffffffff
ffffffff
ffffffff
ffffffff
ffffffff
ffffffff
ffffffff
ffffffff
ffffffff
ffffffff
ffffffff
ffffffff
ffffffff
ffffffff
ffffffff
ffffffff
ffffffff
ffffffff
ffffffff
ffffffff
ffffffff
ffffffff
ffffffff
ffffffff
ffffffff
ffffffff
ffffffff
ffffffff
ffffffff
ffffffff
ffffffff
ffffffff
ffffffff
ffffffff
ffffffff
ffffffff
ffffffff
ffffffff
ffffffff
ffffffff
ffffffff
ffffffff
ffffffff
ffffffff
ffffffff
ffffffff
ffffffff
ffffffff
ffffffff
ffffffff
ffffffff
ffffffff
ffffffff
ffffffff
ffffffff
ffffffff
ffffffff
ffffffff
ffffffff
ffffffff
ffffffff
ffffffff
ffffffff
ffffffff
ffffffff
ffffffff
ffffffff
ffffffff
ffffffff
ffffffff
ffffffff
ffffffff
ffffffff
ffffffff
ffffffff
ffffffff
ffffffff
ffffffff
ffffffff
ffffffff
ffffffff
ffffffff
ffffffff
ffffffff
ffffffff
ffffffff
ffffffff
ffffffff
ffffffff
ffffffff
ffffffff
ffffffff
ffffffff
ffffffff
ffffffff
ffffffff
ffffffff
ffffffff
ffffffff
ffffffff
ffffffff
ffffffff
ffffffff
ffffffff
ffffffff
ffffffff
ffffffff
ffffffff
ffffffff
ffffffff
ffffffff
ffffffff
ffffffff
ffffffff
ffffffff
ffffffff
ffffffff
ffffffff
ffffffff
ffffffff
ffffffff
ffffffff
ffffffff
ffffffff
ffffffff
ffffffff
ffffffff
ffffffff
ffffffff
ffffffff
ffffffff
ffffffff
ffffffff
ffffffff
ffffffff
ffffffff
ffffffff
ffffffff
ffffffff
ffffffff
ffffffff
ffffffff
ffffffff
ffffffff
ffffffff
ffffffff
ffffffff
ffffffff
ffffffff
ffffffff
ffffffff
ffffffff
ffffffff
ffffffff
ffffffff
ffffffff
ffffffff
ffffffff
ffffffff
ffffffff
ffffffff
ffffffff
ffffffff
ffffffff
ffffffff
ffffffff
ffffffff
ffffffff
ffffffff
ffffffff
ffffffff
ffffffff
ffffffff
ffffffff
ffffffff
ffffffff
ffffffff
ffffffff
ffffffff
ffffffff
ffffffff
ffffffff
ffffffff
ffffffff
ffffffff
ffffffff
ffffffff
ffffffff
ffffffff
ffffffff
ffffffff
ffffffff
ffffffff
ffffffff
ffffffff
ffffffff
ffffffff
ffffffff
ffffffff
ffffffff
ffffffff
ffffffff
ffffffff
ffffffff
ffffffff
ffffffff
ffffffff
ffffffff
ffffffff
ffffffff
ffffffff
ffffffff
ffffffff
ffffffff
ffffffff
ffffffff
ffffffff
ffffffff
ffffffff
ffffffff
ffffffff
ffffffff
ffffffff
ffffffff
ffffffff
ffffffff
ffffffff
ffffffff
ffffffff
ffffffff
ffffffff
ffffffff
ffffffff
ffffffff
ffffffff
ffffffff
ffffffff
ffffffff
ffffffff
ffffffff
ffffffff
ffffffff
ffffffff
ffffffff
ffffffff
ffffffff
ffffffff
ffffffff
ffffffff
ffffffff
ffffffff
ffffffff
ffffffff
ffffffff
ffffffff
ffffffff
ffffffff
ffffffff
ffffffff
ffffffff
ffffffff
ffffffff
ffffffff
ffffffff
ffffffff
ffffffff
ffffffff
ffffffff
ffffffff
ffffffff
ffffffff
ffffffff
ffffffff
ffffffff
ffffffff
ffffffff
ffffffff
ffffffff
ffffffff
ffffffff
ffffffff
ffffffff
ffffffff
ffffffff
ffffffff
ffffffff
ffffffff
ffffffff
ffffffff
ffffffff
ffffffff
ffffffff
ffffffff
ffffffff
ffffffff
ffffffff
ffffffff
ffffffff
ffffffff
ffffffff
ffffffff
ffffffff
ffffffff
ffffffff
ffffffff
ffffffff
ffffffff
ffffffff
ffffffff
ffffffff
ffffffff
ffffffff
ffffffff
ffffffff
ffffffff
ffffffff
ffffffff
ffffffff
ffffffff
ffffffff
ffffffff
ffffffff
ffffffff
ffffffff
ffffffff
ffffffff
ffffffff
ffffffff
ffffffff
ffffffff
ffffffff
ffffffff
ffffffff
ffffffff
ffffffff
ffffffff
ffffffff
ffffffff
ffffffff
ffffffff
ffffffff
ffffffff
ffffffff
ffffffff
ffffffff
ffffffff
ffffffff
ffffffff
ffffffff
ffffffff
ffffffff
ffffffff
ffffffff
ffffffff
ffffffff
ffffffff
ffffffff
ffffffff
ffffffff
ffffffff
ffffffff
ffffffff
ffffffff
ffffffff
ffffffff
ffffffff
ffffffff
ffffffff
ffffffff
ffffffff
ffffffff
ffffffff
ffffffff
ffffffff
ffffffff
ffffffff
ffffffff
ffffffff
ffffffff
ffffffff
ffffffff
ffffffff
ffffffff
ffffffff
ffffffff
ffffffff
ffffffff
ffffffff
ffffffff
ffffffff
ffffffff
ffffffff
ffffffff
ffffffff
ffffffff
ffffffff
ffffffff
ffffffff
ffffffff
ffffffff
ffffffff
ffffffff
ffffffff
ffffffff
ffffffff
ffffffff
ffffffff
ffffffff
ffffffff
ffffffff
ffffffff
ffffffff
ffffffff
ffffffff
ffffffff
ffffffff
ffffffff
ffffffff
ffffffff
ffffffff
ffffffff
ffffffff
ffffffff
ffffffff
ffffffff
ffffffff
ffffffff
ffffffff
ffffffff
ffffffff
ffffffff
ffffffff
ffffffff
ffffffff
ffffffff
ffffffff
ffffffff
ffffffff
ffffffff
ffffffff
ffffffff
ffffffff
ffffffff
ffffffff
ffffffff
ffffffff
ffffffff
ffffffff
ffffffff
ffffffff
ffffffff
ffffffff
ffffffff
ffffffff
ffffffff
ffffffff
ffffffff
ffffffff
ffffffff
ffffffff
ffffffff
ffffffff
ffffffff
ffffffff
ffffffff
ffffffff
ffffffff
ffffffff
ffffffff
ffffffff
ffffffff
ffffffff
ffffffff
ffffffff
ffffffff
ffffffff
ffffffff
ffffffff
ffffffff
ffffffff
ffffffff
ffffffff
ffffffff
ffffffff
ffffffff
ffffffff
ffffffff
ffffffff
ffffffff
ffffffff
ffffffff
ffffffff
ffffffff
ffffffff
ffffffff
ffffffff
ffffffff
ffffffff
ffffffff
ffffffff
ffffffff
ffffffff
ffffffff
ffffffff
ffffffff
ffffffff
ffffffff
ffffffff
ffffffff
ffffffff
ffffffff
ffffffff
ffffffff
ffffffff
ffffffff
ffffffff
ffffffff
ffffffff
ffffffff
ffffffff
ffffffff
ffffffff
ffffffff
ffffffff
ffffffff
ffffffff
ffffffff
ffffffff
ffffffff
ffffffff
ffffffff
ffffffff
ffffffff
ffffffff
ffffffff
ffffffff
ffffffff
ffffffff
ffffffff
ffffffff
ffffffff
ffffffff
ffffffff
ffffffff
ffffffff
ffffffff
ffffffff
ffffffff
ffffffff
ffffffff
ffffffff
ffffffff
ffffffff
ffffffff
ffffffff
ffffffff
ffffffff
ffffffff
ffffffff
ffffffff
ffffffff
ffffffff
ffffffff
ffffffff
ffffffff
ffffffff
ffffffff
ffffffff
ffffffff
ffffffff
ffffffff
ffffffff
ffffffff
ffffffff
ffffffff
ffffffff
ffffffff
ffffffff
ffffffff
ffffffff
ffffffff
ffffffff
ffffffff
ffffffff
ffffffff
ffffffff
ffffffff
ffffffff
ffffffff
ffffffff
ffffffff
ffffffff
ffffffff
ffffffff
ffffffff
ffffffff
ffffffff
ffffffff
ffffffff
ffffffff
ffffffff
ffffffff
ffffffff
ffffffff
ffffffff
ffffffff
ffffffff
ffffffff
ffffffff
ffffffff
ffffffff
ffffffff
ffffffff
ffffffff
ffffffff
ffffffff
ffffffff
ffffffff
ffffffff
ffffffff
ffffffff
ffffffff
ffffffff
ffffffff
ffffffff
ffffffff
ffffffff
ffffffff
ffffffff
ffffffff
ffffffff
ffffffff
ffffffff
ffffffff
ffffffff
ffffffff
ffffffff
ffffffff
ffffffff
ffffffff
ffffffff
ffffffff
ffffffff
ffffffff
ffffffff
ffffffff
ffffffff
ffffffff
ffffffff
ffffffff
ffffffff
ffffffff
ffffffff
ffffffff
ffffffff
ffffffff
ffffffff
ffffffff
ffffffff
ffffffff
ffffffff
ffffffff
ffffffff
ffffffff
ffffffff
ffffffff
ffffffff
ffffffff
ffffffff
ffffffff
ffffffff
ffffffff
ffffffff
ffffffff
ffffffff
ffffffff
ffffffff
ffffffff
ffffffff
ffffffff
ffffffff
ffffffff
ffffffff
ffffffff
ffffffff
ffffffff
ffffffff
ffffffff
ffffffff
ffffffff
ffffffff
ffffffff
ffffffff
ffffffff
ffffffff
ffffffff
ffffffff
ffffffff
ffffffff
ffffffff
ffffffff
ffffffff
ffffffff
ffffffff
ffffffff
ffffffff
ffffffff
ffffffff
ffffffff
ffffffff
ffffffff
ffffffff
ffffffff
ffffffff
ffffffff
ffffffff
ffffffff
ffffffff
ffffffff
ffffffff
ffffffff
ffffffff
ffffffff
ffffffff
ffffffff
ffffffff
ffffffff
ffffffff
ffffffff
ffffffff
ffffffff
ffffffff
ffffffff
ffffffff
ffffffff
ffffffff
ffffffff
ffffffff
ffffffff
ffffffff
ffffffff
ffffffff
ffffffff
ffffffff
ffffffff
ffffffff
ffffffff
ffffffff
ffffffff
ffffffff
ffffffff
ffffffff
ffffffff
ffffffff
ffffffff
ffffffff
ffffffff
ffffffff
ffffffff
ffffffff
ffffffff
ffffffff
ffffffff
ffffffff
ffffffff
ffffffff
ffffffff
ffffffff
ffffffff
ffffffff
ffffffff
ffffffff
ffffffff
ffffffff
ffffffff
ffffffff
ffffffff
ffffffff
ffffffff
ffffffff
ffffffff
ffffffff
ffffffff
ffffffff
ffffffff
ffffffff
ffffffff
ffffffff
ffffffff
ffffffff
ffffffff
ffffffff
ffffffff
ffffffff
ffffffff
ffffffff
ffffffff
ffffffff
ffffffff
ffffffff
ffffffff
ffffffff
ffffffff
ffffffff
ffffffff
ffffffff
ffffffff
ffffffff
ffffffff
ffffffff
ffffffff
ffffffff
ffffffff
ffffffff
ffffffff
ffffffff
ffffffff
ffffffff
ffffffff
ffffffff
ffffffff
ffffffff
ffffffff
ffffffff
ffffffff
ffffffff
ffffffff
ffffffff
ffffffff
ffffffff
ffffffff
ffffffff
ffffffff
ffffffff
ffffffff
ffffffff
ffffffff
ffffffff
ffffffff
ffffffff
ffffffff
ffffffff
ffffffff
ffffffff
ffffffff
ffffffff
ffffffff
ffffffff
ffffffff
ffffffff
ffffffff
ffffffff
ffffffff
ffffffff
ffffffff
ffffffff
ffffffff
ffffffff
ffffffff
ffffffff
ffffffff
ffffffff
ffffffff
ffffffff
ffffffff
ffffffff
ffffffff
ffffffff
ffffffff
ffffffff
ffffffff
ffffffff
ffffffff
ffffffff
ffffffff
ffffffff
ffffffff
ffffffff
ffffffff
ffffffff
ffffffff
ffffffff
ffffffff
ffffffff
ffffffff
ffffffff
ffffffff
ffffffff
ffffffff
ffffffff
ffffffff
ffffffff
ffffffff
ffffffff
ffffffff
ffffffff
ffffffff
ffffffff
ffffffff
ffffffff
ffffffff
ffffffff
ffffffff
ffffffff
ffffffff
ffffffff
ffffffff
ffffffff
ffffffff
ffffffff
ffffffff
ffffffff
ffffffff
ffffffff
ffffffff
ffffffff
ffffffff
ffffffff
ffffffff
ffffffff
ffffffff
ffffffff
ffffffff
ffffffff
ffffffff
ffffffff
ffffffff
ffffffff
ffffffff
ffffffff
ffffffff
ffffffff
ffffffff
ffffffff
ffffffff
ffffffff
ffffffff
ffffffff
ffffffff
ffffffff
ffffffff
ffffffff
ffffffff
ffffffff
ffffffff
ffffffff
ffffffff
ffffffff
ffffffff
ffffffff
ffffffff
ffffffff
ffffffff
ffffffff
ffffffff
ffffffff
ffffffff
ffffffff
ffffffff
ffffffff
ffffffff
ffffffff
ffffffff
ffffffff
ffffffff
ffffffff
ffffffff
ffffffff
ffffffff
ffffffff
ffffffff
ffffffff
ffffffff
ffffffff
ffffffff
ffffffff
ffffffff
ffffffff
ffffffff
ffffffff
ffffffff
ffffffff
ffffffff
ffffffff
ffffffff
ffffffff
ffffffff
ffffffff
ffffffff
ffffffff
ffffffff
ffffffff
ffffffff
ffffffff
ffffffff
ffffffff
ffffffff
ffffffff
ffffffff
ffffffff
ffffffff
ffffffff
ffffffff
ffffffff
ffffffff
ffffffff
ffffffff
ffffffff
ffffffff
ffffffff
ffffffff
ffffffff
ffffffff
ffffffff
ffffffff
ffffffff
ffffffff
ffffffff
ffffffff
ffffffff
ffffffff
ffffffff
ffffffff
ffffffff
ffffffff
ffffffff
ffffffff
ffffffff
ffffffff
ffffffff
ffffffff
ffffffff
ffffffff
ffffffff
ffffffff
ffffffff
ffffffff
ffffffff
ffffffff
ffffffff
ffffffff
ffffffff
ffffffff
ffffffff
ffffffff
ffffffff
ffffffff
ffffffff
ffffffff
ffffffff
ffffffff
ffffffff
ffffffff
ffffffff
ffffffff
ffffffff
ffffffff
ffffffff
ffffffff
ffffffff
ffffffff
ffffffff
ffffffff
ffffffff
ffffffff
ffffffff
ffffffff
ffffffff
ffffffff
ffffffff
ffffffff
ffffffff
ffffffff
ffffffff
ffffffff
ffffffff
ffffffff
ffffffff
ffffffff
ffffffff
ffffffff
ffffffff
ffffffff
ffffffff
ffffffff
ffffffff
ffffffff
ffffffff
ffffffff
ffffffff
ffffffff
ffffffff
ffffffff
ffffffff
ffffffff
ffffffff
ffffffff
ffffffff
ffffffff
ffffffff
ffffffff
ffffffff
ffffffff
ffffffff
ffffffff
ffffffff
ffffffff
ffffffff
ffffffff
ffffffff
ffffffff
ffffffff
ffffffff
ffffffff
ffffffff
ffffffff
ffffffff
ffffffff
ffffffff
ffffffff
ffffffff
ffffffff
ffffffff
ffffffff
ffffffff
ffffffff
ffffffff
ffffffff
ffffffff
ffffffff
ffffffff
ffffffff
ffffffff
ffffffff
ffffffff
ffffffff
ffffffff
ffffffff
ffffffff
ffffffff
ffffffff
ffffffff
ffffffff
ffffffff
ffffffff
ffffffff
ffffffff
ffffffff
ffffffff
ffffffff
ffffffff
ffffffff
ffffffff
ffffffff
ffffffff
ffffffff
ffffffff
ffffffff
ffffffff
ffffffff
ffffffff
ffffffff
ffffffff
ffffffff
ffffffff
ffffffff
ffffffff
ffffffff
ffffffff
ffffffff
ffffffff
ffffffff
ffffffff
ffffffff
ffffffff
ffffffff
ffffffff
ffffffff
ffffffff
ffffffff
ffffffff
ffffffff
ffffffff
ffffffff
ffffffff
ffffffff
ffffffff
ffffffff
ffffffff
ffffffff
ffffffff
ffffffff
ffffffff
ffffffff
ffffffff
ffffffff
ffffffff
ffffffff
ffffffff
ffffffff
ffffffff
ffffffff
ffffffff
ffffffff
ffffffff
ffffffff
ffffffff
ffffffff
ffffffff
ffffffff
ffffffff
ffffffff
ffffffff
ffffffff
ffffffff
ffffffff
ffffffff
ffffffff
ffffffff
ffffffff
ffffffff
ffffffff
ffffffff
ffffffff
ffffffff
ffffffff
ffffffff
ffffffff
ffffffff
ffffffff
ffffffff
ffffffff
ffffffff
ffffffff
ffffffff
ffffffff
ffffffff
ffffffff
ffffffff
ffffffff
ffffffff
ffffffff
ffffffff
ffffffff
ffffffff
ffffffff
ffffffff
ffffffff
ffffffff
ffffffff
ffffffff
ffffffff
ffffffff
ffffffff
ffffffff
ffffffff
ffffffff
ffffffff
ffffffff
ffffffff
ffffffff
ffffffff
ffffffff
ffffffff
ffffffff
ffffffff
ffffffff
ffffffff
ffffffff
ffffffff
ffffffff
ffffffff
ffffffff
ffffffff
ffffffff
ffffffff
ffffffff
ffffffff
ffffffff
ffffffff
ffffffff
ffffffff
ffffffff
ffffffff
ffffffff
ffffffff
ffffffff
ffffffff
ffffffff
ffffffff
ffffffff
ffffffff
ffffffff
ffffffff
ffffffff
ffffffff
ffffffff
ffffffff
ffffffff
ffffffff
ffffffff
ffffffff
ffffffff
ffffffff
ffffffff
ffffffff
ffffffff
ffffffff
ffffffff
ffffffff
ffffffff
ffffffff
ffffffff
ffffffff
ffffffff
ffffffff
ffffffff
ffffffff
ffffffff
ffffffff
ffffffff
ffffffff
ffffffff
ffffffff
ffffffff
ffffffff
ffffffff
ffffffff
ffffffff
ffffffff
ffffffff
ffffffff
ffffffff
ffffffff
ffffffff
ffffffff
ffffffff
ffffffff
ffffffff
ffffffff
ffffffff
ffffffff
ffffffff
ffffffff
ffffffff
ffffffff
ffffffff
ffffffff
ffffffff
ffffffff
ffffffff
ffffffff
ffffffff
ffffffff
ffffffff
ffffffff
ffffffff
ffffffff
ffffffff
ffffffff
ffffffff
ffffffff
ffffffff
ffffffff
ffffffff
ffffffff
ffffffff
ffffffff
ffffffff
ffffffff
ffffffff
ffffffff
ffffffff
ffffffff
ffffffff
ffffffff
ffffffff
ffffffff
ffffffff
ffffffff
ffffffff
ffffffff
ffffffff
ffffffff
ffffffff
ffffffff
ffffffff
ffffffff
ffffffff
ffffffff
ffffffff
ffffffff
ffffffff
ffffffff
ffffffff
ffffffff
ffffffff
ffffffff
ffffffff
ffffffff
ffffffff
ffffffff
ffffffff
ffffffff
ffffffff
ffffffff
ffffffff
ffffffff
ffffffff
ffffffff
ffffffff
ffffffff
ffffffff
ffffffff
ffffffff
ffffffff
ffffffff
ffffffff
ffffffff
ffffffff
ffffffff
ffffffff
ffffffff
ffffffff
ffffffff
ffffffff
ffffffff
ffffffff
ffffffff
ffffffff
ffffffff
ffffffff
ffffffff
ffffffff
ffffffff
ffffffff
ffffffff
ffffffff
ffffffff
ffffffff
ffffffff
ffffffff
ffffffff
ffffffff
ffffffff
ffffffff
ffffffff
ffffffff
ffffffff
ffffffff
ffffffff
ffffffff
ffffffff
ffffffff
ffffffff
ffffffff
ffffffff
ffffffff
ffffffff
ffffffff
ffffffff
ffffffff
ffffffff
ffffffff
ffffffff
ffffffff
ffffffff
ffffffff
ffffffff
ffffffff
ffffffff
ffffffff
ffffffff
ffffffff
ffffffff
ffffffff
ffffffff
ffffffff
ffffffff
ffffffff
ffffffff
ffffffff
ffffffff
ffffffff
ffffffff
ffffffff
ffffffff
ffffffff
ffffffff
ffffffff
ffffffff
ffffffff
ffffffff
ffffffff
ffffffff
ffffffff
ffffffff
ffffffff
ffffffff
ffffffff
ffffffff
ffffffff
ffffffff
ffffffff
ffffffff
ffffffff
ffffffff
ffffffff
ffffffff
ffffffff
ffffffff
ffffffff
ffffffff
ffffffff
ffffffff
ffffffff
ffffffff
ffffffff
ffffffff
ffffffff
ffffffff
ffffffff
ffffffff
ffffffff
ffffffff
ffffffff
ffffffff
ffffffff
ffffffff
ffffffff
ffffffff
ffffffff
ffffffff
ffffffff
ffffffff
ffffffff
ffffffff
ffffffff
ffffffff
ffffffff
ffffffff
ffffffff
ffffffff
ffffffff
ffffffff
ffffffff
ffffffff
ffffffff
ffffffff
ffffffff
ffffffff
ffffffff
ffffffff
ffffffff
ffffffff
ffffffff
ffffffff
ffffffff
ffffffff
ffffffff
ffffffff
ffffffff
ffffffff
ffffffff
ffffffff
ffffffff
ffffffff
ffffffff
ffffffff
ffffffff
ffffffff
ffffffff
ffffffff
ffffffff
ffffffff
ffffffff
ffffffff
ffffffff
ffffffff
ffffffff
ffffffff
ffffffff
ffffffff
ffffffff
ffffffff
ffffffff
ffffffff
ffffffff
ffffffff
ffffffff
ffffffff
ffffffff
ffffffff
ffffffff
ffffffff
ffffffff
ffffffff
ffffffff
ffffffff
ffffffff
ffffffff
ffffffff
ffffffff
ffffffff
ffffffff
ffffffff
ffffffff
ffffffff
ffffffff
ffffffff
ffffffff
ffffffff
ffffffff
ffffffff
ffffffff
ffffffff
ffffffff
ffffffff
ffffffff
ffffffff
ffffffff
ffffffff
ffffffff
ffffffff
ffffffff
ffffffff
ffffffff
ffffffff
ffffffff
ffffffff
ffffffff
ffffffff
ffffffff
ffffffff
ffffffff
ffffffff
ffffffff
ffffffff
ffffffff
ffffffff
ffffffff
ffffffff
ffffffff
ffffffff
ffffffff
ffffffff
ffffffff
ffffffff
ffffffff
ffffffff
ffffffff
ffffffff
ffffffff
ffffffff
ffffffff
ffffffff
ffffffff
ffffffff
ffffffff
ffffffff
ffffffff
ffffffff
ffffffff
ffffffff
ffffffff
ffffffff
ffffffff
ffffffff
ffffffff
ffffffff
ffffffff
ffffffff
ffffffff
ffffffff
ffffffff
ffffffff
ffffffff
ffffffff
ffffffff
ffffffff
ffffffff
ffffffff
ffffffff
ffffffff
ffffffff
ffffffff
ffffffff
ffffffff
ffffffff
ffffffff
ffffffff
ffffffff
ffffffff
ffffffff
ffffffff
ffffffff
ffffffff
ffffffff
ffffffff
ffffffff
ffffffff
ffffffff
ffffffff
ffffffff
ffffffff
ffffffff
ffffffff
ffffffff
ffffffff
ffffffff
ffffffff
ffffffff
ffffffff
ffffffff
ffffffff
ffffffff
ffffffff
ffffffff
ffffffff
ffffffff
ffffffff
ffffffff
ffffffff
ffffffff
ffffffff
ffffffff
ffffffff
ffffffff
ffffffff
ffffffff
ffffffff
ffffffff
ffffffff
ffffffff
ffffffff
ffffffff
ffffffff
ffffffff
ffffffff
ffffffff
ffffffff
ffffffff
ffffffff
ffffffff
ffffffff
ffffffff
ffffffff
ffffffff
ffffffff
ffffffff
ffffffff
ffffffff
ffffffff
ffffffff
ffffffff
ffffffff
ffffffff
ffffffff
ffffffff
ffffffff
ffffffff
ffffffff
ffffffff
ffffffff
ffffffff
ffffffff
ffffffff
ffffffff
ffffffff
ffffffff
ffffffff
ffffffff
ffffffff
ffffffff
ffffffff
ffffffff
ffffffff
ffffffff
ffffffff
ffffffff
ffffffff
ffffffff
ffffffff
ffffffff
ffffffff
ffffffff
ffffffff
ffffffff
ffffffff
ffffffff
ffffffff
ffffffff
ffffffff
ffffffff
ffffffff
ffffffff
ffffffff
ffffffff
ffffffff
ffffffff
ffffffff
ffffffff
ffffffff
ffffffff
ffffffff
ffffffff
ffffffff
ffffffff
ffffffff
ffffffff
ffffffff
ffffffff
ffffffff
ffffffff
ffffffff
ffffffff
ffffffff
ffffffff
ffffffff
ffffffff
ffffffff
ffffffff
ffffffff
ffffffff
ffffffff
ffffffff
ffffffff
ffffffff
ffffffff
ffffffff
ffffffff
ffffffff
ffffffff
ffffffff
ffffffff
ffffffff
ffffffff
ffffffff
ffffffff
ffffffff
ffffffff
ffffffff
ffffffff
ffffffff
ffffffff
ffffffff
ffffffff
ffffffff
ffffffff
ffffffff
ffffffff
ffffffff
ffffffff
ffffffff
ffffffff
ffffffff
ffffffff
ffffffff
ffffffff
ffffffff
ffffffff
ffffffff
ffffffff
ffffffff
ffffffff
ffffffff
ffffffff
ffffffff
ffffffff
ffffffff
ffffffff
ffffffff
ffffffff
ffffffff
ffffffff
ffffffff
ffffffff
ffffffff
ffffffff
ffffffff
ffffffff
ffffffff
ffffffff
ffffffff
ffffffff
ffffffff
ffffffff
ffffffff
ffffffff
ffffffff
ffffffff
ffffffff
ffffffff
ffffffff
ffffffff
ffffffff
ffffffff
ffffffff
ffffffff
ffffffff
ffffffff
ffffffff
ffffffff
ffffffff
ffffffff
ffffffff
ffffffff
ffffffff
ffffffff
ffffffff
ffffffff
ffffffff
ffffffff
ffffffff
ffffffff
ffffffff
ffffffff
ffffffff
ffffffff
ffffffff
ffffffff
ffffffff
ffffffff
ffffffff
ffffffff
ffffffff
ffffffff
ffffffff
ffffffff
ffffffff
ffffffff
ffffffff
ffffffff
ffffffff
ffffffff
ffffffff
ffffffff
ffffffff
ffffffff
ffffffff
ffffffff
ffffffff
ffffffff
ffffffff
ffffffff
ffffffff
ffffffff
ffffffff
ffffffff
ffffffff
ffffffff
ffffffff
ffffffff
ffffffff
ffffffff
ffffffff
ffffffff
ffffffff
ffffffff
ffffffff
ffffffff
ffffffff
ffffffff
ffffffff
ffffffff
ffffffff
ffffffff
ffffffff
ffffffff
ffffffff
ffffffff
ffffffff
ffffffff
ffffffff
ffffffff
ffffffff
ffffffff
ffffffff
ffffffff
ffffffff
ffffffff
ffffffff
ffffffff
ffffffff
ffffffff
ffffffff
ffffffff
ffffffff
ffffffff
ffffffff
ffffffff
ffffffff
ffffffff
ffffffff
ffffffff
ffffffff
ffffffff
ffffffff
ffffffff
ffffffff
ffffffff
ffffffff
ffffffff
ffffffff
ffffffff
ffffffff
ffffffff
ffffffff
ffffffff
ffffffff
ffffffff
ffffffff
ffffffff
ffffffff
ffffffff
ffffffff
ffffffff
ffffffff
ffffffff
ffffffff
ffffffff
ffffffff
ffffffff
ffffffff
ffffffff
ffffffff
ffffffff
ffffffff
ffffffff
ffffffff
ffffffff
ffffffff
ffffffff
ffffffff
ffffffff
ffffffff
ffffffff
ffffffff
ffffffff
ffffffff
ffffffff
ffffffff
ffffffff
ffffffff
ffffffff
ffffffff
ffffffff
ffffffff
ffffffff
ffffffff
ffffffff
ffffffff
ffffffff
ffffffff
ffffffff
ffffffff
ffffffff
ffffffff
ffffffff
ffffffff
ffffffff
ffffffff
ffffffff
ffffffff
ffffffff
ffffffff
ffffffff
ffffffff
ffffffff
ffffffff
ffffffff
ffffffff
ffffffff
ffffffff
ffffffff
ffffffff
ffffffff
ffffffff
ffffffff
ffffffff
ffffffff
ffffffff
ffffffff
ffffffff
ffffffff
ffffffff
ffffffff
ffffffff
ffffffff
ffffffff
ffffffff
ffffffff
ffffffff
ffffffff
ffffffff
ffffffff
ffffffff
ffffffff
ffffffff
ffffffff
ffffffff
ffffffff
ffffffff
ffffffff
ffffffff
ffffffff
ffffffff
ffffffff
ffffffff
ffffffff
ffffffff
ffffffff
ffffffff
ffffffff
ffffffff
ffffffff
ffffffff
ffffffff
ffffffff
ffffffff
ffffffff
ffffffff
ffffffff
ffffffff
ffffffff
ffffffff
ffffffff
ffffffff
ffffffff
ffffffff
ffffffff
ffffffff
ffffffff
ffffffff
ffffffff
ffffffff
ffffffff
ffffffff
ffffffff
ffffffff
ffffffff
ffffffff
ffffffff
ffffffff
ffffffff
ffffffff
ffffffff
ffffffff
ffffffff
ffffffff
ffffffff
ffffffff
ffffffff
ffffffff
ffffffff
ffffffff
ffffffff
ffffffff
ffffffff
ffffffff
ffffffff
ffffffff
ffffffff
ffffffff
ffffffff
ffffffff
ffffffff
ffffffff
ffffffff
ffffffff
ffffffff
ffffffff
ffffffff
ffffffff
ffffffff
ffffffff
ffffffff
ffffffff
ffffffff
ffffffff
ffffffff
ffffffff
ffffffff
ffffffff
ffffffff
ffffffff
ffffffff
ffffffff
ffffffff
ffffffff
ffffffff
ffffffff
ffffffff
ffffffff
ffffffff
ffffffff
ffffffff
ffffffff
ffffffff
ffffffff
ffffffff
ffffffff
ffffffff
ffffffff
ffffffff
ffffffff
ffffffff
ffffffff
ffffffff
ffffffff
ffffffff
ffffffff
ffffffff
ffffffff
ffffffff
ffffffff
ffffffff
ffffffff
ffffffff
ffffffff
ffffffff
ffffffff
ffffffff
ffffffff
ffffffff
ffffffff
ffffffff
ffffffff
ffffffff
ffffffff
ffffffff
ffffffff
ffffffff
ffffffff
ffffffff
ffffffff
ffffffff
ffffffff
ffffffff
ffffffff
ffffffff
ffffffff
ffffffff
ffffffff
ffffffff
ffffffff
ffffffff
ffffffff
ffffffff
ffffffff
ffffffff
ffffffff
ffffffff
ffffffff
ffffffff
ffffffff
ffffffff
ffffffff
ffffffff
ffffffff
ffffffff
ffffffff
ffffffff
ffffffff
ffffffff
ffffffff
ffffffff
ffffffff
ffffffff
ffffffff
ffffffff
ffffffff
ffffffff
ffffffff
ffffffff
ffffffff
ffffffff
ffffffff
ffffffff
ffffffff
ffffffff
ffffffff
ffffffff
ffffffff
ffffffff
ffffffff
ffffffff
ffffffff
ffffffff
ffffffff
ffffffff
ffffffff
ffffffff
ffffffff
ffffffff
ffffffff
ffffffff
ffffffff
ffffffff
ffffffff
ffffffff
ffffffff
ffffffff
ffffffff
ffffffff
ffffffff
ffffffff
ffffffff
ffffffff
ffffffff
ffffffff
ffffffff
ffffffff
ffffffff
ffffffff
ffffffff
ffffffff
ffffffff
ffffffff
ffffffff
ffffffff
ffffffff
ffffffff
ffffffff
ffffffff
ffffffff
ffffffff
ffffffff
ffffffff
ffffffff
ffffffff
ffffffff
ffffffff
ffffffff
ffffffff
ffffffff
ffffffff
ffffffff
ffffffff
ffffffff
ffffffff
ffffffff
ffffffff
ffffffff
ffffffff
ffffffff
ffffffff
ffffffff
ffffffff
ffffffff
ffffffff
ffffffff
ffffffff
ffffffff
ffffffff
ffffffff
ffffffff
ffffffff
ffffffff
ffffffff
ffffffff
ffffffff
ffffffff
ffffffff
ffffffff
ffffffff
ffffffff
ffffffff
ffffffff
ffffffff
ffffffff
ffffffff
ffffffff
ffffffff
ffffffff
ffffffff
ffffffff
ffffffff
ffffffff
ffffffff
ffffffff
ffffffff
ffffffff
ffffffff
ffffffff
ffffffff
ffffffff
ffffffff
ffffffff
ffffffff
ffffffff
ffffffff
ffffffff
ffffffff
ffffffff
ffffffff
ffffffff
ffffffff
ffffffff
ffffffff
ffffffff
ffffffff
ffffffff
ffffffff
ffffffff
ffffffff
ffffffff
ffffffff
ffffffff
ffffffff
ffffffff
ffffffff
ffffffff
ffffffff
ffffffff
ffffffff
ffffffff
ffffffff
ffffffff
ffffffff
ffffffff
ffffffff
ffffffff
ffffffff
ffffffff
ffffffff
ffffffff
ffffffff
ffffffff
ffffffff
ffffffff
ffffffff
ffffffff
ffffffff
ffffffff
ffffffff
ffffffff
ffffffff
ffffffff
ffffffff
ffffffff
ffffffff
ffffffff
ffffffff
ffffffff
ffffffff
ffffffff
ffffffff
ffffffff
ffffffff
ffffffff
ffffffff
ffffffff
ffffffff
ffffffff
ffffffff
ffffffff
ffffffff
ffffffff
ffffffff
ffffffff
ffffffff
ffffffff
ffffffff
ffffffff
ffffffff
ffffffff
ffffffff
ffffffff
ffffffff
ffffffff
ffffffff
ffffffff
ffffffff
ffffffff
ffffffff
ffffffff
ffffffff
ffffffff
ffffffff
ffffffff
ffffffff
ffffffff
ffffffff
ffffffff
ffffffff
ffffffff
ffffffff
ffffffff
ffffffff
ffffffff
ffffffff
ffffffff
ffffffff
ffffffff
ffffffff
ffffffff
ffffffff
ffffffff
ffffffff
ffffffff
ffffffff
ffffffff
ffffffff
ffffffff
ffffffff
ffffffff
ffffffff
ffffffff
ffffffff
ffffffff
ffffffff
ffffffff
ffffffff
ffffffff
ffffffff
ffffffff
ffffffff
ffffffff
ffffffff
ffffffff
ffffffff
ffffffff
ffffffff
ffffffff
ffffffff
ffffffff
ffffffff
ffffffff
ffffffff
ffffffff
ffffffff
ffffffff
ffffffff
ffffffff
ffffffff
ffffffff
ffffffff
ffffffff
ffffffff
ffffffff
ffffffff
ffffffff
ffffffff
ffffffff
ffffffff
ffffffff
ffffffff
ffffffff
ffffffff
ffffffff
ffffffff
ffffffff
ffffffff
ffffffff
ffffffff
ffffffff
ffffffff
ffffffff
ffffffff
ffffffff
ffffffff
ffffffff
ffffffff
ffffffff
ffffffff
ffffffff
ffffffff
ffffffff
ffffffff
ffffffff
ffffffff
ffffffff
ffffffff
ffffffff
ffffffff
ffffffff
ffffffff
ffffffff
ffffffff
ffffffff
ffffffff
ffffffff
ffffffff
ffffffff
ffffffff
ffffffff
ffffffff
ffffffff
ffffffff
ffffffff
ffffffff
ffffffff
ffffffff
ffffffff
ffffffff
ffffffff
ffffffff
ffffffff
ffffffff
ffffffff
ffffffff
ffffffff
ffffffff
ffffffff
ffffffff
ffffffff
ffffffff
ffffffff
ffffffff
ffffffff
ffffffff
ffffffff
ffffffff
ffffffff
ffffffff
ffffffff
ffffffff
ffffffff
ffffffff
ffffffff
ffffffff
ffffffff
ffffffff
ffffffff
ffffffff
ffffffff
ffffffff
ffffffff
ffffffff
ffffffff
ffffffff
ffffffff
ffffffff
ffffffff
ffffffff
ffffffff
ffffffff
ffffffff
ffffffff
ffffffff
ffffffff
ffffffff
ffffffff
ffffffff
ffffffff
ffffffff
ffffffff
ffffffff
ffffffff
ffffffff
ffffffff
ffffffff
ffffffff
ffffffff
ffffffff
ffffffff
ffffffff
ffffffff
ffffffff
ffffffff
ffffffff
ffffffff
ffffffff
ffffffff
ffffffff
ffffffff
ffffffff
ffffffff
ffffffff
ffffffff
ffffffff
ffffffff
ffffffff
ffffffff
ffffffff
ffffffff
ffffffff
ffffffff
ffffffff
ffffffff
ffffffff
ffffffff
ffffffff
ffffffff
ffffffff
ffffffff
ffffffff
ffffffff
ffffffff
ffffffff
ffffffff
ffffffff
ffffffff
ffffffff
ffffffff
ffffffff
ffffffff
ffffffff
ffffffff
ffffffff
ffffffff
ffffffff
ffffffff
ffffffff
ffffffff
ffffffff
ffffffff
ffffffff
ffffffff
ffffffff
ffffffff
ffffffff
ffffffff
ffffffff
ffffffff
ffffffff
ffffffff
ffffffff
ffffffff
ffffffff
ffffffff
ffffffff
ffffffff
ffffffff
ffffffff
ffffffff
ffffffff
ffffffff
ffffffff
ffffffff
ffffffff
ffffffff
ffffffff
ffffffff
ffffffff
ffffffff
ffffffff
ffffffff
ffffffff
ffffffff
ffffffff
ffffffff
ffffffff
ffffffff
ffffffff
ffffffff
ffffffff
ffffffff
ffffffff
ffffffff
ffffffff
ffffffff
ffffffff
ffffffff
ffffffff
ffffffff
ffffffff
ffffffff
ffffffff
ffffffff
ffffffff
ffffffff
ffffffff
ffffffff
ffffffff
ffffffff
ffffffff
ffffffff
ffffffff
ffffffff
ffffffff
ffffffff
ffffffff
ffffffff
ffffffff
ffffffff
ffffffff
ffffffff
ffffffff
ffffffff
ffffffff
ffffffff
ffffffff
ffffffff
ffffffff
ffffffff
ffffffff
ffffffff
ffffffff
ffffffff
ffffffff
ffffffff
ffffffff
ffffffff
ffffffff
ffffffff
ffffffff
ffffffff
ffffffff
ffffffff
ffffffff
ffffffff
ffffffff
ffffffff
ffffffff
ffffffff
ffffffff
ffffffff
ffffffff
ffffffff
ffffffff
ffffffff
ffffffff
ffffffff
ffffffff
ffffffff
ffffffff
ffffffff
ffffffff
ffffffff
ffffffff
ffffffff
ffffffff
ffffffff
ffffffff
ffffffff
ffffffff
ffffffff
ffffffff
ffffffff
ffffffff
ffffffff
ffffffff
ffffffff
ffffffff
ffffffff
ffffffff
ffffffff
ffffffff
ffffffff
ffffffff
ffffffff
ffffffff
ffffffff
ffffffff
ffffffff
ffffffff
ffffffff
ffffffff
ffffffff
ffffffff
ffffffff
ffffffff
ffffffff
ffffffff
ffffffff
ffffffff
ffffffff
ffffffff
ffffffff
ffffffff
ffffffff
ffffffff
ffffffff
ffffffff
ffffffff
ffffffff
ffffffff
ffffffff
ffffffff
ffffffff
ffffffff
ffffffff
ffffffff
ffffffff
ffffffff
ffffffff
ffffffff
ffffffff
ffffffff
ffffffff
ffffffff
ffffffff
ffffffff
ffffffff
ffffffff
ffffffff
ffffffff
ffffffff
ffffffff
ffffffff
ffffffff
ffffffff
ffffffff
ffffffff
ffffffff
ffffffff
ffffffff
ffffffff
ffffffff
ffffffff
ffffffff
ffffffff
ffffffff
ffffffff
ffffffff
ffffffff
ffffffff
ffffffff
ffffffff
ffffffff
ffffffff
ffffffff
ffffffff
ffffffff
ffffffff
ffffffff
ffffffff
ffffffff
ffffffff
ffffffff
ffffffff
ffffffff
ffffffff
ffffffff
ffffffff
ffffffff
ffffffff
ffffffff
ffffffff
ffffffff
ffffffff
ffffffff
ffffffff
ffffffff
ffffffff
ffffffff
ffffffff
ffffffff
ffffffff
ffffffff
ffffffff
ffffffff
ffffffff
ffffffff
ffffffff
ffffffff
ffffffff
ffffffff
ffffffff
ffffffff
ffffffff
ffffffff
ffffffff
ffffffff
ffffffff
ffffffff
ffffffff
ffffffff
ffffffff
ffffffff
ffffffff
ffffffff
ffffffff
ffffffff
ffffffff
ffffffff
ffffffff
ffffffff
ffffffff
ffffffff
ffffffff
ffffffff
ffffffff
ffffffff
ffffffff
ffffffff
ffffffff
ffffffff
ffffffff
ffffffff
ffffffff
ffffffff
ffffffff
ffffffff
ffffffff
ffffffff
ffffffff
ffffffff
ffffffff
ffffffff
ffffffff
ffffffff
ffffffff
ffffffff
ffffffff
ffffffff
ffffffff
ffffffff
ffffffff
ffffffff
ffffffff
ffffffff
ffffffff
ffffffff
ffffffff
ffffffff
ffffffff
ffffffff
ffffffff
ffffffff
ffffffff
ffffffff
ffffffff
ffffffff
ffffffff
ffffffff
ffffffff
ffffffff
ffffffff
ffffffff
ffffffff
ffffffff
ffffffff
ffffffff
ffffffff
ffffffff
ffffffff
ffffffff
ffffffff
ffffffff
ffffffff
ffffffff
ffffffff
ffffffff
ffffffff
ffffffff
ffffffff
ffffffff
ffffffff
ffffffff
ffffffff
ffffffff
ffffffff
ffffffff
ffffffff
ffffffff
ffffffff
ffffffff
ffffffff
ffffffff
ffffffff
ffffffff
ffffffff
ffffffff
ffffffff
ffffffff
ffffffff
ffffffff
ffffffff
ffffffff
ffffffff
ffffffff
ffffffff
ffffffff
ffffffff
ffffffff
ffffffff
ffffffff
ffffffff
ffffffff
ffffffff
ffffffff
ffffffff
ffffffff
ffffffff
ffffffff
ffffffff
ffffffff
ffffffff
ffffffff
ffffffff
ffffffff
ffffffff
ffffffff
ffffffff
ffffffff
ffffffff
ffffffff
ffffffff
ffffffff
ffffffff
ffffffff
ffffffff
ffffffff
ffffffff
ffffffff
ffffffff
ffffffff
ffffffff
ffffffff
ffffffff
ffffffff
ffffffff
ffffffff
ffffffff
ffffffff
ffffffff
ffffffff
ffffffff
ffffffff
ffffffff
ffffffff
ffffffff
ffffffff
ffffffff
ffffffff
ffffffff
ffffffff
ffffffff
ffffffff
ffffffff
ffffffff
ffffffff
ffffffff
ffffffff
ffffffff
ffffffff
ffffffff
ffffffff
ffffffff
ffffffff
ffffffff
ffffffff
ffffffff
ffffffff
ffffffff
ffffffff
ffffffff
ffffffff
ffffffff
ffffffff
ffffffff
ffffffff
ffffffff
ffffffff
ffffffff
ffffffff
ffffffff
ffffffff
ffffffff
ffffffff
ffffffff
ffffffff
ffffffff
ffffffff
ffffffff
ffffffff
ffffffff
ffffffff
ffffffff
ffffffff
ffffffff
ffffffff
ffffffff
ffffffff
ffffffff
ffffffff
ffffffff
ffffffff
ffffffff
ffffffff
ffffffff
ffffffff
ffffffff
ffffffff
ffffffff
ffffffff
ffffffff
ffffffff
ffffffff
ffffffff
ffffffff
ffffffff
ffffffff
ffffffff
ffffffff
ffffffff
ffffffff
ffffffff
ffffffff
ffffffff
ffffffff
ffffffff
ffffffff
ffffffff
ffffffff
ffffffff
ffffffff
ffffffff
ffffffff
ffffffff
ffffffff
ffffffff
ffffffff
ffffffff
ffffffff
ffffffff
ffffffff
ffffffff
ffffffff
ffffffff
ffffffff
ffffffff
ffffffff
ffffffff
ffffffff
ffffffff
ffffffff
ffffffff
ffffffff
ffffffff
ffffffff
ffffffff
ffffffff
ffffffff
ffffffff
ffffffff
ffffffff
ffffffff
ffffffff
ffffffff
ffffffff
ffffffff
ffffffff
ffffffff
ffffffff
ffffffff
ffffffff
ffffffff
ffffffff
ffffffff
ffffffff
ffffffff
ffffffff
ffffffff
ffffffff
ffffffff
ffffffff
ffffffff
ffffffff
ffffffff
ffffffff
ffffffff
ffffffff
ffffffff
ffffffff
ffffffff
ffffffff
ffffffff
ffffffff
ffffffff
ffffffff
ffffffff
ffffffff
ffffffff
ffffffff
ffffffff
ffffffff
ffffffff
ffffffff
ffffffff
ffffffff
ffffffff
ffffffff
ffffffff
ffffffff
ffffffff
ffffffff
ffffffff
ffffffff
ffffffff
ffffffff
ffffffff
ffffffff
ffffffff
ffffffff
ffffffff
ffffffff
ffffffff
ffffffff
ffffffff
ffffffff
ffffffff
ffffffff
ffffffff
ffffffff
ffffffff
ffffffff
ffffffff
ffffffff
ffffffff
ffffffff
ffffffff
ffffffff
ffffffff
ffffffff
ffffffff
ffffffff
ffffffff
ffffffff
ffffffff
ffffffff
ffffffff
ffffffff
ffffffff
ffffffff
ffffffff
ffffffff
ffffffff
ffffffff
ffffffff
ffffffff
ffffffff
ffffffff
ffffffff
ffffffff
ffffffff
ffffffff
ffffffff
ffffffff
ffffffff
ffffffff
ffffffff
ffffffff
ffffffff
ffffffff
ffffffff
ffffffff
ffffffff
ffffffff
ffffffff
ffffffff
ffffffff
ffffffff
ffffffff
ffffffff
ffffffff
ffffffff
ffffffff
ffffffff
ffffffff
ffffffff
ffffffff
ffffffff
ffffffff
ffffffff
ffffffff
ffffffff
ffffffff
ffffffff
ffffffff
ffffffff
ffffffff
ffffffff
ffffffff
ffffffff
ffffffff
ffffffff
ffffffff
ffffffff
ffffffff
ffffffff
ffffffff
ffffffff
ffffffff
ffffffff
ffffffff
ffffffff
ffffffff
ffffffff
ffffffff
ffffffff
ffffffff
ffffffff
ffffffff
ffffffff
ffffffff
ffffffff
ffffffff
ffffffff
ffffffff
ffffffff
ffffffff
ffffffff
ffffffff
ffffffff
ffffffff
ffffffff
ffffffff
ffffffff
ffffffff
ffffffff
ffffffff
ffffffff
ffffffff
ffffffff
ffffffff
ffffffff
ffffffff
ffffffff
ffffffff
ffffffff
ffffffff
ffffffff
ffffffff
ffffffff
ffffffff
ffffffff
ffffffff
ffffffff
ffffffff
ffffffff
ffffffff
ffffffff
ffffffff
ffffffff
ffffffff
ffffffff
ffffffff
ffffffff
ffffffff
ffffffff
ffffffff
ffffffff
ffffffff
ffffffff
ffffffff
ffffffff
ffffffff
ffffffff
ffffffff
ffffffff
ffffffff
ffffffff
ffffffff
ffffffff
ffffffff
ffffffff
ffffffff
ffffffff
ffffffff
ffffffff
ffffffff
ffffffff
ffffffff
ffffffff
ffffffff
ffffffff
ffffffff
ffffffff
ffffffff
ffffffff
ffffffff
ffffffff
ffffffff
ffffffff
ffffffff
ffffffff
ffffffff
ffffffff
ffffffff
ffffffff
ffffffff
ffffffff
ffffffff
ffffffff
ffffffff
ffffffff
ffffffff
ffffffff
ffffffff
ffffffff
ffffffff
ffffffff
ffffffff
ffffffff
ffffffff
ffffffff
ffffffff
ffffffff
ffffffff
ffffffff
ffffffff
ffffffff
ffffffff
ffffffff
ffffffff
ffffffff
ffffffff
ffffffff
ffffffff
ffffffff
ffffffff
ffffffff
ffffffff
ffffffff
ffffffff
ffffffff
ffffffff
ffffffff
ffffffff
ffffffff
ffffffff
ffffffff
ffffffff
ffffffff
ffffffff
ffffffff
ffffffff
ffffffff
ffffffff
ffffffff
ffffffff
ffffffff
ffffffff
ffffffff
ffffffff
ffffffff
ffffffff
ffffffff
ffffffff
ffffffff
ffffffff
ffffffff
ffffffff
ffffffff
ffffffff
ffffffff
ffffffff
ffffffff
ffffffff
ffffffff
ffffffff
ffffffff
ffffffff
ffffffff
ffffffff
ffffffff
ffffffff
ffffffff
ffffffff
ffffffff
ffffffff
ffffffff
ffffffff
ffffffff
ffffffff
ffffffff
ffffffff
ffffffff
ffffffff
ffffffff
ffffffff
ffffffff
ffffffff
ffffffff
ffffffff
ffffffff
ffffffff
ffffffff
ffffffff
ffffffff
ffffffff
ffffffff
ffffffff
ffffffff
ffffffff
ffffffff
ffffffff
ffffffff
ffffffff
ffffffff
ffffffff
ffffffff
ffffffff
ffffffff
ffffffff
ffffffff
ffffffff
ffffffff
ffffffff
ffffffff
ffffffff
ffffffff
ffffffff
ffffffff
ffffffff
ffffffff
ffffffff
ffffffff
ffffffff
ffffffff
ffffffff
ffffffff
ffffffff
ffffffff
ffffffff
ffffffff
ffffffff
ffffffff
ffffffff
ffffffff
ffffffff
ffffffff
ffffffff
ffffffff
ffffffff
ffffffff
ffffffff
ffffffff
ffffffff
ffffffff
ffffffff
ffffffff
ffffffff
ffffffff
ffffffff
ffffffff
ffffffff
ffffffff
ffffffff
ffffffff
ffffffff
ffffffff
ffffffff
ffffffff
ffffffff
ffffffff
ffffffff
ffffffff
ffffffff
ffffffff
ffffffff
ffffffff
ffffffff
ffffffff
ffffffff
ffffffff
ffffffff
ffffffff
ffffffff
ffffffff
ffffffff
ffffffff
ffffffff
ffffffff
ffffffff
ffffffff
ffffffff
ffffffff
ffffffff
ffffffff
ffffffff
ffffffff
ffffffff
ffffffff
ffffffff
ffffffff
ffffffff
ffffffff
ffffffff
ffffffff
ffffffff
ffffffff
ffffffff
ffffffff
ffffffff
ffffffff
ffffffff
ffffffff
ffffffff
ffffffff
ffffffff
ffffffff
ffffffff
ffffffff
ffffffff
ffffffff
ffffffff
ffffffff
ffffffff
ffffffff
ffffffff
ffffffff
ffffffff
ffffffff
ffffffff
ffffffff
ffffffff
ffffffff
ffffffff
ffffffff
ffffffff
ffffffff
ffffffff
ffffffff
ffffffff
ffffffff
ffffffff
ffffffff
ffffffff
ffffffff
ffffffff
ffffffff
ffffffff
ffffffff
ffffffff
ffffffff
ffffffff
ffffffff
ffffffff
ffffffff
ffffffff
ffffffff
ffffffff
ffffffff
ffffffff
ffffffff
ffffffff
ffffffff
ffffffff
ffffffff
ffffffff
ffffffff
ffffffff
ffffffff
ffffffff
ffffffff
ffffffff
ffffffff
ffffffff
ffffffff
ffffffff
ffffffff
ffffffff
ffffffff
ffffffff
ffffffff
ffffffff
ffffffff
ffffffff
ffffffff
ffffffff
ffffffff
ffffffff
ffffffff
ffffffff
ffffffff
ffffffff
ffffffff
ffffffff
ffffffff
ffffffff
ffffffff
ffffffff
ffffffff
ffffffff
ffffffff
ffffffff
ffffffff
ffffffff
ffffffff
ffffffff
ffffffff
ffffffff
ffffffff
ffffffff
ffffffff
ffffffff
ffffffff
ffffffff
ffffffff
ffffffff
ffffffff
ffffffff
ffffffff
ffffffff
ffffffff
ffffffff
ffffffff
ffffffff
ffffffff
ffffffff
ffffffff
ffffffff
ffffffff
ffffffff
ffffffff
ffffffff
ffffffff
ffffffff
ffffffff
ffffffff
ffffffff
ffffffff
ffffffff
ffffffff
ffffffff
ffffffff
ffffffff
ffffffff
ffffffff
ffffffff
ffffffff
ffffffff
ffffffff
ffffffff
ffffffff
ffffffff
ffffffff
ffffffff
ffffffff
ffffffff
ffffffff
ffffffff
ffffffff
ffffffff
ffffffff
ffffffff
ffffffff
ffffffff
ffffffff
ffffffff
ffffffff
ffffffff
ffffffff
ffffffff
ffffffff
ffffffff
ffffffff
ffffffff
ffffffff
ffffffff
ffffffff
ffffffff
ffffffff
ffffffff
ffffffff
ffffffff
ffffffff
ffffffff
ffffffff
ffffffff
ffffffff
ffffffff
ffffffff
ffffffff
ffffffff
ffffffff
ffffffff
ffffffff
ffffffff
ffffffff
ffffffff
ffffffff
ffffffff
ffffffff
ffffffff
ffffffff
ffffffff
ffffffff
ffffffff
ffffffff
ffffffff
ffffffff
ffffffff
ffffffff
ffffffff
ffffffff
ffffffff
ffffffff
ffffffff
ffffffff
ffffffff
ffffffff
ffffffff
ffffffff
ffffffff
ffffffff
ffffffff
ffffffff
ffffffff
ffffffff
ffffffff
ffffffff
ffffffff
ffffffff
ffffffff
ffffffff
ffffffff
ffffffff
ffffffff
ffffffff
ffffffff
ffffffff
ffffffff
ffffffff
ffffffff
ffffffff
ffffffff
ffffffff
ffffffff
ffffffff
ffffffff
ffffffff
ffffffff
ffffffff
ffffffff
ffffffff
ffffffff
ffffffff
ffffffff
ffffffff
ffffffff
ffffffff
ffffffff
ffffffff
ffffffff
ffffffff
ffffffff
ffffffff
ffffffff
ffffffff
ffffffff
ffffffff
ffffffff
ffffffff
ffffffff
ffffffff
ffffffff
ffffffff
ffffffff
ffffffff
ffffffff
ffffffff
ffffffff
ffffffff
ffffffff
ffffffff
ffffffff
ffffffff
ffffffff
ffffffff
ffffffff
ffffffff
ffffffff
ffffffff
ffffffff
ffffffff
ffffffff
ffffffff
ffffffff
ffffffff
ffffffff
ffffffff
ffffffff
ffffffff
ffffffff
ffffffff
ffffffff
ffffffff
ffffffff
ffffffff
ffffffff
ffffffff
ffffffff
ffffffff
ffffffff
ffffffff
ffffffff
ffffffff
ffffffff
ffffffff
ffffffff
ffffffff
ffffffff
ffffffff
ffffffff
ffffffff
ffffffff
ffffffff
ffffffff
ffffffff
ffffffff
ffffffff
ffffffff
ffffffff
ffffffff
ffffffff
ffffffff
ffffffff
ffffffff
ffffffff
ffffffff
ffffffff
ffffffff
ffffffff
ffffffff
ffffffff
ffffffff
ffffffff
ffffffff
ffffffff
ffffffff
ffffffff
ffffffff
ffffffff
ffffffff
ffffffff
ffffffff
ffffffff
ffffffff
ffffffff
ffffffff
ffffffff
ffffffff
ffffffff
ffffffff
ffffffff
ffffffff
ffffffff
ffffffff
ffffffff
ffffffff
ffffffff
ffffffff
ffffffff
ffffffff
ffffffff
ffffffff
ffffffff
ffffffff
ffffffff
ffffffff
ffffffff
ffffffff
ffffffff
ffffffff
ffffffff
ffffffff
ffffffff
ffffffff
ffffffff
ffffffff
ffffffff
ffffffff
ffffffff
ffffffff
ffffffff
ffffffff
ffffffff
ffffffff
ffffffff
ffffffff
ffffffff
ffffffff
ffffffff
ffffffff
ffffffff
ffffffff
ffffffff
ffffffff
ffffffff
ffffffff
ffffffff
ffffffff
ffffffff
ffffffff
ffffffff
ffffffff
ffffffff
ffffffff
ffffffff
ffffffff
ffffffff
ffffffff
ffffffff
ffffffff
ffffffff
ffffffff
ffffffff
ffffffff
ffffffff
ffffffff
ffffffff
ffffffff
ffffffff
ffffffff
ffffffff
ffffffff
ffffffff
ffffffff
ffffffff
ffffffff
ffffffff
ffffffff
ffffffff
ffffffff
ffffffff
ffffffff
ffffffff
ffffffff
ffffffff
ffffffff
ffffffff
ffffffff
ffffffff
ffffffff
ffffffff
ffffffff
ffffffff
ffffffff
ffffffff
ffffffff
ffffffff
ffffffff
ffffffff
ffffffff
ffffffff
ffffffff
ffffffff
ffffffff
ffffffff
ffffffff
ffffffff
ffffffff
ffffffff
ffffffff
ffffffff
ffffffff
ffffffff
ffffffff
ffffffff
ffffffff
ffffffff
ffffffff
ffffffff
ffffffff
ffffffff
ffffffff
ffffffff
ffffffff
ffffffff
ffffffff
ffffffff
ffffffff
ffffffff
ffffffff
ffffffff
ffffffff
ffffffff
ffffffff
ffffffff
ffffffff
ffffffff
ffffffff
ffffffff
ffffffff
ffffffff
ffffffff
ffffffff
ffffffff
ffffffff
ffffffff
ffffffff
ffffffff
ffffffff
ffffffff
ffffffff
ffffffff
ffffffff
ffffffff
ffffffff
ffffffff
ffffffff
ffffffff
ffffffff
ffffffff
ffffffff
ffffffff
ffffffff
ffffffff
ffffffff
ffffffff
ffffffff
ffffffff
ffffffff
ffffffff
ffffffff
ffffffff
ffffffff
ffffffff
ffffffff
ffffffff
ffffffff
ffffffff
ffffffff
ffffffff
ffffffff
ffffffff
ffffffff
ffffffff
ffffffff
ffffffff
ffffffff
ffffffff
ffffffff
ffffffff
ffffffff
ffffffff
ffffffff
ffffffff
ffffffff
ffffffff
ffffffff
ffffffff
ffffffff
ffffffff
ffffffff
ffffffff
ffffffff
ffffffff
ffffffff
ffffffff
ffffffff
ffffffff
ffffffff
ffffffff
ffffffff
ffffffff
ffffffff
ffffffff
ffffffff
ffffffff
ffffffff
ffffffff
ffffffff
ffffffff
ffffffff
ffffffff
ffffffff
ffffffff
ffffffff
ffffffff
ffffffff
ffffffff
ffffffff
ffffffff
ffffffff
ffffffff
ffffffff
ffffffff
ffffffff
ffffffff
ffffffff
ffffffff
ffffffff
ffffffff
ffffffff
ffffffff
ffffffff
ffffffff
ffffffff
ffffffff
ffffffff
ffffffff
ffffffff
ffffffff
ffffffff
ffffffff
ffffffff
ffffffff
ffffffff
ffffffff
ffffffff
ffffffff
ffffffff
ffffffff
ffffffff
ffffffff
ffffffff
ffffffff
ffffffff
ffffffff
ffffffff
ffffffff
ffffffff
ffffffff
ffffffff
ffffffff
ffffffff
ffffffff
ffffffff
ffffffff
ffffffff
ffffffff
ffffffff
ffffffff
ffffffff
ffffffff
ffffffff
ffffffff
ffffffff
ffffffff
ffffffff
ffffffff
ffffffff
ffffffff
ffffffff
ffffffff
ffffffff
ffffffff
ffffffff
ffffffff
ffffffff
ffffffff
ffffffff
ffffffff
ffffffff
ffffffff
ffffffff
ffffffff
ffffffff
ffffffff
ffffffff
ffffffff
ffffffff
ffffffff
ffffffff
ffffffff
ffffffff
ffffffff
ffffffff
ffffffff
ffffffff
ffffffff
ffffffff
ffffffff
ffffffff
ffffffff
ffffffff
ffffffff
ffffffff
ffffffff
ffffffff
ffffffff
ffffffff
ffffffff
ffffffff
ffffffff
ffffffff
ffffffff
ffffffff
ffffffff
ffffffff
ffffffff
ffffffff
ffffffff
ffffffff
ffffffff
ffffffff
ffffffff
ffffffff
ffffffff
ffffffff
ffffffff
ffffffff
ffffffff
ffffffff
ffffffff
ffffffff
ffffffff
ffffffff
ffffffff
ffffffff
ffffffff
ffffffff
ffffffff
ffffffff
ffffffff
ffffffff
ffffffff
ffffffff
ffffffff
ffffffff
ffffffff
ffffffff
ffffffff
ffffffff
ffffffff
ffffffff
ffffffff
ffffffff
ffffffff
ffffffff
ffffffff
ffffffff
ffffffff
ffffffff
ffffffff
ffffffff
ffffffff
ffffffff
ffffffff
ffffffff
ffffffff
ffffffff
ffffffff
ffffffff
ffffffff
ffffffff
ffffffff
ffffffff
ffffffff
ffffffff
ffffffff
ffffffff
ffffffff
ffffffff
ffffffff
ffffffff
ffffffff
ffffffff
ffffffff
ffffffff
ffffffff
ffffffff
ffffffff
ffffffff
ffffffff
ffffffff
ffffffff
ffffffff
ffffffff
ffffffff
ffffffff
ffffffff
ffffffff
ffffffff
ffffffff
ffffffff
ffffffff
ffffffff
ffffffff
ffffffff
ffffffff
ffffffff
ffffffff
ffffffff
ffffffff
ffffffff
ffffffff
ffffffff
ffffffff
ffffffff
ffffffff
ffffffff
ffffffff
ffffffff
ffffffff
ffffffff
ffffffff
ffffffff
ffffffff
ffffffff
ffffffff
ffffffff
ffffffff
ffffffff
ffffffff
ffffffff
ffffffff
ffffffff
ffffffff
ffffffff
ffffffff
ffffffff
ffffffff
ffffffff
ffffffff
ffffffff
ffffffff
ffffffff
ffffffff
ffffffff
ffffffff
ffffffff
ffffffff
ffffffff
ffffffff
ffffffff
ffffffff
ffffffff
ffffffff
ffffffff
ffffffff
ffffffff
ffffffff
ffffffff
ffffffff
ffffffff
ffffffff
ffffffff
ffffffff
ffffffff
ffffffff
ffffffff
ffffffff
ffffffff
ffffffff
ffffffff
ffffffff
ffffffff
ffffffff
ffffffff
ffffffff
ffffffff
ffffffff
ffffffff
ffffffff
ffffffff
ffffffff
ffffffff
ffffffff
ffffffff
ffffffff
ffffffff
ffffffff
ffffffff
ffffffff
ffffffff
ffffffff
ffffffff
ffffffff
ffffffff
ffffffff
ffffffff
ffffffff
ffffffff
ffffffff
ffffffff
ffffffff
ffffffff
ffffffff
ffffffff
ffffffff
ffffffff
ffffffff
ffffffff
ffffffff
ffffffff
ffffffff
ffffffff
ffffffff
ffffffff
ffffffff
ffffffff
ffffffff
ffffffff
ffffffff
ffffffff
ffffffff
ffffffff
ffffffff
ffffffff
ffffffff
ffffffff
ffffffff
ffffffff
ffffffff
ffffffff
ffffffff
ffffffff
ffffffff
ffffffff
ffffffff
ffffffff
ffffffff
ffffffff
ffffffff
ffffffff
ffffffff
ffffffff
ffffffff
ffffffff
ffffffff
ffffffff
ffffffff
ffffffff
ffffffff
ffffffff
ffffffff
ffffffff
ffffffff
ffffffff
ffffffff
ffffffff
ffffffff
ffffffff
ffffffff
ffffffff
ffffffff
ffffffff
ffffffff
ffffffff
ffffffff
ffffffff
ffffffff
ffffffff
ffffffff
ffffffff
ffffffff
ffffffff
ffffffff
ffffffff
ffffffff
ffffffff
ffffffff
ffffffff
ffffffff
ffffffff
ffffffff
ffffffff
ffffffff
ffffffff
ffffffff
ffffffff
ffffffff
ffffffff
ffffffff
ffffffff
ffffffff
ffffffff
ffffffff
ffffffff
ffffffff
ffffffff
ffffffff
ffffffff
ffffffff
ffffffff
ffffffff
ffffffff
ffffffff
ffffffff
ffffffff
ffffffff
ffffffff
ffffffff
ffffffff
ffffffff
ffffffff
ffffffff
ffffffff
ffffffff
ffffffff
ffffffff
ffffffff
ffffffff
ffffffff
ffffffff
ffffffff
ffffffff
ffffffff
ffffffff
ffffffff
ffffffff
ffffffff
ffffffff
ffffffff
ffffffff
ffffffff
ffffffff
ffffffff
ffffffff
ffffffff
ffffffff
ffffffff
ffffffff
ffffffff
ffffffff
ffffffff
ffffffff
ffffffff
ffffffff
ffffffff
ffffffff
ffffffff
ffffffff
ffffffff
ffffffff
ffffffff
ffffffff
ffffffff
ffffffff
ffffffff
ffffffff
ffffffff
ffffffff
ffffffff
ffffffff
ffffffff
ffffffff
ffffffff
ffffffff
ffffffff
ffffffff
ffffffff
ffffffff
ffffffff
ffffffff
ffffffff
ffffffff
ffffffff
ffffffff
ffffffff
ffffffff
ffffffff
ffffffff
ffffffff
ffffffff
ffffffff
ffffffff
ffffffff
ffffffff
ffffffff
ffffffff
ffffffff
ffffffff
ffffffff
ffffffff
ffffffff
ffffffff
ffffffff
ffffffff
ffffffff
ffffffff
ffffffff
ffffffff
ffffffff
ffffffff
ffffffff
ffffffff
ffffffff
ffffffff
ffffffff
ffffffff
ffffffff
ffffffff
ffffffff
ffffffff
ffffffff
ffffffff
ffffffff
ffffffff
ffffffff
ffffffff
ffffffff
ffffffff
ffffffff
ffffffff
ffffffff
ffffffff
ffffffff
ffffffff
ffffffff
ffffffff
ffffffff
ffffffff
ffffffff
ffffffff
ffffffff
ffffffff
ffffffff
ffffffff
ffffffff
ffffffff
ffffffff
ffffffff
ffffffff
ffffffff
ffffffff
ffffffff
ffffffff
ffffffff
ffffffff
ffffffff
ffffffff
ffffffff
ffffffff
ffffffff
ffffffff
ffffffff
ffffffff
ffffffff
ffffffff
ffffffff
ffffffff
ffffffff
ffffffff
ffffffff
ffffffff
ffffffff
ffffffff
ffffffff
ffffffff
ffffffff
ffffffff
ffffffff
ffffffff
ffffffff
ffffffff
ffffffff
ffffffff
ffffffff
ffffffff
ffffffff
ffffffff
ffffffff
ffffffff
ffffffff
ffffffff
ffffffff
ffffffff
ffffffff
ffffffff
ffffffff
ffffffff
ffffffff
ffffffff
ffffffff
ffffffff
ffffffff
ffffffff
ffffffff
ffffffff
ffffffff
ffffffff
ffffffff
ffffffff
ffffffff
ffffffff
ffffffff
ffffffff
ffffffff
ffffffff
ffffffff
ffffffff
ffffffff
ffffffff
ffffffff
ffffffff
ffffffff
ffffffff
ffffffff
ffffffff
ffffffff
ffffffff
ffffffff
ffffffff
ffffffff
ffffffff
ffffffff
ffffffff
ffffffff
ffffffff
ffffffff
ffffffff
ffffffff
ffffffff
ffffffff
ffffffff
ffffffff
ffffffff
ffffffff
ffffffff
ffffffff
ffffffff
ffffffff
ffffffff
ffffffff
ffffffff
ffffffff
ffffffff
ffffffff
ffffffff
ffffffff
ffffffff
ffffffff
ffffffff
ffffffff
ffffffff
ffffffff
ffffffff
ffffffff
ffffffff
ffffffff
ffffffff
ffffffff
ffffffff
ffffffff
ffffffff
ffffffff
ffffffff
ffffffff
ffffffff
ffffffff
ffffffff
ffffffff
ffffffff
ffffffff
ffffffff
ffffffff
ffffffff
ffffffff
ffffffff
ffffffff
ffffffff
ffffffff
ffffffff
ffffffff
ffffffff
ffffffff
ffffffff
ffffffff
ffffffff
ffffffff
ffffffff
ffffffff
ffffffff
ffffffff
ffffffff
ffffffff
ffffffff
ffffffff
ffffffff
ffffffff
ffffffff
ffffffff
ffffffff
ffffffff
ffffffff
ffffffff
ffffffff
ffffffff
ffffffff
ffffffff
ffffffff
ffffffff
ffffffff
ffffffff
ffffffff
ffffffff
ffffffff
ffffffff
ffffffff
ffffffff
ffffffff
ffffffff
ffffffff
ffffffff
ffffffff
ffffffff
ffffffff
ffffffff
ffffffff
ffffffff
ffffffff
ffffffff
ffffffff
ffffffff
ffffffff
ffffffff
ffffffff
ffffffff
ffffffff
ffffffff
ffffffff
ffffffff
ffffffff
ffffffff
ffffffff
ffffffff
ffffffff
ffffffff
ffffffff
ffffffff
ffffffff
ffffffff
ffffffff
ffffffff
ffffffff
ffffffff
ffffffff
ffffffff
ffffffff
ffffffff
ffffffff
ffffffff
ffffffff
ffffffff
ffffffff
ffffffff
ffffffff
ffffffff
ffffffff
ffffffff
ffffffff
ffffffff
ffffffff
ffffffff
ffffffff
ffffffff
ffffffff
ffffffff
ffffffff
ffffffff
ffffffff
ffffffff
ffffffff
ffffffff
ffffffff
ffffffff
ffffffff
ffffffff
ffffffff
ffffffff
ffffffff
ffffffff
ffffffff
ffffffff
ffffffff
ffffffff
ffffffff
ffffffff
ffffffff
ffffffff
ffffffff
ffffffff
ffffffff
ffffffff
ffffffff
ffffffff
ffffffff
ffffffff
ffffffff
ffffffff
ffffffff
ffffffff
ffffffff
ffffffff
ffffffff
ffffffff
ffffffff
ffffffff
ffffffff
ffffffff
ffffffff
ffffffff
ffffffff
ffffffff
ffffffff
ffffffff
ffffffff
ffffffff
ffffffff
ffffffff
ffffffff
ffffffff
ffffffff
ffffffff
ffffffff
ffffffff
ffffffff
ffffffff
ffffffff
ffffffff
ffffffff
ffffffff
ffffffff
ffffffff
ffffffff
ffffffff
ffffffff
ffffffff
ffffffff
ffffffff
ffffffff
ffffffff
ffffffff
ffffffff
ffffffff
ffffffff
ffffffff
ffffffff
ffffffff
ffffffff
ffffffff
ffffffff
ffffffff
ffffffff
ffffffff
ffffffff
ffffffff
ffffffff
ffffffff
ffffffff
ffffffff
ffffffff
ffffffff
ffffffff
ffffffff
ffffffff
ffffffff
ffffffff
ffffffff
ffffffff
ffffffff
ffffffff
ffffffff
ffffffff
ffffffff
ffffffff
ffffffff
ffffffff
ffffffff
ffffffff
ffffffff
ffffffff
ffffffff
ffffffff
ffffffff
ffffffff
ffffffff
ffffffff
ffffffff
ffffffff
ffffffff
ffffffff
ffffffff
ffffffff
ffffffff
ffffffff
ffffffff
ffffffff
ffffffff
ffffffff
ffffffff
ffffffff
ffffffff
ffffffff
ffffffff
ffffffff
ffffffff
ffffffff
ffffffff
ffffffff
ffffffff
ffffffff
ffffffff
ffffffff
ffffffff
ffffffff
ffffffff
ffffffff
ffffffff
ffffffff
ffffffff
ffffffff
ffffffff
ffffffff
ffffffff
ffffffff
ffffffff
ffffffff
ffffffff
ffffffff
ffffffff
ffffffff
ffffffff
ffffffff
ffffffff
ffffffff
ffffffff
ffffffff
ffffffff
ffffffff
ffffffff
ffffffff
ffffffff
ffffffff
ffffffff
ffffffff
ffffffff
ffffffff
ffffffff
ffffffff
ffffffff
ffffffff
ffffffff
ffffffff
ffffffff
ffffffff
ffffffff
ffffffff
ffffffff
ffffffff
ffffffff
ffffffff
ffffffff
ffffffff
ffffffff
ffffffff
ffffffff
ffffffff
ffffffff
ffffffff
ffffffff
ffffffff
ffffffff
ffffffff
ffffffff
ffffffff
ffffffff
ffffffff
ffffffff
ffffffff
ffffffff
ffffffff
ffffffff
ffffffff
ffffffff
ffffffff
ffffffff
ffffffff
ffffffff
ffffffff
ffffffff
ffffffff
ffffffff
ffffffff
ffffffff
ffffffff
ffffffff
ffffffff
ffffffff
ffffffff
ffffffff
ffffffff
ffffffff
ffffffff
ffffffff
ffffffff
ffffffff
ffffffff
ffffffff
ffffffff
ffffffff
ffffffff
ffffffff
ffffffff
ffffffff
ffffffff
ffffffff
ffffffff
ffffffff
ffffffff
ffffffff
ffffffff
ffffffff
ffffffff
ffffffff
ffffffff
ffffffff
ffffffff
ffffffff
ffffffff
ffffffff
ffffffff
ffffffff
ffffffff
ffffffff
ffffffff
ffffffff
ffffffff
ffffffff
ffffffff
ffffffff
ffffffff
ffffffff
ffffffff
ffffffff
ffffffff
ffffffff
ffffffff
ffffffff
ffffffff
ffffffff
ffffffff
ffffffff
ffffffff
ffffffff
ffffffff
ffffffff
ffffffff
ffffffff
ffffffff
ffffffff
ffffffff
ffffffff
ffffffff
ffffffff
ffffffff
ffffffff
ffffffff
ffffffff
ffffffff
ffffffff
ffffffff
ffffffff
ffffffff
ffffffff
ffffffff
ffffffff
ffffffff
ffffffff
ffffffff
ffffffff
ffffffff
ffffffff
ffffffff
ffffffff
ffffffff
ffffffff
ffffffff
ffffffff
ffffffff
ffffffff
ffffffff
ffffffff
ffffffff
ffffffff
ffffffff
ffffffff
ffffffff
ffffffff
ffffffff
ffffffff
ffffffff
ffffffff
ffffffff
ffffffff
ffffffff
ffffffff
ffffffff
ffffffff
ffffffff
ffffffff
ffffffff
ffffffff
ffffffff
ffffffff
ffffffff
ffffffff
ffffffff
ffffffff
ffffffff
ffffffff
ffffffff
ffffffff
ffffffff
ffffffff
ffffffff
ffffffff
ffffffff
ffffffff
ffffffff
ffffffff
ffffffff
ffffffff
ffffffff
ffffffff
ffffffff
ffffffff
ffffffff
ffffffff
ffffffff
ffffffff
ffffffff
ffffffff
ffffffff
ffffffff
ffffffff
ffffffff
ffffffff
ffffffff
ffffffff
ffffffff
ffffffff
ffffffff
ffffffff
ffffffff
ffffffff
ffffffff
ffffffff
ffffffff
ffffffff
ffffffff
ffffffff
ffffffff
ffffffff
ffffffff
ffffffff
ffffffff
ffffffff
ffffffff
ffffffff
ffffffff
ffffffff
ffffffff
ffffffff
ffffffff
ffffffff
ffffffff
ffffffff
ffffffff
ffffffff
ffffffff
ffffffff
ffffffff
ffffffff
ffffffff
ffffffff
ffffffff
ffffffff
ffffffff
ffffffff
ffffffff
ffffffff
ffffffff
ffffffff
ffffffff
ffffffff
ffffffff
ffffffff
ffffffff
ffffffff
ffffffff
ffffffff
ffffffff
ffffffff
ffffffff
ffffffff
ffffffff
ffffffff
ffffffff
ffffffff
ffffffff
ffffffff
ffffffff
ffffffff
ffffffff
ffffffff
ffffffff
ffffffff
ffffffff
ffffffff
ffffffff
ffffffff
ffffffff
ffffffff
ffffffff
ffffffff
ffffffff
ffffffff
ffffffff
ffffffff
ffffffff
ffffffff
ffffffff
ffffffff
ffffffff
ffffffff
ffffffff
ffffffff
ffffffff
ffffffff
ffffffff
ffffffff
ffffffff
ffffffff
ffffffff
ffffffff
ffffffff
ffffffff
ffffffff
ffffffff
ffffffff
ffffffff
ffffffff
ffffffff
ffffffff
ffffffff
ffffffff
ffffffff
ffffffff
ffffffff
ffffffff
ffffffff
ffffffff
ffffffff
ffffffff
ffffffff
ffffffff
ffffffff
ffffffff
ffffffff
ffffffff
ffffffff
ffffffff
ffffffff
ffffffff
ffffffff
ffffffff
ffffffff
ffffffff
ffffffff
ffffffff
ffffffff
ffffffff
ffffffff
ffffffff
ffffffff
ffffffff
ffffffff
ffffffff
ffffffff
ffffffff
ffffffff
ffffffff
ffffffff
ffffffff
ffffffff
ffffffff
ffffffff
ffffffff
ffffffff
ffffffff
ffffffff
ffffffff
ffffffff
ffffffff
ffffffff
ffffffff
ffffffff
ffffffff
ffffffff
ffffffff
ffffffff
ffffffff
ffffffff
ffffffff
ffffffff
ffffffff
ffffffff
ffffffff
ffffffff
ffffffff
ffffffff
ffffffff
ffffffff
ffffffff
ffffffff
ffffffff
ffffffff
ffffffff
ffffffff
ffffffff
ffffffff
ffffffff
ffffffff
ffffffff
ffffffff
ffffffff
ffffffff
ffffffff
ffffffff
ffffffff
ffffffff
ffffffff
ffffffff
ffffffff
ffffffff
ffffffff
ffffffff
ffffffff
ffffffff
ffffffff
ffffffff
ffffffff
ffffffff
ffffffff
ffffffff
ffffffff
ffffffff
ffffffff
ffffffff
ffffffff
ffffffff
ffffffff
ffffffff
ffffffff
ffffffff
ffffffff
ffffffff
ffffffff
ffffffff
ffffffff
ffffffff
ffffffff
ffffffff
ffffffff
ffffffff
ffffffff
ffffffff
ffffffff
ffffffff
ffffffff
ffffffff
ffffffff
ffffffff
ffffffff
ffffffff
ffffffff
ffffffff
ffffffff
ffffffff
ffffffff
ffffffff
ffffffff
ffffffff
ffffffff
ffffffff
ffffffff
ffffffff
ffffffff
ffffffff
ffffffff
ffffffff
ffffffff
ffffffff
ffffffff
ffffffff
ffffffff
ffffffff
ffffffff
ffffffff
ffffffff
ffffffff
ffffffff
ffffffff
ffffffff
ffffffff
ffffffff
ffffffff
ffffffff
ffffffff
ffffffff
ffffffff
ffffffff
ffffffff
ffffffff
ffffffff
ffffffff
ffffffff
ffffffff
ffffffff
ffffffff
ffffffff
ffffffff
ffffffff
ffffffff
ffffffff
ffffffff
ffffffff
ffffffff
ffffffff
ffffffff
ffffffff
ffffffff
ffffffff
ffffffff
ffffffff
ffffffff
ffffffff
ffffffff
ffffffff
ffffffff
ffffffff
ffffffff
ffffffff
ffffffff
ffffffff
ffffffff
ffffffff
ffffffff
ffffffff
ffffffff
ffffffff
ffffffff
ffffffff
ffffffff
ffffffff
ffffffff
ffffffff
ffffffff
ffffffff
ffffffff
ffffffff
ffffffff
ffffffff
ffffffff
ffffffff
ffffffff
ffffffff
ffffffff
ffffffff
ffffffff
ffffffff
ffffffff
ffffffff
ffffffff
ffffffff
ffffffff
ffffffff
ffffffff
ffffffff
ffffffff
ffffffff
ffffffff
ffffffff
ffffffff
ffffffff
ffffffff
ffffffff
ffffffff
ffffffff
ffffffff
ffffffff
ffffffff
ffffffff
ffffffff
ffffffff
ffffffff
ffffffff
ffffffff
ffffffff
ffffffff
ffffffff
ffffffff
ffffffff
ffffffff
ffffffff
ffffffff
ffffffff
ffffffff
ffffffff
ffffffff
ffffffff
ffffffff
ffffffff
ffffffff
ffffffff
ffffffff
ffffffff
ffffffff
ffffffff
ffffffff
ffffffff
ffffffff
ffffffff
ffffffff
ffffffff
ffffffff
ffffffff
ffffffff
ffffffff
ffffffff
ffffffff
ffffffff
ffffffff
ffffffff
ffffffff
ffffffff
ffffffff
ffffffff
ffffffff
ffffffff
ffffffff
ffffffff
ffffffff
ffffffff
ffffffff
ffffffff
ffffffff
ffffffff
ffffffff
ffffffff
ffffffff
ffffffff
ffffffff
ffffffff
ffffffff
ffffffff
ffffffff
ffffffff
ffffffff
ffffffff
ffffffff
ffffffff
ffffffff
ffffffff
ffffffff
ffffffff
ffffffff
ffffffff
ffffffff
ffffffff
ffffffff
ffffffff
ffffffff
ffffffff
ffffffff
ffffffff
ffffffff
ffffffff
ffffffff
ffffffff
ffffffff
ffffffff
ffffffff
ffffffff
ffffffff
ffffffff
ffffffff
ffffffff
ffffffff
ffffffff
ffffffff
ffffffff
ffffffff
ffffffff
ffffffff
ffffffff
ffffffff
ffffffff
ffffffff
ffffffff
ffffffff
ffffffff
ffffffff
ffffffff
ffffffff
ffffffff
ffffffff
ffffffff
ffffffff
ffffffff
ffffffff
ffffffff
ffffffff
ffffffff
ffffffff
ffffffff
ffffffff
ffffffff
ffffffff
ffffffff
ffffffff
ffffffff
ffffffff
ffffffff
ffffffff
ffffffff
ffffffff
ffffffff
ffffffff
ffffffff
ffffffff
ffffffff
ffffffff
ffffffff
ffffffff
ffffffff
ffffffff
ffffffff
ffffffff
ffffffff
ffffffff
ffffffff
ffffffff
ffffffff
ffffffff
ffffffff
ffffffff
ffffffff
ffffffff
ffffffff
ffffffff
ffffffff
ffffffff
ffffffff
ffffffff
ffffffff
ffffffff
ffffffff
ffffffff
ffffffff
ffffffff
ffffffff
ffffffff
ffffffff
ffffffff
ffffffff
ffffffff
ffffffff
ffffffff
ffffffff
ffffffff
ffffffff
ffffffff
ffffffff
ffffffff
ffffffff
ffffffff
ffffffff
ffffffff
ffffffff
ffffffff
ffffffff
ffffffff
ffffffff
ffffffff
ffffffff
ffffffff
ffffffff
ffffffff
ffffffff
ffffffff
ffffffff
ffffffff
ffffffff
ffffffff
ffffffff
ffffffff
ffffffff
ffffffff
ffffffff
ffffffff
ffffffff
ffffffff
ffffffff
ffffffff
ffffffff
ffffffff
ffffffff
ffffffff
ffffffff
ffffffff
ffffffff
ffffffff
ffffffff
ffffffff
ffffffff
ffffffff
ffffffff
ffffffff
ffffffff
ffffffff
ffffffff
ffffffff
ffffffff
ffffffff
ffffffff
ffffffff
ffffffff
ffffffff
ffffffff
ffffffff
ffffffff
ffffffff
ffffffff
ffffffff
ffffffff
ffffffff
ffffffff
ffffffff
ffffffff
ffffffff
ffffffff
ffffffff
ffffffff
ffffffff
ffffffff
ffffffff
ffffffff
ffffffff
ffffffff
ffffffff
ffffffff
ffffffff
ffffffff
ffffffff
ffffffff
ffffffff
ffffffff
ffffffff
ffffffff
ffffffff
ffffffff
ffffffff
ffffffff
ffffffff
ffffffff
ffffffff
ffffffff
ffffffff
ffffffff
ffffffff
ffffffff
ffffffff
ffffffff
ffffffff
ffffffff
ffffffff
ffffffff
ffffffff
ffffffff
ffffffff
ffffffff
ffffffff
ffffffff
ffffffff
ffffffff
ffffffff
ffffffff
ffffffff
ffffffff
ffffffff
ffffffff
ffffffff
ffffffff
ffffffff
ffffffff
ffffffff
ffffffff
ffffffff
ffffffff
ffffffff
ffffffff
ffffffff
ffffffff
ffffffff
ffffffff
ffffffff
ffffffff
ffffffff
ffffffff
ffffffff
ffffffff
ffffffff
ffffffff
ffffffff
ffffffff
ffffffff
ffffffff
ffffffff
ffffffff
ffffffff
ffffffff
ffffffff
ffffffff
ffffffff
ffffffff
ffffffff
ffffffff
ffffffff
ffffffff
ffffffff
ffffffff
ffffffff
ffffffff
ffffffff
ffffffff
ffffffff
ffffffff
ffffffff
ffffffff
ffffffff
ffffffff
ffffffff
ffffffff
ffffffff
ffffffff
ffffffff
ffffffff
ffffffff
ffffffff
ffffffff
ffffffff
ffffffff
ffffffff
ffffffff
ffffffff
ffffffff
ffffffff
ffffffff
ffffffff
ffffffff
ffffffff
ffffffff
ffffffff
ffffffff
ffffffff
ffffffff
ffffffff
ffffffff
ffffffff
ffffffff
ffffffff
ffffffff
ffffffff
ffffffff
ffffffff
ffffffff
ffffffff
ffffffff
ffffffff
ffffffff
ffffffff
ffffffff
ffffffff
ffffffff
ffffffff
ffffffff
ffffffff
ffffffff
ffffffff
ffffffff
ffffffff
ffffffff
ffffffff
ffffffff
ffffffff
ffffffff
ffffffff
ffffffff
ffffffff
ffffffff
ffffffff
ffffffff
ffffffff
ffffffff
ffffffff
ffffffff
ffffffff
ffffffff
ffffffff
ffffffff
ffffffff
ffffffff
ffffffff
ffffffff
ffffffff
ffffffff
ffffffff
ffffffff
ffffffff
ffffffff
ffffffff
ffffffff
ffffffff
ffffffff
ffffffff
ffffffff
ffffffff
ffffffff
ffffffff
ffffffff
ffffffff
ffffffff
ffffffff
ffffffff
ffffffff
ffffffff
ffffffff
ffffffff
ffffffff
ffffffff
ffffffff
ffffffff
ffffffff
ffffffff
ffffffff
ffffffff
ffffffff
ffffffff
ffffffff
ffffffff
ffffffff
ffffffff
ffffffff
ffffffff
ffffffff
ffffffff
ffffffff
ffffffff
ffffffff
ffffffff
ffffffff
ffffffff
ffffffff
ffffffff
ffffffff
ffffffff
ffffffff
ffffffff
ffffffff
ffffffff
ffffffff
ffffffff
ffffffff
ffffffff
ffffffff
ffffffff
ffffffff
ffffffff
ffffffff
ffffffff
ffffffff
ffffffff
ffffffff
ffffffff
ffffffff
ffffffff
ffffffff
ffffffff
ffffffff
ffffffff
ffffffff
ffffffff
ffffffff
ffffffff
ffffffff
ffffffff
ffffffff
ffffffff
ffffffff
ffffffff
ffffffff
ffffffff
ffffffff
ffffffff
ffffffff
ffffffff
ffffffff
ffffffff
ffffffff
ffffffff
ffffffff
ffffffff
ffffffff
ffffffff
ffffffff
ffffffff
ffffffff
ffffffff
ffffffff
ffffffff
ffffffff
ffffffff
ffffffff
ffffffff
ffffffff
ffffffff
ffffffff
ffffffff
ffffffff
ffffffff
ffffffff
ffffffff
ffffffff
ffffffff
ffffffff
ffffffff
ffffffff
ffffffff
ffffffff
ffffffff
ffffffff
ffffffff
ffffffff
ffffffff
ffffffff
ffffffff
ffffffff
ffffffff
ffffffff
ffffffff
ffffffff
ffffffff
ffffffff
ffffffff
ffffffff
ffffffff
ffffffff
ffffffff
ffffffff
ffffffff
ffffffff
ffffffff
ffffffff
ffffffff
ffffffff
ffffffff
ffffffff
ffffffff
ffffffff
ffffffff
ffffffff
ffffffff
ffffffff
ffffffff
ffffffff
ffffffff
ffffffff
ffffffff
ffffffff
ffffffff
ffffffff
ffffffff
ffffffff
ffffffff
ffffffff
ffffffff
ffffffff
ffffffff
ffffffff
ffffffff
ffffffff
ffffffff
ffffffff
ffffffff
ffffffff
ffffffff
ffffffff
ffffffff
ffffffff
ffffffff
ffffffff
ffffffff
ffffffff
ffffffff
ffffffff
ffffffff
ffffffff
ffffffff
ffffffff
ffffffff
ffffffff
ffffffff
ffffffff
ffffffff
ffffffff
ffffffff
ffffffff
ffffffff
ffffffff
ffffffff
ffffffff
ffffffff
ffffffff
ffffffff
ffffffff
ffffffff
ffffffff
ffffffff
ffffffff
ffffffff
ffffffff
ffffffff
ffffffff
ffffffff
ffffffff
ffffffff
ffffffff
ffffffff
ffffffff
ffffffff
ffffffff
ffffffff
ffffffff
ffffffff
ffffffff
ffffffff
ffffffff
ffffffff
ffffffff
ffffffff
ffffffff
ffffffff
ffffffff
ffffffff
ffffffff
ffffffff
ffffffff
ffffffff
ffffffff
ffffffff
ffffffff
ffffffff
ffffffff
ffffffff
ffffffff
ffffffff
ffffffff
ffffffff
ffffffff
ffffffff
ffffffff
ffffffff
ffffffff
ffffffff
ffffffff
ffffffff
ffffffff
ffffffff
ffffffff
ffffffff
ffffffff
ffffffff
ffffffff
ffffffff
ffffffff
ffffffff
ffffffff
ffffffff
ffffffff
ffffffff
ffffffff
ffffffff
ffffffff
ffffffff
ffffffff
ffffffff
ffffffff
ffffffff
ffffffff
ffffffff
ffffffff
ffffffff
ffffffff
ffffffff
ffffffff
ffffffff
ffffffff
ffffffff
ffffffff
ffffffff
ffffffff
ffffffff
ffffffff
ffffffff
ffffffff
ffffffff
ffffffff
ffffffff
ffffffff
ffffffff
ffffffff
ffffffff
ffffffff
ffffffff
ffffffff
ffffffff
ffffffff
ffffffff
ffffffff
ffffffff
ffffffff
ffffffff
ffffffff
ffffffff
ffffffff
ffffffff
ffffffff
ffffffff
ffffffff
ffffffff
ffffffff
ffffffff
ffffffff
ffffffff
ffffffff
ffffffff
ffffffff
ffffffff
ffffffff
ffffffff
ffffffff
ffffffff
ffffffff
ffffffff
ffffffff
ffffffff
ffffffff
ffffffff
ffffffff
ffffffff
ffffffff
ffffffff
ffffffff
ffffffff
ffffffff
ffffffff
ffffffff
ffffffff
ffffffff
ffffffff
ffffffff
ffffffff
ffffffff
ffffffff
ffffffff
ffffffff
ffffffff
ffffffff
ffffffff
ffffffff
ffffffff
ffffffff
ffffffff
ffffffff
ffffffff
ffffffff
ffffffff
ffffffff
ffffffff
ffffffff
ffffffff
ffffffff
ffffffff
ffffffff
ffffffff
ffffffff
ffffffff
ffffffff
ffffffff
ffffffff
ffffffff
ffffffff
ffffffff
ffffffff
ffffffff
ffffffff
ffffffff
ffffffff
ffffffff
ffffffff
ffffffff
ffffffff
ffffffff
ffffffff
ffffffff
ffffffff
ffffffff
ffffffff
ffffffff
ffffffff
ffffffff
ffffffff
ffffffff
ffffffff
ffffffff
ffffffff
ffffffff
ffffffff
ffffffff
ffffffff
ffffffff
ffffffff
ffffffff
ffffffff
ffffffff
ffffffff
ffffffff
ffffffff
ffffffff
ffffffff
ffffffff
ffffffff
ffffffff
ffffffff
ffffffff
ffffffff
ffffffff
ffffffff
ffffffff
ffffffff
ffffffff
ffffffff
ffffffff
ffffffff
ffffffff
ffffffff
ffffffff
ffffffff
ffffffff
ffffffff
ffffffff
ffffffff
ffffffff
ffffffff
ffffffff
ffffffff
ffffffff
ffffffff
ffffffff
ffffffff
ffffffff
ffffffff
ffffffff
ffffffff
ffffffff
ffffffff
ffffffff
ffffffff
ffffffff
ffffffff
ffffffff
ffffffff
ffffffff
ffffffff
ffffffff
ffffffff
ffffffff
ffffffff
ffffffff
ffffffff
ffffffff
ffffffff
ffffffff
ffffffff
ffffffff
ffffffff
ffffffff
ffffffff
ffffffff
ffffffff
ffffffff
ffffffff
ffffffff
ffffffff
ffffffff
ffffffff
ffffffff
ffffffff
ffffffff
ffffffff
ffffffff
ffffffff
ffffffff
ffffffff
ffffffff
ffffffff
ffffffff
ffffffff
ffffffff
ffffffff
ffffffff
ffffffff
ffffffff
ffffffff
ffffffff
ffffffff
ffffffff
ffffffff
ffffffff
ffffffff
ffffffff
ffffffff
ffffffff
ffffffff
ffffffff
ffffffff
ffffffff
ffffffff
ffffffff
ffffffff
ffffffff
ffffffff
ffffffff
ffffffff
ffffffff
ffffffff
ffffffff
ffffffff
ffffffff
ffffffff
ffffffff
ffffffff
ffffffff
ffffffff
ffffffff
ffffffff
ffffffff
ffffffff
ffffffff
ffffffff
ffffffff
ffffffff
ffffffff
ffffffff
ffffffff
ffffffff
ffffffff
ffffffff
ffffffff
ffffffff
ffffffff
ffffffff
ffffffff
ffffffff
ffffffff
ffffffff
ffffffff
ffffffff
ffffffff
ffffffff
ffffffff
ffffffff
ffffffff
ffffffff
ffffffff
ffffffff
ffffffff
ffffffff
ffffffff
ffffffff
ffffffff
ffffffff
ffffffff
ffffffff
ffffffff
ffffffff
ffffffff
ffffffff
ffffffff
ffffffff
ffffffff
ffffffff
ffffffff
ffffffff
ffffffff
ffffffff
ffffffff
ffffffff
ffffffff
ffffffff
ffffffff
ffffffff
ffffffff
ffffffff
ffffffff
ffffffff
ffffffff
ffffffff
ffffffff
ffffffff
ffffffff
ffffffff
ffffffff
ffffffff
ffffffff
ffffffff
ffffffff
ffffffff
ffffffff
ffffffff
ffffffff
ffffffff
ffffffff
ffffffff
ffffffff
ffffffff
ffffffff
ffffffff
ffffffff
ffffffff
ffffffff
ffffffff
ffffffff
ffffffff
ffffffff
ffffffff
ffffffff
ffffffff
ffffffff
ffffffff
ffffffff
ffffffff
ffffffff
ffffffff
ffffffff
ffffffff
ffffffff
ffffffff
ffffffff
ffffffff
ffffffff
ffffffff
ffffffff
ffffffff
ffffffff
ffffffff
ffffffff
ffffffff
ffffffff
ffffffff
ffffffff
ffffffff
ffffffff
ffffffff
ffffffff
ffffffff
ffffffff
ffffffff
ffffffff
ffffffff
ffffffff
ffffffff
ffffffff
ffffffff
ffffffff
ffffffff
ffffffff
ffffffff
ffffffff
ffffffff
ffffffff
ffffffff
ffffffff
ffffffff
ffffffff
ffffffff
ffffffff
ffffffff
ffffffff
ffffffff
ffffffff
ffffffff
ffffffff
ffffffff
ffffffff
ffffffff
ffffffff
ffffffff
ffffffff
ffffffff
ffffffff
ffffffff
ffffffff
ffffffff
ffffffff
ffffffff
ffffffff
ffffffff
ffffffff
ffffffff
ffffffff
ffffffff
ffffffff
ffffffff
ffffffff
ffffffff
ffffffff
ffffffff
ffffffff
ffffffff
ffffffff
ffffffff
ffffffff
ffffffff
ffffffff
ffffffff
ffffffff
ffffffff
ffffffff
ffffffff
ffffffff
ffffffff
ffffffff
ffffffff
ffffffff
ffffffff
ffffffff
ffffffff
ffffffff
ffffffff
ffffffff
ffffffff
ffffffff
ffffffff
ffffffff
ffffffff
ffffffff
ffffffff
ffffffff
ffffffff
ffffffff
ffffffff
ffffffff
ffffffff
ffffffff
ffffffff
ffffffff
ffffffff
ffffffff
ffffffff
ffffffff
ffffffff
ffffffff
ffffffff
ffffffff
ffffffff
ffffffff
ffffffff
ffffffff
ffffffff
ffffffff
ffffffff
ffffffff
ffffffff
ffffffff
ffffffff
ffffffff
ffffffff
ffffffff
ffffffff
ffffffff
ffffffff
ffffffff
ffffffff
ffffffff
ffffffff
ffffffff
ffffffff
ffffffff
ffffffff
ffffffff
ffffffff
ffffffff
ffffffff
ffffffff
ffffffff
ffffffff
ffffffff
ffffffff
ffffffff
ffffffff
ffffffff
ffffffff
ffffffff
ffffffff
ffffffff
ffffffff
ffffffff
ffffffff
ffffffff
ffffffff
ffffffff
ffffffff
ffffffff
ffffffff
ffffffff
ffffffff
ffffffff
ffffffff
ffffffff
ffffffff
ffffffff
ffffffff
ffffffff
ffffffff
ffffffff
ffffffff
ffffffff
ffffffff
ffffffff
ffffffff
ffffffff
ffffffff
ffffffff
ffffffff
ffffffff
ffffffff
ffffffff
ffffffff
ffffffff
ffffffff
ffffffff
ffffffff
ffffffff
ffffffff
ffffffff
ffffffff
ffffffff
ffffffff
ffffffff
ffffffff
ffffffff
ffffffff
ffffffff
ffffffff
ffffffff
ffffffff
ffffffff
ffffffff
ffffffff
ffffffff
ffffffff
ffffffff
ffffffff
ffffffff
ffffffff
ffffffff
ffffffff
ffffffff
ffffffff
ffffffff
ffffffff
ffffffff
ffffffff
ffffffff
ffffffff
ffffffff
ffffffff
ffffffff
ffffffff
ffffffff
ffffffff
ffffffff
ffffffff
ffffffff
ffffffff
ffffffff
ffffffff
ffffffff
ffffffff
ffffffff
ffffffff
ffffffff
ffffffff
ffffffff
ffffffff
ffffffff
ffffffff
ffffffff
ffffffff
ffffffff
ffffffff
ffffffff
ffffffff
ffffffff
ffffffff
ffffffff
ffffffff
ffffffff
ffffffff
ffffffff
ffffffff
ffffffff
ffffffff
ffffffff
ffffffff
ffffffff
ffffffff
ffffffff
ffffffff
ffffffff
ffffffff
ffffffff
ffffffff
ffffffff
ffffffff
ffffffff
ffffffff
ffffffff
ffffffff
ffffffff
ffffffff
ffffffff
ffffffff
ffffffff
ffffffff
ffffffff
ffffffff
ffffffff
ffffffff
ffffffff
ffffffff
ffffffff
ffffffff
ffffffff
ffffffff
ffffffff
ffffffff
ffffffff
ffffffff
ffffffff
ffffffff
ffffffff
ffffffff
ffffffff
ffffffff
ffffffff
ffffffff
ffffffff
ffffffff
ffffffff
ffffffff
ffffffff
ffffffff
ffffffff
ffffffff
ffffffff
ffffffff
ffffffff
ffffffff
ffffffff
ffffffff
ffffffff
ffffffff
ffffffff
ffffffff
ffffffff
ffffffff
ffffffff
ffffffff
ffffffff
ffffffff
ffffffff
ffffffff
ffffffff
ffffffff
ffffffff
ffffffff
ffffffff
ffffffff
ffffffff
ffffffff
ffffffff
ffffffff
ffffffff
ffffffff
ffffffff
ffffffff
ffffffff
ffffffff
ffffffff
ffffffff
ffffffff
ffffffff
ffffffff
ffffffff
ffffffff
ffffffff
ffffffff
ffffffff
ffffffff
ffffffff
ffffffff
ffffffff
ffffffff
ffffffff
ffffffff
ffffffff
ffffffff
ffffffff
ffffffff
ffffffff
ffffffff
ffffffff
ffffffff
ffffffff
ffffffff
ffffffff
ffffffff
ffffffff
ffffffff
ffffffff
ffffffff
ffffffff
ffffffff
ffffffff
ffffffff
ffffffff
ffffffff
ffffffff
ffffffff
ffffffff
ffffffff
ffffffff
ffffffff
ffffffff
ffffffff
ffffffff
ffffffff
ffffffff
ffffffff
ffffffff
ffffffff
ffffffff
ffffffff
ffffffff
ffffffff
ffffffff
ffffffff
ffffffff
ffffffff
ffffffff
ffffffff
ffffffff
ffffffff
ffffffff
ffffffff
ffffffff
ffffffff
ffffffff
ffffffff
ffffffff
ffffffff
ffffffff
ffffffff
ffffffff
ffffffff
ffffffff
ffffffff
ffffffff
ffffffff
ffffffff
ffffffff
ffffffff
ffffffff
ffffffff
ffffffff
ffffffff
ffffffff
ffffffff
ffffffff
ffffffff
ffffffff
ffffffff
ffffffff
ffffffff
ffffffff
ffffffff
ffffffff
ffffffff
ffffffff
ffffffff
ffffffff
ffffffff
ffffffff
ffffffff
ffffffff
ffffffff
ffffffff
ffffffff
ffffffff
ffffffff
ffffffff
ffffffff
ffffffff
ffffffff
ffffffff
ffffffff
ffffffff
ffffffff
ffffffff
ffffffff
ffffffff
ffffffff
ffffffff
ffffffff
ffffffff
ffffffff
ffffffff
ffffffff
ffffffff
ffffffff
ffffffff
ffffffff
ffffffff
ffffffff
ffffffff
ffffffff
ffffffff
ffffffff
ffffffff
ffffffff
ffffffff
ffffffff
ffffffff
ffffffff
ffffffff
ffffffff
ffffffff
ffffffff
ffffffff
ffffffff
ffffffff
ffffffff
ffffffff
ffffffff
ffffffff
ffffffff
ffffffff
ffffffff
ffffffff
ffffffff
ffffffff
ffffffff
ffffffff
ffffffff
ffffffff
ffffffff
ffffffff
ffffffff
ffffffff
ffffffff
ffffffff
ffffffff
ffffffff
ffffffff
ffffffff
ffffffff
ffffffff
ffffffff
ffffffff
ffffffff
ffffffff
ffffffff
ffffffff
ffffffff
ffffffff
ffffffff
ffffffff
ffffffff
ffffffff
ffffffff
ffffffff
ffffffff
ffffffff
ffffffff
ffffffff
ffffffff
ffffffff
ffffffff
ffffffff
ffffffff
ffffffff
ffffffff
ffffffff
ffffffff
ffffffff
ffffffff
ffffffff
ffffffff
ffffffff
ffffffff
ffffffff
ffffffff
ffffffff
ffffffff
ffffffff
ffffffff
ffffffff
ffffffff
ffffffff
ffffffff
ffffffff
ffffffff
ffffffff
ffffffff
ffffffff
ffffffff
ffffffff
ffffffff
ffffffff
ffffffff
ffffffff
ffffffff
ffffffff
ffffffff
ffffffff
ffffffff
ffffffff
ffffffff
ffffffff
ffffffff
ffffffff
ffffffff
ffffffff
ffffffff
ffffffff
ffffffff
ffffffff
ffffffff
ffffffff
ffffffff
ffffffff
ffffffff
ffffffff
ffffffff
ffffffff
ffffffff
ffffffff
ffffffff
ffffffff
ffffffff
ffffffff
ffffffff
ffffffff
ffffffff
ffffffff
ffffffff
ffffffff
ffffffff
ffffffff
ffffffff
ffffffff
ffffffff
ffffffff
ffffffff
ffffffff
ffffffff
ffffffff
ffffffff
ffffffff
ffffffff
ffffffff
ffffffff
ffffffff
ffffffff
ffffffff
ffffffff
ffffffff
ffffffff
ffffffff
ffffffff
ffffffff
ffffffff
ffffffff
ffffffff
ffffffff
ffffffff
ffffffff
ffffffff
ffffffff
ffffffff
ffffffff
ffffffff
ffffffff
ffffffff
ffffffff
ffffffff
ffffffff
ffffffff
ffffffff
ffffffff
ffffffff
ffffffff
ffffffff
ffffffff
ffffffff
ffffffff
ffffffff
ffffffff
ffffffff
ffffffff
ffffffff
ffffffff
ffffffff
ffffffff
ffffffff
ffffffff
ffffffff
ffffffff
ffffffff
ffffffff
ffffffff
ffffffff
ffffffff
ffffffff
ffffffff
ffffffff
ffffffff
ffffffff
ffffffff
ffffffff
ffffffff
ffffffff
ffffffff
ffffffff
ffffffff
ffffffff
ffffffff
ffffffff
ffffffff
ffffffff
ffffffff
ffffffff
ffffffff
ffffffff
ffffffff
ffffffff
ffffffff
ffffffff
ffffffff
ffffffff
ffffffff
ffffffff
ffffffff
ffffffff
ffffffff
ffffffff
ffffffff
ffffffff
ffffffff
ffffffff
ffffffff
ffffffff
ffffffff
ffffffff
ffffffff
ffffffff
ffffffff
ffffffff
ffffffff
ffffffff
ffffffff
ffffffff
ffffffff
ffffffff
ffffffff
ffffffff
ffffffff
ffffffff
ffffffff
ffffffff
ffffffff
ffffffff
ffffffff
ffffffff
ffffffff
ffffffff
ffffffff
ffffffff
ffffffff
ffffffff
ffffffff
ffffffff
ffffffff
ffffffff
ffffffff
ffffffff
ffffffff
ffffffff
ffffffff
ffffffff
ffffffff
ffffffff
ffffffff
ffffffff
ffffffff
ffffffff
ffffffff
ffffffff
ffffffff
ffffffff
ffffffff
ffffffff
ffffffff
ffffffff
ffffffff
ffffffff
ffffffff
ffffffff
ffffffff
ffffffff
ffffffff
ffffffff
ffffffff
ffffffff
ffffffff
ffffffff
ffffffff
ffffffff
ffffffff
ffffffff
ffffffff
ffffffff
ffffffff
ffffffff
ffffffff
ffffffff
ffffffff
ffffffff
ffffffff
ffffffff
ffffffff
ffffffff
ffffffff
ffffffff
ffffffff
ffffffff
ffffffff
ffffffff
ffffffff
ffffffff
ffffffff
ffffffff
ffffffff
ffffffff
ffffffff
ffffffff
ffffffff
ffffffff
ffffffff
ffffffff
ffffffff
ffffffff
ffffffff
ffffffff
ffffffff
ffffffff
ffffffff
ffffffff
ffffffff
ffffffff
ffffffff
ffffffff
ffffffff
ffffffff
ffffffff
ffffffff
ffffffff
ffffffff
ffffffff
ffffffff
ffffffff
ffffffff
ffffffff
ffffffff
ffffffff
ffffffff
ffffffff
ffffffff
ffffffff
ffffffff
ffffffff
ffffffff
ffffffff
ffffffff
ffffffff
ffffffff
ffffffff
ffffffff
ffffffff
ffffffff
ffffffff
ffffffff
ffffffff
ffffffff
ffffffff
ffffffff
ffffffff
ffffffff
ffffffff
ffffffff
ffffffff
ffffffff
ffffffff
ffffffff
ffffffff
ffffffff
ffffffff
ffffffff
ffffffff
ffffffff
ffffffff
ffffffff
ffffffff
ffffffff
ffffffff
ffffffff
ffffffff
ffffffff
ffffffff
ffffffff
ffffffff
ffffffff
ffffffff
ffffffff
ffffffff
ffffffff
ffffffff
ffffffff
ffffffff
ffffffff
ffffffff
ffffffff
ffffffff
ffffffff
ffffffff
ffffffff
ffffffff
ffffffff
ffffffff
ffffffff
ffffffff
ffffffff
ffffffff
ffffffff
ffffffff
ffffffff
ffffffff
ffffffff
ffffffff
ffffffff
ffffffff
ffffffff
ffffffff
ffffffff
ffffffff
ffffffff
ffffffff
ffffffff
ffffffff
ffffffff
ffffffff
ffffffff
ffffffff
ffffffff
ffffffff
ffffffff
ffffffff
ffffffff
ffffffff
ffffffff
ffffffff
ffffffff
ffffffff
ffffffff
ffffffff
ffffffff
ffffffff
ffffffff
ffffffff
ffffffff
ffffffff
ffffffff
ffffffff
ffffffff
ffffffff
ffffffff
ffffffff
ffffffff
ffffffff
ffffffff
ffffffff
ffffffff
ffffffff
ffffffff
ffffffff
ffffffff
ffffffff
ffffffff
ffffffff
ffffffff
ffffffff
ffffffff
ffffffff
ffffffff
ffffffff
ffffffff
ffffffff
ffffffff
ffffffff
ffffffff
ffffffff
ffffffff
ffffffff
ffffffff
ffffffff
ffffffff
ffffffff
ffffffff
ffffffff
ffffffff
ffffffff
ffffffff
ffffffff
ffffffff
ffffffff
ffffffff
ffffffff
ffffffff
ffffffff
ffffffff
ffffffff
ffffffff
ffffffff
ffffffff
ffffffff
ffffffff
ffffffff
ffffffff
ffffffff
ffffffff
ffffffff
ffffffff
ffffffff
ffffffff
ffffffff
ffffffff
ffffffff
ffffffff
ffffffff
ffffffff
ffffffff
ffffffff
ffffffff
ffffffff
ffffffff
ffffffff
ffffffff
ffffffff
ffffffff
ffffffff
ffffffff
ffffffff
ffffffff
ffffffff
ffffffff
ffffffff
ffffffff
ffffffff
ffffffff
ffffffff
ffffffff
ffffffff
ffffffff
ffffffff
ffffffff
ffffffff
ffffffff
ffffffff
ffffffff
ffffffff
ffffffff
ffffffff
ffffffff
ffffffff
ffffffff
ffffffff
ffffffff
ffffffff
ffffffff
ffffffff
ffffffff
ffffffff
ffffffff
ffffffff
ffffffff
ffffffff
ffffffff
ffffffff
ffffffff
ffffffff
ffffffff
ffffffff
ffffffff
ffffffff
ffffffff
ffffffff
ffffffff
ffffffff
ffffffff
ffffffff
ffffffff
ffffffff
ffffffff
ffffffff
ffffffff
ffffffff
ffffffff
ffffffff
ffffffff
ffffffff
ffffffff
ffffffff
ffffffff
ffffffff
ffffffff
ffffffff
ffffffff
ffffffff
ffffffff
ffffffff
ffffffff
ffffffff
ffffffff
ffffffff
ffffffff
ffffffff
ffffffff
ffffffff
ffffffff
ffffffff
ffffffff
ffffffff
ffffffff
ffffffff
ffffffff
ffffffff
ffffffff
ffffffff
ffffffff
ffffffff
ffffffff
ffffffff
ffffffff
ffffffff
ffffffff
ffffffff
ffffffff
ffffffff
ffffffff
ffffffff
ffffffff
ffffffff
ffffffff
ffffffff
ffffffff
ffffffff
ffffffff
ffffffff
ffffffff
ffffffff
ffffffff
ffffffff
ffffffff
ffffffff
ffffffff
ffffffff
ffffffff
ffffffff
ffffffff
ffffffff
ffffffff
ffffffff
ffffffff
ffffffff
ffffffff
ffffffff
ffffffff
ffffffff
ffffffff
ffffffff
ffffffff
ffffffff
ffffffff
ffffffff
ffffffff
ffffffff
ffffffff
ffffffff
ffffffff
ffffffff
ffffffff
ffffffff
ffffffff
ffffffff
ffffffff
ffffffff
ffffffff
ffffffff
ffffffff
ffffffff
ffffffff
ffffffff
ffffffff
ffffffff
ffffffff
ffffffff
ffffffff
ffffffff
ffffffff
ffffffff
ffffffff
ffffffff
ffffffff
ffffffff
ffffffff
ffffffff
ffffffff
ffffffff
ffffffff
ffffffff
ffffffff
ffffffff
ffffffff
ffffffff
ffffffff
ffffffff
ffffffff
ffffffff
ffffffff
ffffffff
ffffffff
ffffffff
ffffffff
ffffffff
ffffffff
ffffffff
ffffffff
ffffffff
ffffffff
ffffffff
ffffffff
ffffffff
ffffffff
ffffffff
ffffffff
ffffffff
ffffffff
ffffffff
ffffffff
ffffffff
ffffffff
ffffffff
ffffffff
ffffffff
ffffffff
ffffffff
ffffffff
ffffffff
ffffffff
ffffffff
ffffffff
ffffffff
ffffffff
ffffffff
ffffffff
ffffffff
ffffffff
ffffffff
ffffffff
ffffffff
ffffffff
ffffffff
ffffffff
ffffffff
ffffffff
ffffffff
ffffffff
ffffffff
ffffffff
ffffffff
ffffffff
ffffffff
ffffffff
ffffffff
ffffffff
ffffffff
ffffffff
ffffffff
ffffffff
ffffffff
ffffffff
ffffffff
ffffffff
ffffffff
ffffffff
ffffffff
ffffffff
ffffffff
ffffffff
ffffffff
ffffffff
ffffffff
ffffffff
ffffffff
ffffffff
ffffffff
ffffffff
ffffffff
ffffffff
ffffffff
ffffffff
ffffffff
ffffffff
ffffffff
ffffffff
ffffffff
ffffffff
ffffffff
ffffffff
ffffffff
ffffffff
ffffffff
ffffffff
ffffffff
ffffffff
ffffffff
ffffffff
ffffffff
ffffffff
ffffffff
ffffffff
ffffffff
ffffffff
ffffffff
ffffffff
ffffffff
ffffffff
ffffffff
ffffffff
ffffffff
ffffffff
ffffffff
ffffffff
ffffffff
ffffffff
ffffffff
ffffffff
ffffffff
ffffffff
ffffffff
ffffffff
ffffffff
ffffffff
ffffffff
ffffffff
ffffffff
ffffffff
ffffffff
ffffffff
ffffffff
ffffffff
ffffffff
ffffffff
ffffffff
ffffffff
ffffffff
ffffffff
ffffffff
ffffffff
ffffffff
ffffffff
ffffffff
ffffffff
ffffffff
ffffffff
ffffffff
ffffffff
ffffffff
ffffffff
ffffffff
ffffffff
ffffffff
ffffffff
ffffffff
ffffffff
ffffffff
ffffffff
ffffffff
ffffffff
ffffffff
ffffffff
ffffffff
ffffffff
ffffffff
ffffffff
ffffffff
ffffffff
ffffffff
ffffffff
ffffffff
ffffffff
ffffffff
ffffffff
ffffffff
ffffffff
ffffffff
ffffffff
ffffffff
ffffffff
ffffffff
ffffffff
ffffffff
ffffffff
ffffffff
ffffffff
ffffffff
ffffffff
ffffffff
ffffffff
ffffffff
ffffffff
ffffffff
ffffffff
ffffffff
ffffffff
ffffffff
ffffffff
ffffffff
ffffffff
ffffffff
ffffffff
ffffffff
ffffffff
ffffffff
ffffffff
ffffffff
ffffffff
ffffffff
ffffffff
ffffffff
ffffffff
ffffffff
ffffffff
ffffffff
ffffffff
ffffffff
ffffffff
ffffffff
ffffffff
ffffffff
ffffffff
ffffffff
ffffffff
ffffffff
ffffffff
ffffffff
ffffffff
ffffffff
ffffffff
ffffffff
ffffffff
ffffffff
ffffffff
ffffffff
ffffffff
ffffffff
ffffffff
ffffffff
ffffffff
ffffffff
ffffffff
ffffffff
ffffffff
ffffffff
ffffffff
ffffffff
ffffffff
ffffffff
ffffffff
ffffffff
ffffffff
ffffffff
ffffffff
ffffffff
ffffffff
ffffffff
ffffffff
ffffffff
ffffffff
ffffffff
ffffffff
ffffffff
ffffffff
ffffffff
ffffffff
ffffffff
ffffffff
ffffffff
ffffffff
ffffffff
ffffffff
ffffffff
ffffffff
ffffffff
ffffffff
ffffffff
ffffffff
ffffffff
ffffffff
ffffffff
ffffffff
ffffffff
ffffffff
ffffffff
ffffffff
ffffffff
ffffffff
ffffffff
ffffffff
ffffffff
ffffffff
ffffffff
ffffffff
ffffffff
ffffffff
ffffffff
ffffffff
ffffffff
ffffffff
ffffffff
ffffffff
ffffffff
ffffffff
ffffffff
ffffffff
ffffffff
ffffffff
ffffffff
ffffffff
ffffffff
ffffffff
ffffffff
ffffffff
ffffffff
ffffffff
ffffffff
ffffffff
ffffffff
ffffffff
ffffffff
ffffffff
ffffffff
ffffffff
ffffffff
ffffffff
ffffffff
ffffffff
ffffffff
ffffffff
ffffffff
ffffffff
ffffffff
ffffffff
ffffffff
ffffffff
ffffffff
ffffffff
ffffffff
ffffffff
ffffffff
ffffffff
ffffffff
ffffffff
ffffffff
ffffffff
ffffffff
ffffffff
ffffffff
ffffffff
ffffffff
ffffffff
ffffffff
ffffffff
ffffffff
ffffffff
ffffffff
ffffffff
ffffffff
ffffffff
ffffffff
ffffffff
ffffffff
ffffffff
ffffffff
ffffffff
ffffffff
ffffffff
ffffffff
ffffffff
ffffffff
ffffffff
ffffffff
ffffffff
ffffffff
ffffffff
ffffffff
ffffffff
ffffffff
ffffffff
ffffffff
ffffffff
ffffffff
ffffffff
ffffffff
ffffffff
ffffffff
ffffffff
ffffffff
ffffffff
ffffffff
ffffffff
ffffffff
ffffffff
ffffffff
ffffffff
ffffffff
ffffffff
ffffffff
ffffffff
ffffffff
ffffffff
ffffffff
ffffffff
ffffffff
ffffffff
ffffffff
ffffffff
ffffffff
ffffffff
ffffffff
ffffffff
ffffffff
ffffffff
ffffffff
ffffffff
ffffffff
ffffffff
ffffffff
ffffffff
ffffffff
ffffffff
ffffffff
ffffffff
ffffffff
ffffffff
ffffffff
ffffffff
ffffffff
ffffffff
ffffffff
ffffffff
ffffffff
ffffffff
ffffffff
ffffffff
ffffffff
ffffffff
ffffffff
ffffffff
ffffffff
ffffffff
ffffffff
ffffffff
ffffffff
ffffffff
ffffffff
ffffffff
ffffffff
ffffffff
ffffffff
ffffffff
ffffffff
ffffffff
ffffffff
ffffffff
ffffffff
ffffffff
ffffffff
ffffffff
ffffffff
ffffffff
ffffffff
ffffffff
ffffffff
ffffffff
ffffffff
ffffffff
ffffffff
ffffffff
ffffffff
ffffffff
ffffffff
ffffffff
ffffffff
ffffffff
ffffffff
ffffffff
ffffffff
ffffffff
ffffffff
ffffffff
ffffffff
ffffffff
ffffffff
ffffffff
ffffffff
ffffffff
ffffffff
ffffffff
ffffffff
ffffffff
ffffffff
ffffffff
ffffffff
ffffffff
ffffffff
ffffffff
ffffffff
ffffffff
ffffffff
ffffffff
ffffffff
ffffffff
ffffffff
ffffffff
ffffffff
ffffffff
ffffffff
ffffffff
ffffffff
ffffffff
ffffffff
ffffffff
ffffffff
ffffffff
ffffffff
ffffffff
ffffffff
ffffffff
ffffffff
ffffffff
ffffffff
ffffffff
ffffffff
ffffffff
ffffffff
ffffffff
ffffffff
ffffffff
ffffffff
ffffffff
ffffffff
ffffffff
ffffffff
ffffffff
ffffffff
ffffffff
ffffffff
ffffffff
ffffffff
ffffffff
ffffffff
ffffffff
ffffffff
ffffffff
ffffffff
ffffffff
ffffffff
ffffffff
ffffffff
ffffffff
ffffffff
ffffffff
ffffffff
ffffffff
ffffffff
ffffffff
ffffffff
ffffffff
ffffffff
ffffffff
ffffffff
ffffffff
ffffffff
ffffffff
ffffffff
ffffffff
ffffffff
ffffffff
ffffffff
ffffffff
ffffffff
ffffffff
ffffffff
ffffffff
ffffffff
ffffffff
ffffffff
ffffffff
ffffffff
ffffffff
ffffffff
ffffffff
ffffffff
ffffffff
ffffffff
ffffffff
ffffffff
ffffffff
ffffffff
ffffffff
ffffffff
ffffffff
ffffffff
ffffffff
ffffffff
ffffffff
ffffffff
ffffffff
ffffffff
ffffffff
ffffffff
ffffffff
ffffffff
ffffffff
ffffffff
ffffffff
ffffffff
ffffffff
ffffffff
ffffffff
ffffffff
ffffffff
ffffffff
ffffffff
ffffffff
ffffffff
ffffffff
ffffffff
ffffffff
ffffffff
ffffffff
ffffffff
ffffffff
ffffffff
ffffffff
ffffffff
ffffffff
ffffffff
ffffffff
ffffffff
ffffffff
ffffffff
ffffffff
ffffffff
ffffffff
ffffffff
ffffffff
ffffffff
ffffffff
ffffffff
ffffffff
ffffffff
ffffffff
ffffffff
ffffffff
ffffffff
ffffffff
ffffffff
ffffffff
ffffffff
ffffffff
ffffffff
ffffffff
ffffffff
ffffffff
ffffffff
ffffffff
ffffffff
ffffffff
ffffffff
ffffffff
ffffffff
ffffffff
ffffffff
ffffffff
ffffffff
ffffffff
ffffffff
ffffffff
ffffffff
ffffffff
ffffffff
ffffffff
ffffffff
ffffffff
ffffffff
ffffffff
ffffffff
ffffffff
ffffffff
ffffffff
ffffffff
ffffffff
ffffffff
ffffffff
ffffffff
ffffffff
ffffffff
ffffffff
ffffffff
ffffffff
ffffffff
ffffffff
ffffffff
ffffffff
ffffffff
ffffffff
ffffffff
ffffffff
ffffffff
ffffffff
ffffffff
ffffffff
ffffffff
ffffffff
ffffffff
ffffffff
ffffffff
ffffffff
ffffffff
ffffffff
ffffffff
ffffffff
ffffffff
ffffffff
ffffffff
ffffffff
ffffffff
ffffffff
ffffffff
ffffffff
ffffffff
ffffffff
ffffffff
ffffffff
ffffffff
ffffffff
ffffffff
ffffffff
ffffffff
ffffffff
ffffffff
ffffffff
ffffffff
ffffffff
ffffffff
ffffffff
ffffffff
ffffffff
ffffffff
ffffffff
ffffffff
ffffffff
ffffffff
ffffffff
ffffffff
ffffffff
ffffffff
ffffffff
ffffffff
ffffffff
ffffffff
ffffffff
ffffffff
ffffffff
ffffffff
ffffffff
ffffffff
ffffffff
ffffffff
ffffffff
ffffffff
ffffffff
ffffffff
ffffffff
ffffffff
ffffffff
ffffffff
ffffffff
ffffffff
ffffffff
ffffffff
ffffffff
ffffffff
ffffffff
ffffffff
ffffffff
ffffffff
ffffffff
ffffffff
ffffffff
ffffffff
ffffffff
ffffffff
ffffffff
ffffffff
ffffffff
ffffffff
ffffffff
ffffffff
ffffffff
ffffffff
ffffffff
ffffffff
ffffffff
ffffffff
ffffffff
ffffffff
ffffffff
ffffffff
ffffffff
ffffffff
ffffffff
ffffffff
ffffffff
ffffffff
ffffffff
ffffffff
ffffffff
ffffffff
ffffffff
ffffffff
ffffffff
ffffffff
ffffffff
ffffffff
ffffffff
ffffffff
ffffffff
ffffffff
ffffffff
ffffffff
ffffffff
ffffffff
ffffffff
ffffffff
ffffffff
ffffffff
ffffffff
ffffffff
ffffffff
ffffffff
ffffffff
ffffffff
ffffffff
ffffffff
ffffffff
ffffffff
ffffffff
ffffffff
ffffffff
ffffffff
ffffffff
ffffffff
ffffffff
ffffffff
ffffffff
ffffffff
ffffffff
ffffffff
ffffffff
ffffffff
ffffffff
ffffffff
ffffffff
ffffffff
ffffffff
ffffffff
ffffffff
ffffffff
ffffffff
ffffffff
ffffffff
ffffffff
ffffffff
ffffffff
ffffffff
ffffffff
ffffffff
ffffffff
ffffffff
ffffffff
ffffffff
ffffffff
ffffffff
ffffffff
ffffffff
ffffffff
ffffffff
ffffffff
ffffffff
ffffffff
ffffffff
ffffffff
ffffffff
ffffffff
ffffffff
ffffffff
ffffffff
ffffffff
ffffffff
ffffffff
ffffffff
ffffffff
ffffffff
ffffffff
ffffffff
ffffffff
ffffffff
ffffffff
ffffffff
ffffffff
ffffffff
ffffffff
ffffffff
ffffffff
ffffffff
ffffffff
ffffffff
ffffffff
ffffffff
ffffffff
ffffffff
ffffffff
ffffffff
ffffffff
ffffffff
ffffffff
ffffffff
ffffffff
ffffffff
ffffffff
ffffffff
ffffffff
ffffffff
ffffffff
ffffffff
ffffffff
ffffffff
ffffffff
ffffffff
ffffffff
ffffffff
ffffffff
ffffffff
ffffffff
ffffffff
ffffffff
ffffffff
ffffffff
ffffffff
ffffffff
ffffffff
ffffffff
ffffffff
ffffffff
ffffffff
ffffffff
ffffffff
